cell_barcode,Cluster
AAACCCAAGATCCCAT-1,Stem F
AAACCCACACGAGGTA-1,Stem F
AAACCCAGTTCGTACA-1,Stem C
AAACCCATCTACGGGC-1,Stem D
AAACGAAGTCCACAGC-1,Stem A
AAACGAATCGAAACAA-1,Stem D
AAACGAATCGGTGCAC-1,Stem B
AAACGAATCTGGCTGG-1,Stem D
AAACGCTAGCACCGTC-1,Stem F
AAACGCTCACCCTAAA-1,Stem D
AAACGCTGTGAATTGA-1,Tegument
AAACGCTGTGACTGTT-1,Stem C
AAACGCTGTTCGCGTG-1,Muscle 1
AAAGAACAGAGTGTGC-1,Parenchyma 1
AAAGAACCACAGTCGC-1,Stem D
AAAGAACGTCCACACG-1,Stem F
AAAGAACGTCTAGTGT-1,Protonephridia
AAAGAACGTGGCTTAT-1,Parenchyma 2
AAAGGATAGAAGGGAT-1,Muscle 1
AAAGGATAGCTGTACT-1,Neuron 4
AAAGGATCACTGCGAC-1,Stem D
AAAGGATCACTTCTCG-1,Stem C
AAAGGATCACTTGACA-1,Muscle 1
AAAGGATCAGTTGTTG-1,Parenchyma 2
AAAGGATTCCTACCAC-1,Stem F
AAAGGATTCTCGCCTA-1,Stem C
AAAGGGCAGACCATAA-1,Stem D
AAAGGGCAGCGATGCA-1,Stem A
AAAGGGCCAATCCAGT-1,Stem F
AAAGGGCCACGTACAT-1,Stem A
AAAGGGCCATCCCACT-1,Stem C
AAAGGGCCATCCTTCG-1,Muscle 1
AAAGGGCCATTGACAC-1,Stem B
AAAGGGCGTCTGTGCG-1,Stem C
AAAGGGCTCACAAGAA-1,Stem D
AAAGGGCTCGAGTACT-1,Stem F
AAAGGGCTCGCTACAA-1,Muscle 1
AAAGGTAAGTCATACC-1,Muscle 1
AAAGGTACACAAGTTC-1,Stem C
AAAGGTATCAGCCTTC-1,Stem F
AAAGGTATCATGCCAA-1,Stem D
AAAGGTATCCTGTACC-1,Muscle 1
AAAGGTATCGCGGTAC-1,Muscle 2
AAAGTCCAGAGCAACC-1,Stem B
AAAGTCCAGCAACCAG-1,Stem B
AAAGTCCAGGGAGGGT-1,Stem C
AAAGTCCAGTGTACAA-1,Stem D
AAAGTCCCAATGTCTG-1,Stem F
AAAGTCCCACCCTATC-1,Stem F
AAAGTCCGTAAGGCTG-1,Neuron 1
AAAGTCCGTATCACGT-1,Muscle 1
AAAGTCCGTGCGGTAA-1,Stem B
AAAGTCCTCCTCTCTT-1,Stem F
AAAGTGAAGCTCCGAC-1,Stem D
AAAGTGACACAGTCGC-1,Muscle 1
AAAGTGACATGGCCCA-1,Muscle 1
AAAGTGAGTAAGATTG-1,Stem F
AAATGGAAGAAGCGAA-1,Parenchyma 1
AAATGGAAGACTCATC-1,Stem F
AAATGGAAGGTGGTTG-1,Stem B
AAATGGACAGACCTAT-1,Parenchyma 1
AAATGGACAGCTCATA-1,Stem F
AAATGGACATCGTGCG-1,Stem A
AAATGGAGTACCGGAA-1,Muscle 1
AAATGGAGTGTCCTAA-1,Muscle 1
AAATGGATCCCTCTAG-1,Muscle 1
AAATGGATCCGTATAG-1,Neuron 4
AACAAAGCACCGGCTA-1,Stem B
AACAAAGGTACGAGCA-1,Stem D
AACAAAGTCAATCTTC-1,Neuron 1
AACAAAGTCGTGCACG-1,Muscle 1
AACAAAGTCTAAGCGT-1,Stem B
AACAACCCATGATAGA-1,Stem C
AACAACCCATTCTCCG-1,Neuron 1
AACAACCGTCCCGGTA-1,Neuron 4
AACAACCGTCCGGCAT-1,Stem G
AACAACCGTTATCCAG-1,Stem C
AACAACCGTTGGCTAT-1,Muscle 2
AACAACCTCACGGTCG-1,Stem A
AACAACCTCGAGAACG-1,Muscle 2
AACAACCTCGCCAGTG-1,Muscle 1
AACAAGAAGATCCTAC-1,Muscle 1
AACAAGAAGCAGCACA-1,Stem C
AACAAGAAGGCACTAG-1,Protonephridia
AACAAGAAGTAGACCG-1,Muscle 1
AACAAGAAGTCGCGAA-1,Stem C
AACAAGACAGTGCGCT-1,Stem A
AACAAGAGTAATGATG-1,Parenchyma 1
AACAAGAGTAGGTACG-1,Stem D
AACAAGAGTCCTGTCT-1,Stem A
AACAAGATCCAAGGGA-1,Stem D
AACAAGATCTATTTCG-1,Muscle 1
AACACACAGAGTTGTA-1,Muscle 1
AACACACCAAGAGTAT-1,Muscle 2
AACACACCACGCAGTC-1,Stem C
AACACACTCAAACCTG-1,Muscle 2
AACAGGGAGATGTTCC-1,Muscle 1
AACAGGGAGATTTGCC-1,Stem F
AACAGGGAGCATAGGC-1,Stem F
AACAGGGAGGAATCGC-1,Muscle 1
AACAGGGCAGTAACGG-1,Stem C
AACAGGGCATGACCCG-1,Stem A
AACAGGGGTCCGGTGT-1,Stem C
AACAGGGGTGATTCAC-1,Stem D
AACAGGGTCCTTATCA-1,Stem A
AACAGGGTCGTACCTC-1,Stem C
AACCAACAGGACAGCT-1,Stem C
AACCAACAGTGCAGCA-1,Stem C
AACCAACAGTTGCCTA-1,Neuron 1
AACCAACCACAGCGCT-1,Muscle 1
AACCAACCACTACTTT-1,Muscle 1
AACCAACCAGCACAGA-1,Stem C
AACCAACGTCTTTATC-1,Parenchyma 1
AACCAACGTGCTAGCC-1,Stem A
AACCAACGTGGCGTAA-1,Stem A
AACCAACTCCTGTAGA-1,Stem F
AACCAACTCGAGAGAC-1,Stem D
AACCACAAGAGCATAT-1,Muscle 1
AACCACAAGCACTGGA-1,Stem A
AACCACAAGCGCCCAT-1,Parenchyma 2
AACCACAAGGTCCTGC-1,Parenchyma 2
AACCACAAGTTCCGGC-1,Stem F
AACCACACAACCACAT-1,Muscle 1
AACCACACAAGCAGGT-1,Parenchyma 2
AACCACAGTCGTATTG-1,Stem F
AACCACATCATGCCAA-1,Stem F
AACCACATCGTTATCT-1,Stem B
AACCACATCTCATGCC-1,Muscle 2
AACCATGAGAGCTTTC-1,Parenchyma 1
AACCATGAGCAATTCC-1,Muscle 2
AACCATGAGGTAGATT-1,Stem A
AACCATGAGTGGGAAA-1,Stem B
AACCATGCACCGCTGA-1,Parenchyma 1
AACCATGCACTTGAGT-1,Parenchyma 1
AACCATGCATACCAGT-1,Stem F
AACCATGTCAAGGTGG-1,Parenchyma 1
AACCATGTCGGTCTAA-1,Protonephridia
AACCCAACAACCGATT-1,Muscle 2
AACCCAAGTGGAGGTT-1,Stem D
AACCCAATCTGGGCGT-1,Stem D
AACCTGAAGAGGCTGT-1,Parenchyma 1
AACCTGAAGCTGTCCG-1,Muscle 1
AACCTGATCTGGTTGA-1,Stem D
AACCTTTAGAAGTGTT-1,Tegument
AACCTTTAGGGTATAT-1,Stem F
AACCTTTCACAACGCC-1,Stem F
AACCTTTTCCAACCGG-1,Parenchyma 1
AACCTTTTCCACCTGT-1,Stem F
AACGAAAAGGCAGGGA-1,Neuron 1
AACGAAAAGGCTTTCA-1,Muscle 1
AACGAAACAGAGAGGG-1,Stem B
AACGAAAGTAACTAAG-1,Parenchyma 2
AACGAAAGTAAGGAGA-1,Parenchyma 2
AACGAAAGTAGGCTCC-1,Stem A
AACGAAAGTCGAATGG-1,Protonephridia
AACGAAATCAGACAAA-1,Stem D
AACGAAATCCTTCTGG-1,Parenchyma 1
AACGAAATCTGCAGCG-1,Muscle 1
AACGGGACAGGCCTGT-1,Stem C
AACGGGAGTCATAACC-1,Stem C
AACGGGATCTGCAGCG-1,Parenchyma 2
AACGTCAAGACTCGAG-1,Stem A
AACGTCAAGTAGATCA-1,Stem A
AACGTCAGTACGAAAT-1,Stem A
AACGTCAGTATACAGA-1,Stem F
AACGTCATCATCGACA-1,Stem D
AACGTCATCCGTAGGC-1,Parenchyma 1
AACGTCATCCTATTGT-1,Stem E
AACTTCTAGGGCAGAG-1,Stem D
AACTTCTAGGGCATGT-1,Stem D
AACTTCTAGTCTTCGA-1,Muscle 2
AACTTCTCAACAGATA-1,Stem F
AACTTCTCAAGCGGAT-1,Stem C
AACTTCTTCACGGTCG-1,Stem C
AACTTCTTCGGCTGGT-1,Muscle 1
AACTTCTTCGTCCTTG-1,Muscle 2
AAGAACAAGCAAGGAA-1,Neuron 1
AAGAACAAGGTCCGAA-1,Stem C
AAGAACAAGTATGACA-1,Neuron 1
AAGAACACAGCAGATG-1,Neuron 1
AAGAACACAGGACAGT-1,Stem D
AAGAACACAGGACTAG-1,Parenchyma 2
AAGAACACATATTCGG-1,Stem A
AAGAACAGTGCAAGAC-1,Stem A
AAGACAAAGACGACTG-1,Parenchyma 1
AAGACAACAACATCGT-1,Neuron 1
AAGACAATCGTCCATC-1,Muscle 1
AAGACTCGTCGATTTG-1,Muscle 1
AAGATAGAGGCTAACG-1,Tegument
AAGATAGCAACCCTCT-1,Parenchyma 2
AAGATAGCACCGAATT-1,Muscle 1
AAGATAGCACTTGGCG-1,Stem A
AAGATAGGTATCGTAC-1,Protonephridia
AAGATAGGTGAGTTTC-1,Stem D
AAGATAGGTGGTATGG-1,Stem C
AAGCATCCAGTATTCG-1,Stem D
AAGCATCTCAACTGGT-1,Tegument
AAGCATCTCATGCCCT-1,Stem A
AAGCCATAGTACTCGT-1,Stem C
AAGCCATCAATTGTGC-1,Muscle 1
AAGCCATCAGCAGTAG-1,Parenchyma 2
AAGCGAGAGACGGTCA-1,Neuron 1
AAGCGAGAGACGTCGA-1,Stem F
AAGCGAGAGATAGTCA-1,Parenchyma 2
AAGCGAGCATGACCCG-1,Neuron 1
AAGCGAGGTCGCAGTC-1,Stem E
AAGCGAGTCCACACCT-1,Stem A
AAGCGAGTCTACTGAG-1,Stem F
AAGCGAGTCTCATTAC-1,Stem C
AAGCGTTAGGCAGGGA-1,Stem D
AAGCGTTCAAGTGACG-1,Stem D
AAGCGTTCATCTATCT-1,Stem C
AAGCGTTTCTGAGGTT-1,Stem C
AAGGAATCAAAGGCTG-1,Neuron 1
AAGGAATCAAGACAAT-1,Stem C
AAGGAATCACCTATCC-1,Muscle 2
AAGGAATCATACCAGT-1,Parenchyma 1
AAGGAATGTCAGTCGC-1,Muscle 1
AAGGTAAAGTAACCGG-1,Stem B
AAGGTAACAAGAGCTG-1,Stem B
AAGGTAATCAACCTTT-1,Stem D
AAGGTAATCAAGCCGC-1,Stem F
AAGTACCAGGAGAGGC-1,Neuron 2
AAGTACCAGTCATGGG-1,Stem C
AAGTACCAGTCTAGAA-1,Parenchyma 1
AAGTACCCAAATGCGG-1,Stem D
AAGTACCCAGACACCC-1,Parenchyma 1
AAGTACCCATCGAGCC-1,Parenchyma 1
AAGTACCTCCATCCGT-1,Neuron 1
AAGTACCTCGGATACT-1,Parenchyma 2
AAGTACCTCTAAGCCA-1,Stem B
AAGTCGTAGAAACTCA-1,Stem E
AAGTCGTAGGTAAGAG-1,Stem C
AAGTCGTCAAACGAGC-1,Stem F
AAGTCGTTCAAGCGTT-1,Muscle 1
AAGTCGTTCGCATTAG-1,Stem F
AAGTCGTTCGCTTACC-1,Muscle 1
AAGTGAAAGCTACAAA-1,Stem E
AAGTGAAAGTCAGAGC-1,Muscle 1
AAGTGAACAAGGTACG-1,Muscle 1
AAGTGAACAATACGAA-1,Stem E
AAGTGAACACCTGAAT-1,Parenchyma 2
AAGTGAACAGGAAGTC-1,Muscle 1
AAGTGAAGTAGCTAAA-1,Stem C
AAGTGAATCGAGAAGC-1,Muscle 1
AAGTGAATCTAGCCAA-1,Stem D
AAGTTCGAGATCACTC-1,Stem F
AAGTTCGGTAGGTACG-1,Tegument
AAGTTCGTCACTGAAC-1,Stem F
AATAGAGAGAATACAC-1,Stem F
AATAGAGAGGTACCTT-1,Neuron 4
AATAGAGCATCATCCC-1,Muscle 1
AATAGAGGTGGAACCA-1,Muscle 1
AATAGAGTCCTTCAGC-1,Stem F
AATAGAGTCGTGCTCT-1,Stem C
AATCACGAGCATTGAA-1,Stem F
AATCACGAGTATGACA-1,Stem F
AATCACGCATGTACGT-1,Stem F
AATCACGGTACATTGC-1,Parenchyma 1
AATCACGGTATGATCC-1,Stem F
AATCACGTCCTAAGTG-1,Stem B
AATCACGTCTCTGCTG-1,Stem F
AATCGACAGCTGACTT-1,Muscle 1
AATCGACCAGTCGGAA-1,Parenchyma 1
AATCGACTCACTCCGT-1,Stem F
AATCGACTCCCGAATA-1,Stem A
AATCGACTCTTTCCGG-1,Parenchyma 2
AATCGTGCACGTAGAG-1,Neuron 1
AATCGTGCATTCCTAT-1,Stem B
AATCGTGGTCGCAACC-1,Muscle 1
AATCGTGGTGTAAACA-1,Stem B
AATGAAGAGGGCCAAT-1,Muscle 1
AATGAAGCACCTGATA-1,Stem F
AATGAAGCATGACACT-1,Muscle 1
AATGAAGTCGACTCCT-1,Stem C
AATGACCAGATAGCAT-1,Parenchyma 2
AATGACCAGGTGCCTC-1,Stem A
AATGACCAGTAGGATT-1,Stem F
AATGACCAGTGCCCGT-1,Stem E
AATGACCCACGGCCAT-1,Stem B
AATGACCGTCGAACAG-1,Stem C
AATGACCGTCTTTCAT-1,Stem B
AATGACCGTGAGGCAT-1,Stem A
AATGACCTCCGGACGT-1,Stem F
AATGACCTCTTAGCAG-1,Stem C
AATGCCAAGACTTCCA-1,Stem C
AATGCCAAGATAGCTA-1,Stem E
AATGCCAAGCGACTGA-1,Muscle 1
AATGCCAGTACCACGC-1,Stem C
AATGCCAGTACCGTGC-1,Stem A
AATGCCAGTCATCCCT-1,Stem F
AATGCCAGTGTTAACC-1,Parenchyma 2
AATGCCAGTTAGTTCG-1,Stem A
AATGCCATCTGGCCGA-1,Stem E
AATGGAAAGAACGCGT-1,Stem C
AATGGAAAGCTTACGT-1,Stem E
AATGGAAAGTTATGGA-1,Stem A
AATGGAACACGACTAT-1,Stem D
AATGGAACAGAGAAAG-1,Neuron 5
AATGGAACATCCCGTT-1,Neuron 1
AATGGAAGTGCTCGTG-1,Protonephridia
AATGGAAGTTCTCGTC-1,Muscle 1
AATGGAATCGACCCAG-1,Parenchyma 2
AATGGAATCGAGCACC-1,Neuron 1
AATGGAATCTGACAGT-1,Parenchyma 1
AATGGAATCTGGGCGT-1,Stem D
AATGGCTGTATCAAGA-1,Stem D
AATGGCTGTTCTAACG-1,Stem A
AATGGCTTCCGTCACT-1,Stem A
AATGGCTTCGCTCCTA-1,Muscle 1
AATTCCTAGCAAGCCA-1,Parenchyma 1
AATTCCTCAAAGGTTA-1,Parenchyma 1
AATTCCTGTACGTTCA-1,Muscle 1
AATTCCTGTGTCGCTG-1,Stem D
AATTCCTTCCGTGTGG-1,Stem F
AATTTCCGTTAGGCTT-1,Muscle 1
AATTTCCTCCCTAGGG-1,Stem F
AATTTCCTCCGAAGGA-1,Protonephridia
ACAAAGAAGAGCCTGA-1,Stem A
ACAAAGAAGCGTGAGT-1,Neuron 1
ACAAAGAAGGCATCGA-1,Stem C
ACAAAGAAGGCGTTAG-1,Stem C
ACAAAGAAGTCAGGGT-1,Parenchyma 1
ACAAAGAGTTTCGGCG-1,Muscle 1
ACAACCAAGTCAAGCG-1,Parenchyma 1
ACAACCACACCCTAGG-1,Parenchyma 2
ACAACCAGTCGGAACA-1,Stem C
ACAACCAGTCTGTGTA-1,Stem D
ACAACCAGTGACCGTC-1,Stem F
ACAACCAGTTCCGCGA-1,Muscle 1
ACAACCATCCCTGGTT-1,Stem A
ACAACCATCGTAGTCA-1,Parenchyma 1
ACAACCATCTCAAAGC-1,Muscle 1
ACAACCATCTCTCCGA-1,Muscle 1
ACAAGCTAGAATCTAG-1,Stem A
ACAAGCTCAACGTTAC-1,Stem D
ACAAGCTCATGAATAG-1,Stem D
ACAAGCTCATTGGGAG-1,Stem F
ACAAGCTGTAGCGTCC-1,Stem C
ACAAGCTGTCTTGCTC-1,Stem C
ACAAGCTGTGAGAACC-1,Parenchyma 2
ACAAGCTGTTGTGCCG-1,Stem C
ACAAGCTGTTTCGATG-1,Stem C
ACAAGCTTCAGCAGAG-1,Neuron 1
ACAAGCTTCCGCTTAC-1,Muscle 1
ACAAGCTTCCTGGCTT-1,Neuron 5
ACAAGCTTCGGTCATA-1,Stem A
ACAAGCTTCTACGGTA-1,Stem F
ACACAGTCACAACCGC-1,Stem B
ACACAGTCACTACGGC-1,Stem C
ACACAGTGTGTATTCG-1,Stem C
ACACAGTTCCTCTAAT-1,Stem F
ACACCAACAAGTGTCT-1,Stem F
ACACCAACAGTCGTTA-1,Muscle 2
ACACCAAGTCTTTCAT-1,Stem A
ACACCAAGTGGAAATT-1,Stem F
ACACCAAGTTCTTGTT-1,Stem F
ACACGCGAGATCACCT-1,Stem C
ACACGCGAGCATCGAG-1,Stem C
ACACGCGCACCTGCTT-1,Stem B
ACACGCGCAGCTGAAG-1,Stem D
ACACGCGGTTTGCCGG-1,Muscle 1
ACACGCGTCATTGAGC-1,Stem E
ACACTGAAGACGGATC-1,Stem C
ACACTGAAGGACAAGA-1,Stem E
ACACTGACAAGACGAC-1,Stem D
ACACTGATCATCCTAT-1,Neuron 1
ACAGAAAAGGAGTACC-1,Stem C
ACAGAAACAGCGACCT-1,Stem A
ACAGAAACATAAGATG-1,Stem F
ACAGAAATCGAGAATA-1,Stem F
ACAGAAATCGCTCATC-1,Muscle 1
ACAGAAATCGTGGGAA-1,Parenchyma 1
ACAGAAATCGTTCAGA-1,Stem B
ACAGCCGAGGTCGTCC-1,Stem D
ACAGCCGCAAAGGGTC-1,Stem B
ACAGCCGCAACTCGAT-1,Neuron 5
ACAGCCGGTAATCAGA-1,Stem A
ACAGCCGGTACCTATG-1,Stem C
ACAGCCGGTAGCACAG-1,Stem C
ACAGCCGGTTCTGACA-1,Stem D
ACAGCCGTCCGATAGT-1,Parenchyma 1
ACAGCCGTCGTTCCTG-1,Neuron 1
ACAGGGAAGGAATCGC-1,Stem C
ACAGGGAAGGAGGGTG-1,Neuron 1
ACAGGGAAGGTAAGGA-1,Stem C
ACAGGGACAGCGTAGA-1,Stem F
ACAGGGAGTGATAGAT-1,Muscle 1
ACAGGGATCAGGAGAC-1,Neuron 4
ACAGGGATCATCCTGC-1,Stem B
ACATCCCCATATAGCC-1,Stem E
ACATCCCCATCGGAGA-1,Stem F
ACATCCCGTACCGGAA-1,Muscle 2
ACATCCCGTAGCGATG-1,Stem F
ACATCCCGTAGTCTGT-1,Muscle 1
ACATCCCGTATAGGGC-1,Stem F
ACATCCCGTGCATTAC-1,Stem F
ACATCCCTCACGATCA-1,Neuron 4
ACATCGAAGCGAGTCA-1,Stem D
ACATCGAAGGGTAATT-1,Stem C
ACATCGAAGTCACTGT-1,Stem F
ACATCGAAGTGACACG-1,Stem A
ACATCGACAAATGCTC-1,Stem A
ACATCGACATCATTTC-1,Protonephridia
ACATCGAGTCGTGGTC-1,Stem D
ACATCGAGTCTTGAGT-1,Stem D
ACATCGATCGATACAC-1,Stem A
ACATCGATCGCTTACC-1,Stem C
ACATCGATCTGCCTCA-1,Stem A
ACATGCAAGATGCTAA-1,Muscle 1
ACATGCAAGGGAGGGT-1,Stem F
ACATGCAAGTGGAATT-1,Stem C
ACATGCACACGAAGAC-1,Stem B
ACATGCAGTTGCACGC-1,Stem F
ACATGCATCACTGGGC-1,Muscle 1
ACATGCATCTGCACCT-1,Muscle 1
ACATTTCAGAGCCCAA-1,Stem D
ACATTTCAGCGAGTAC-1,Parenchyma 1
ACATTTCAGCGCTGCT-1,Stem D
ACATTTCAGGGTCAAC-1,Stem C
ACATTTCTCGGCTATA-1,Stem B
ACATTTCTCTGCCTCA-1,Parenchyma 1
ACCAAACAGATGGGCT-1,Muscle 1
ACCAAACAGCTCTTCC-1,Stem C
ACCAAACAGGCACAAC-1,Stem F
ACCAAACCACTCCGAG-1,Neuron 5
ACCAAACCAGAGCTAG-1,Parenchyma 1
ACCAAACCAGTCGCTG-1,Stem C
ACCAAACGTATCCTTT-1,Stem C
ACCAAACGTGGATTTC-1,Stem C
ACCAAACTCACTTGTT-1,Stem F
ACCAAACTCCCGAGTG-1,Stem F
ACCAAACTCCGAAGGA-1,Muscle 2
ACCAAACTCCTGGGTG-1,Muscle 1
ACCAAACTCTGTCGCT-1,Stem D
ACCAACAAGAGGTATT-1,Protonephridia
ACCAACAAGCTGTCCG-1,Stem F
ACCAACAAGGAGAGTA-1,Protonephridia
ACCAACAAGTCAGAGC-1,Stem D
ACCAACACAACGATTC-1,Muscle 1
ACCAACACACGATAGG-1,Parenchyma 1
ACCAACAGTCCCTGTT-1,Protonephridia
ACCAACAGTCCTCCTA-1,Parenchyma 2
ACCAACAGTGGAGAAA-1,Neuron 4
ACCAACAGTTCCGCAG-1,Stem D
ACCAACAGTTGATGTC-1,Parenchyma 1
ACCAACATCTCACCCA-1,Stem F
ACCACAAAGATCACCT-1,Protonephridia
ACCACAAAGTTCACTG-1,Protonephridia
ACCACAACACGCAGTC-1,Stem B
ACCACAACAGGACTAG-1,Stem C
ACCACAAGTGCCGGTT-1,Muscle 1
ACCATTTAGAATCCCT-1,Muscle 1
ACCATTTGTTGATCGT-1,Stem C
ACCATTTTCGTAGTGT-1,Stem A
ACCATTTTCTCTATAC-1,Muscle 1
ACCATTTTCTTACTGT-1,Protonephridia
ACCCAAAAGATAGGGA-1,Neuron 4
ACCCAAAAGCAAGTCG-1,Parenchyma 1
ACCCAAAAGGTAACTA-1,Stem F
ACCCAAACACGGCACT-1,Stem B
ACCCAAACATCGGCCA-1,Stem A
ACCCAAAGTCACTGAT-1,Stem C
ACCCAAAGTGGATCAG-1,Stem A
ACCCAAATCATTACTC-1,Muscle 1
ACCCAAATCCATCAGA-1,Stem A
ACCCAAATCGTCGGGT-1,Stem F
ACCCTCACAATCCTTT-1,Muscle 2
ACCCTCACACTCACTC-1,Stem B
ACCCTCATCGACCATA-1,Tegument
ACCCTTGAGGGAGGCA-1,Muscle 2
ACCCTTGCACAACGCC-1,Stem C
ACCCTTGCACCTTCCA-1,Stem B
ACCCTTGCATCAGCAT-1,Stem A
ACCCTTGCATCTCGTC-1,Stem C
ACCCTTGGTCAGGCAA-1,Muscle 1
ACCGTTCAGAGTAACT-1,Stem C
ACCGTTCAGGTAGATT-1,Stem D
ACCGTTCGTACGATGG-1,Stem D
ACCGTTCGTGGGACAT-1,Stem D
ACCGTTCGTTCTCTAT-1,Tegument
ACCGTTCGTTGCATGT-1,Stem A
ACCGTTCTCAGGACGA-1,Stem F
ACCGTTCTCCCGAAAT-1,Stem C
ACCGTTCTCCTAGCGG-1,Muscle 1
ACCGTTCTCTTGGAAC-1,Stem D
ACCTACCAGGCACGAT-1,Stem C
ACCTACCCAACGGTAG-1,Stem F
ACCTACCGTCATTCCC-1,Muscle 1
ACCTACCGTGTCGATT-1,Stem D
ACCTGAAAGACTGAGC-1,Stem D
ACCTGAACAACCGCCA-1,Stem D
ACCTGAAGTGAGAACC-1,Stem F
ACCTGAATCCCAAGCG-1,Stem C
ACCTGAATCTCGTGAA-1,Neuron 1
ACCTGTCAGCGATTCT-1,Stem B
ACCTGTCCAGGATTCT-1,Stem A
ACCTGTCGTAACTTCG-1,Neuron 1
ACCTGTCGTCGTCAGC-1,Protonephridia
ACCTGTCTCCAAGCCG-1,Neuron 1
ACCTGTCTCGGCATTA-1,Stem F
ACGATCAAGCGATTCT-1,Stem F
ACGATCAAGTCACGAG-1,Stem C
ACGATCAGTCTCGGAC-1,Stem D
ACGATCAGTGGATACG-1,Stem D
ACGATGTAGCTCATAC-1,Stem C
ACGATGTCAAATCAAG-1,Muscle 1
ACGATGTGTGCATTTG-1,Stem D
ACGATGTGTTGCGTAT-1,Stem F
ACGCACGAGAGAGAAC-1,Stem D
ACGCACGAGGCTGAAC-1,Stem F
ACGCACGAGTGCCCGT-1,Stem C
ACGCACGGTTTCGGCG-1,Stem F
ACGCACGTCCACATAG-1,Muscle 1
ACGGAAGAGAAATTCG-1,Stem C
ACGGAAGGTACCCACG-1,Muscle 1
ACGGAAGGTCTGGTTA-1,Muscle 1
ACGGAAGTCATCGGGC-1,Stem E
ACGGAAGTCGGAGTAG-1,Stem A
ACGGAAGTCTTTCCAA-1,Stem E
ACGGGTCAGACGACGT-1,Muscle 2
ACGGGTCCATCCGTGG-1,Neuron 1
ACGGGTCCATTGTACG-1,Stem F
ACGGGTCGTCCCGTGA-1,Neuron 1
ACGGTCGAGAGCCATG-1,Stem B
ACGGTCGAGGCCTAAG-1,Stem D
ACGGTCGCAAACCATC-1,Muscle 1
ACGGTCGGTAAGCTCT-1,Muscle 1
ACGGTCGGTAGTCCTA-1,Parenchyma 2
ACGGTCGGTATGTCCA-1,Stem C
ACGGTCGGTTCGAGCC-1,Stem D
ACGGTCGTCTCAACGA-1,Stem C
ACGGTTACAACGTTAC-1,Stem A
ACGGTTAGTGGCTGCT-1,Muscle 1
ACGGTTAGTTGCGGAA-1,Stem E
ACGGTTATCTTCTGTA-1,Muscle 1
ACGTAACAGCCGTTGC-1,Stem B
ACGTAACAGGAGAGGC-1,Stem C
ACGTAACCAACAGCCC-1,Muscle 1
ACGTAACCACACCGAC-1,Stem B
ACGTAACCATAACCCA-1,Muscle 1
ACGTAACTCTATCACT-1,Muscle 1
ACGTACAAGAGTTGAT-1,Parenchyma 2
ACGTACAAGTAAGACT-1,Stem C
ACGTACAGTAGACTGG-1,Stem D
ACGTACAGTATCGAGG-1,Muscle 1
ACGTACATCAGGTGTT-1,Muscle 1
ACGTAGTCAGCCTACG-1,Stem F
ACGTAGTGTATGCTAC-1,Stem D
ACGTAGTGTTCCAAAC-1,Neuron 1
ACGTAGTTCAAGGCTT-1,Muscle 1
ACGTAGTTCGACCACG-1,Muscle 1
ACGTCCTAGACGGAAA-1,Muscle 2
ACGTCCTAGAGAGGGC-1,Muscle 1
ACGTCCTAGATGAATC-1,Muscle 1
ACGTCCTAGGTACCTT-1,Stem F
ACGTCCTCAGTTGTCA-1,Stem A
ACGTCCTGTTGTTGAC-1,Muscle 2
ACGTCCTTCAGCTTGA-1,Stem F
ACGTCCTTCCTCAGGG-1,Muscle 1
ACGTTCCCAAACCGGA-1,Stem C
ACGTTCCCAGAAGCTG-1,Stem C
ACGTTCCGTGCGAACA-1,Stem D
ACGTTCCGTTCAAGGG-1,Neuron 5
ACGTTCCGTTCACGAT-1,Stem B
ACGTTCCTCAACCTCC-1,Muscle 2
ACGTTCCTCAACGTGT-1,Stem A
ACGTTCCTCATTGTTC-1,Parenchyma 1
ACTACGAAGAGGCTGT-1,Stem F
ACTACGACATGGAGAC-1,Stem B
ACTACGATCCGTATAG-1,Muscle 2
ACTACGATCGGCCAAC-1,Stem D
ACTATCTAGCTACAAA-1,Parenchyma 1
ACTATCTGTTATGACC-1,Stem F
ACTATCTGTTCGTAAC-1,Parenchyma 1
ACTATCTGTTGAGAGC-1,Muscle 1
ACTATGGAGGCCTTCG-1,Stem B
ACTATGGAGTTCCATG-1,Stem D
ACTATGGCAACTGTGT-1,Neuron 1
ACTATGGGTAGGAAAG-1,Neuron 1
ACTATTCAGCTCGCAC-1,Muscle 1
ACTATTCCACAGCGCT-1,Stem B
ACTATTCCATGATAGA-1,Stem D
ACTCCCAGTACCACGC-1,Parenchyma 2
ACTCCCAGTCCGTTTC-1,Stem C
ACTCCCATCCGATCTC-1,Stem F
ACTCCCATCTGGGCGT-1,Parenchyma 1
ACTCTCGCAAACTCGT-1,Stem C
ACTCTCGCAAGCCATT-1,Parenchyma 1
ACTCTCGTCATAGGCT-1,Stem A
ACTCTCGTCCATCAGA-1,Stem C
ACTCTCGTCTTACACT-1,Muscle 2
ACTGATGCACCACATA-1,Muscle 1
ACTGATGGTAGGCTCC-1,Protonephridia
ACTGATGGTCTCCTGT-1,Muscle 2
ACTGATGGTCTCGCGA-1,Stem A
ACTGATGTCAAGAATG-1,Stem F
ACTGATGTCTGTCTCG-1,Parenchyma 1
ACTGCAAAGTTGCTCA-1,Neuron 1
ACTGCAAAGTTGCTGT-1,Stem A
ACTGCAACACACCGCA-1,Muscle 1
ACTGCAACAGGTTCCG-1,Stem C
ACTGCAAGTAGCCCTG-1,Parenchyma 1
ACTGCAATCAGTGGGA-1,Muscle 1
ACTGCAATCCTACACC-1,Muscle 2
ACTGTCCAGAGAGTTT-1,Muscle 1
ACTGTCCAGCCACAAG-1,Stem F
ACTGTCCAGGTCATCT-1,Muscle 1
ACTGTCCCACTAACGT-1,Stem D
ACTGTCCGTAATCAGA-1,Stem B
ACTGTCCTCAGCATTG-1,Stem A
ACTGTCCTCGTAACAC-1,Stem F
ACTGTCCTCTATCACT-1,Protonephridia
ACTGTCCTCTCGTGGG-1,Stem B
ACTGTGAAGCTGTCCG-1,Stem F
ACTGTGAAGGTTACAA-1,Neuron 1
ACTGTGACAAGAATGT-1,Muscle 1
ACTGTGACAATGTTGC-1,Muscle 1
ACTGTGAGTTTCGTTT-1,Stem F
ACTGTGATCTCCGAAA-1,Stem D
ACTTAGGAGAGATTCA-1,Muscle 2
ACTTAGGAGTCGAAGC-1,Stem F
ACTTAGGCAACCTATG-1,Stem F
ACTTAGGCAAGTGGTG-1,Stem A
ACTTAGGCAATCGTCA-1,Neuron 1
ACTTAGGCACAAGTTC-1,Neuron 4
ACTTAGGTCCTCAGGG-1,Parenchyma 1
ACTTAGGTCGCACGGT-1,Parenchyma 2
ACTTATCCAAAGAGTT-1,Stem D
ACTTATCGTTTAGAGA-1,Stem C
ACTTATCTCCGTAATG-1,Neuron 1
ACTTATCTCGGTTCAA-1,Stem F
ACTTCCGAGATGCCGA-1,Tegument
ACTTCCGAGATGGGCT-1,Stem C
ACTTCCGCATGAGTAA-1,Stem A
ACTTCCGTCCAACCGG-1,Stem F
ACTTCCGTCGTCAACA-1,Stem D
ACTTCCGTCGTTGTGA-1,Stem F
ACTTCGCAGAGACAAG-1,Stem B
ACTTCGCAGCAACTTC-1,Stem A
ACTTCGCAGTTGAAAC-1,Stem C
ACTTCGCCAAGGAGTC-1,Parenchyma 1
ACTTCGCCACATAACC-1,Muscle 2
ACTTCGCGTCTAGGTT-1,Protonephridia
ACTTCGCTCTTCCCGA-1,Parenchyma 1
ACTTTCACAGCTGCCA-1,Stem A
ACTTTCAGTAATGTGA-1,Muscle 1
ACTTTCAGTCAGTTTG-1,Stem A
ACTTTCATCCATGATG-1,Stem F
ACTTTGTAGCATTTGC-1,Stem C
ACTTTGTAGGCGTCCT-1,Parenchyma 1
ACTTTGTCACGGGCTT-1,Neuron 1
ACTTTGTCACTAGAGG-1,Stem B
ACTTTGTGTAACTTCG-1,Neuron 1
ACTTTGTGTGACTCGC-1,Stem F
ACTTTGTTCTAGTGAC-1,Neuron 4
AGAAATGAGGTCTACT-1,Stem A
AGAAATGAGTCTGCGC-1,Stem A
AGAAATGCAAGGTCAG-1,Neuron 4
AGAAATGCAATTTCTC-1,Muscle 1
AGAAATGGTCCGAAGA-1,Muscle 1
AGAAATGTCCACCCTA-1,Muscle 1
AGAAATGTCCCATTCG-1,Parenchyma 1
AGAAATGTCTGCATAG-1,Stem F
AGAACAAAGCAAATCA-1,Stem A
AGAACAAAGGCCTGCT-1,Muscle 1
AGAACAACAGTTAGAA-1,Neuron 4
AGAACAACAGTTGCGC-1,Stem C
AGAACAAGTGTAAACA-1,Stem E
AGAACAATCAAGAATG-1,Muscle 1
AGAACCTAGGAGATAG-1,Parenchyma 1
AGAACCTCAACGGGTA-1,Stem C
AGAACCTGTCTCTCCA-1,Stem C
AGAACCTTCAACCTTT-1,Muscle 1
AGAAGCGAGCCTAACT-1,Stem F
AGAAGCGAGCGAGGAG-1,Parenchyma 2
AGAAGCGAGTAGGATT-1,Parenchyma 2
AGAAGCGCAGAGGTTG-1,Stem B
AGAAGCGCAGCGTAGA-1,Stem F
AGAAGCGGTACACTCA-1,Parenchyma 1
AGAAGCGGTCGAGATG-1,Protonephridia
AGAAGCGGTCGCATTA-1,Parenchyma 1
AGAAGTAAGCAACTTC-1,Muscle 1
AGAAGTAAGTTTCGGT-1,Stem F
AGACAAAAGCCACTCG-1,Stem D
AGACAAAAGGGATCAC-1,Stem F
AGACAAACAGGACATG-1,Stem B
AGACAAACAGGGAGAG-1,Stem D
AGACAAACATCTTCGC-1,Stem F
AGACAAACATTGAAAG-1,Stem E
AGACAAAGTCAGTCCG-1,Stem A
AGACAAAGTCCCGGTA-1,Stem F
AGACAAAGTGCCAAGA-1,Stem C
AGACAAATCACGGACC-1,Stem C
AGACACTAGCATTGAA-1,Muscle 2
AGACACTAGCGCCTTG-1,Stem D
AGACACTGTGGTTCTA-1,Stem C
AGACACTGTTCGTGCG-1,Stem B
AGACACTTCATTTGGG-1,Stem F
AGACACTTCCACTGGG-1,Stem C
AGACACTTCCGTAGTA-1,Stem E
AGACACTTCTCAATCT-1,Stem A
AGACACTTCTTCTGTA-1,Stem A
AGACAGGAGAGGGTCT-1,Stem B
AGACAGGAGTCTAACC-1,Stem C
AGACAGGCACTTCATT-1,Stem F
AGACAGGGTATCGTTG-1,Stem B
AGACAGGGTGTAAATG-1,Stem F
AGACAGGTCAGCGTCG-1,Protonephridia
AGACAGGTCCATATGG-1,Stem D
AGACAGGTCCCTTGGT-1,Protonephridia
AGACAGGTCTGGTCAA-1,Neuron 4
AGACCATCAGAACCGA-1,Muscle 1
AGACCATCATGGACAG-1,Muscle 2
AGACCATGTACAGCGA-1,Stem F
AGACCATTCGTCCTTG-1,Stem F
AGACCCGAGACTGGGT-1,Stem D
AGACCCGAGGGTCAAC-1,Stem B
AGACCCGAGGTGGCTA-1,Stem D
AGACCCGAGTCCCGAC-1,Muscle 1
AGACCCGAGTGAGGTC-1,Neuron 5
AGACCCGCAGTAACGG-1,Stem D
AGACCCGGTCAGCTTA-1,Stem C
AGACCCGGTCTGCCTT-1,Muscle 1
AGACCCGTCACTGAAC-1,Stem D
AGACTCAAGAATTTGG-1,Neuron 1
AGACTCAAGCCTTTCC-1,Stem F
AGACTCACAAACAGGC-1,Stem F
AGACTCACAGAGTTGG-1,Parenchyma 2
AGACTCAGTAGGACTG-1,Neuron 1
AGACTCAGTAGGATAT-1,Parenchyma 2
AGACTCAGTCGAAACG-1,Neuron 1
AGACTCAGTCGACGCT-1,Stem F
AGACTCAGTCTTTCTA-1,Muscle 2
AGACTCAGTGATACCT-1,Muscle 1
AGACTCATCGTCTACC-1,Muscle 1
AGAGAATCAAGCGCAA-1,Muscle 1
AGAGAATCAGAGAGGG-1,Stem C
AGAGAATCATGGAAGC-1,Muscle 1
AGAGAATGTCTACGAT-1,Stem C
AGAGAATTCAGCCTCT-1,Muscle 1
AGAGAATTCGAGCACC-1,Stem D
AGAGAATTCTGTCTCG-1,Muscle 1
AGAGAGCAGGATCACG-1,Stem A
AGAGAGCCAACCGTGC-1,Parenchyma 2
AGAGAGCCAAGCCCAC-1,Stem D
AGAGAGCGTGCAGTGA-1,Stem C
AGAGAGCGTTACCCAA-1,Stem F
AGAGAGCTCCAGTGTA-1,Stem B
AGAGAGCTCGGAGCAA-1,Stem D
AGAGCAGAGCCTAACT-1,Stem D
AGAGCAGTCACAAGGG-1,Muscle 1
AGAGCCCAGATTGTGA-1,Stem B
AGAGCCCCAAACCACT-1,Stem B
AGAGCCCCACAGACGA-1,Stem B
AGAGCCCTCCCGTAAA-1,Stem A
AGAGCCCTCGATCCCT-1,Stem F
AGAGCCCTCGTAGCTA-1,Parenchyma 1
AGAGCCCTCTGGCCGA-1,Stem B
AGATAGAAGCAACTTC-1,Stem B
AGATAGAAGGTAGGCT-1,Muscle 1
AGATAGAAGTCATCGT-1,Stem F
AGATAGAAGTGGACGT-1,Stem F
AGATAGACACAACCGC-1,Parenchyma 1
AGATAGACACAGGATG-1,Parenchyma 2
AGATAGACAGAGGTAC-1,Muscle 1
AGATAGATCTATACTC-1,Stem F
AGATCCAAGAACTTCC-1,Stem A
AGATCCAAGAGGTATT-1,Stem D
AGATCCAAGGTGGGTT-1,Stem F
AGATCCACAAGTACCT-1,Stem F
AGATCCACATACATCG-1,Stem C
AGATCCACATCAACCA-1,Muscle 1
AGATCCAGTGATAGTA-1,Stem F
AGATCCAGTGGACTGA-1,Parenchyma 1
AGATCCAGTGGATTTC-1,Stem F
AGATCCATCCACGTAA-1,Muscle 1
AGATCCATCGGCTGTG-1,Parenchyma 1
AGATCCATCTGGAGAG-1,Muscle 1
AGATCGTAGTCACAGG-1,Stem C
AGATCGTCATTGTAGC-1,Stem F
AGATCGTGTACGTAGG-1,Stem D
AGATCGTGTCAGGTGA-1,Stem C
AGATCGTTCCAACACA-1,Stem C
AGATCGTTCGAACGGA-1,Stem A
AGATCGTTCTCCGTGT-1,Parenchyma 1
AGATCGTTCTCGTTTA-1,Stem D
AGATGAACAAACTGCT-1,Muscle 1
AGATGAAGTCTCAGAT-1,Neuron 1
AGATGAAGTCTGATAC-1,Stem F
AGATGAAGTTAAGGGC-1,Protonephridia
AGATGAATCAAGGACG-1,Muscle 1
AGATGAATCATCTCTA-1,Parenchyma 1
AGATGAATCTGGAAGG-1,Stem C
AGATGCTAGGTGGCTA-1,Muscle 1
AGATGCTCACCCATAA-1,Stem F
AGATGCTGTATGACAA-1,Muscle 1
AGATGCTGTGGCATCC-1,Stem F
AGATGCTTCCCGGTAG-1,Parenchyma 2
AGATGCTTCGACCTAA-1,Stem C
AGCATCAAGGCACGAT-1,Neuron 4
AGCATCAAGGTGCGAT-1,Stem A
AGCATCACAATACCCA-1,Muscle 1
AGCATCAGTCCCAAAT-1,Stem E
AGCATCAGTGTATCCA-1,Muscle 1
AGCATCATCAGCAGAG-1,Stem D
AGCCAATAGTCTGTAC-1,Muscle 2
AGCCAATAGTGGCGAT-1,Stem A
AGCCAATGTTTACCTT-1,Stem F
AGCCAATTCTTACGGA-1,Stem F
AGCCACGAGCCTCATA-1,Stem A
AGCCACGCAGTTGTCA-1,Parenchyma 1
AGCCACGCATATGGCT-1,Parenchyma 1
AGCCACGGTAGCTCGC-1,Stem D
AGCCAGCAGCCTGAAG-1,Stem B
AGCCAGCAGCCTGGAA-1,Stem C
AGCCAGCCAACTTGCA-1,Stem F
AGCCAGCCAATGCTCA-1,Stem A
AGCCAGCCACACAGAG-1,Stem B
AGCCAGCCACGAGGAT-1,Stem A
AGCCAGCCATCCGGCA-1,Muscle 1
AGCCAGCGTACAAGTA-1,Stem F
AGCCAGCGTCCAGGTC-1,Stem C
AGCCAGCGTCTCGACG-1,Muscle 1
AGCCAGCTCTTTGATC-1,Muscle 1
AGCGATTAGATTGACA-1,Stem B
AGCGATTAGCCAGACA-1,Stem C
AGCGATTAGCTGGTGA-1,Stem C
AGCGATTAGGTCTTTG-1,Stem F
AGCGATTCACGACGAA-1,Stem E
AGCGATTCATGAATAG-1,Muscle 1
AGCGATTGTTTAGTCG-1,Stem F
AGCGATTTCCCTCGAT-1,Stem B
AGCGATTTCCTACCGT-1,Stem E
AGCGCCAAGAGTTGTA-1,Stem C
AGCGCCAAGTGCTCAT-1,Stem B
AGCGCCACAAGACGAC-1,Stem A
AGCGCCACAAGAGTAT-1,Stem B
AGCGCCACACGCAGTC-1,Stem F
AGCGCCACAGGACGAT-1,Muscle 1
AGCGCCAGTAATCAGA-1,Stem B
AGCGCCAGTGACACAG-1,Muscle 1
AGCGCCAGTGATTCTG-1,Stem F
AGCGCTGAGCATCCCG-1,Stem A
AGCGCTGCAATACGCT-1,Protonephridia
AGCGCTGCAGACGATG-1,Muscle 2
AGCGCTGCAGGCGATA-1,Stem B
AGCGCTGCATACAGAA-1,Muscle 1
AGCGCTGGTTAGGACG-1,Stem F
AGCGCTGTCGCCGATG-1,Stem C
AGCGTATAGCACTAGG-1,Stem C
AGCGTATAGGTTCTAC-1,Muscle 2
AGCGTATCACAGCTGC-1,Neuron 1
AGCGTATCAGTCAGCC-1,Stem C
AGCGTATGTTCCTAGA-1,Stem F
AGCGTATTCTCCTACG-1,Parenchyma 2
AGCGTCGCACTTGGGC-1,Protonephridia
AGCGTCGGTCGTGTTA-1,Parenchyma 1
AGCGTCGTCCACGTAA-1,Stem E
AGCGTCGTCTCCAATT-1,Stem C
AGCTACAAGACGAGCT-1,Stem A
AGCTACACAAGTTGGG-1,Muscle 1
AGCTACATCACTCCGT-1,Stem C
AGCTACATCCAGCAAT-1,Muscle 1
AGCTACATCTGTAACG-1,Muscle 1
AGCTCAAAGATTGCGG-1,Muscle 2
AGCTCAAAGGTACAAT-1,Stem F
AGCTCAACACACCTAA-1,Stem B
AGCTCAAGTAAGGAGA-1,Stem D
AGCTCAAGTACCAGAG-1,Stem C
AGCTCAAGTCACCCTT-1,Stem F
AGCTCAAGTTTGGAAA-1,Muscle 1
AGCTCAATCACTTTGT-1,Neuron 1
AGCTCAATCTCTGCCA-1,Stem A
AGCTTCCAGCCTCTTC-1,Stem B
AGCTTCCAGCGTTACT-1,Stem F
AGCTTCCAGTTTAGGA-1,Parenchyma 1
AGCTTCCCAATCGCAT-1,Stem F
AGCTTCCCACAATCTG-1,Stem C
AGCTTCCCATCCAACA-1,Stem C
AGCTTCCGTAATGTGA-1,Neuron 1
AGCTTCCGTACGTGAG-1,Stem F
AGCTTCCGTATGATCC-1,Stem F
AGGAAATAGCGACTGA-1,Stem F
AGGAAATCAAGTGGCA-1,Stem C
AGGAAATCACCCTCTA-1,Stem C
AGGAAATCAGGAGACT-1,Muscle 1
AGGAAATCAGGTGAGT-1,Stem A
AGGAAATCATCGGAAG-1,Stem E
AGGAAATGTCCTACAA-1,Stem F
AGGAAATTCGGTCACG-1,Stem D
AGGAAATTCTGTCGTC-1,Stem B
AGGAATAAGATGTTAG-1,Muscle 1
AGGAATAAGCTAGTTC-1,Stem F
AGGAATAAGGAAAGTG-1,Stem F
AGGAATAAGGATTCCT-1,Muscle 2
AGGAATACACCCTAAA-1,Stem F
AGGAATACAGTTAGAA-1,Muscle 1
AGGAATACATTGAGCT-1,Stem A
AGGAATAGTCAACATC-1,Muscle 1
AGGAATAGTTAGGCCC-1,Stem F
AGGAATAGTTGGACTT-1,Stem F
AGGAATATCAACCTTT-1,Muscle 1
AGGAATATCGAGCACC-1,Stem D
AGGACGAAGGCGCTCT-1,Parenchyma 1
AGGACGAAGGGAACAA-1,Parenchyma 1
AGGACGAGTACAGGTG-1,Muscle 1
AGGACGAGTACGGGAT-1,Stem F
AGGACGATCACCCTCA-1,Stem C
AGGACGATCTTCCTAA-1,Muscle 1
AGGACTTAGGATTCCT-1,Stem F
AGGACTTAGGCTAGCA-1,Muscle 2
AGGACTTAGTTCATCG-1,Stem D
AGGACTTCAGTAACAA-1,Muscle 1
AGGACTTCATACTGTG-1,Stem C
AGGACTTTCCATGAGT-1,Stem B
AGGACTTTCTGCGTCT-1,Stem B
AGGAGGTAGCATCTTG-1,Stem C
AGGAGGTAGTAGATCA-1,Stem F
AGGAGGTCAAAGGCTG-1,Stem D
AGGAGGTCACGGAAGT-1,Muscle 1
AGGAGGTCAGCCCACA-1,Muscle 1
AGGAGGTGTATACCTG-1,Stem F
AGGAGGTGTGGTCTAT-1,Stem C
AGGAGGTTCCTCTAGC-1,Stem B
AGGAGGTTCTCCTGCA-1,Stem A
AGGATAAGTAGCTTAC-1,Parenchyma 2
AGGATAATCATTCCTA-1,Stem D
AGGATAATCCCAGGAC-1,Stem F
AGGATAATCTTGAGCA-1,Muscle 2
AGGATCTAGATGGCGT-1,Stem D
AGGATCTAGCGTCAAG-1,Stem F
AGGATCTCAGCTATAC-1,Muscle 1
AGGATCTTCTAGGCCG-1,Muscle 1
AGGCATTAGCGCCTAC-1,Parenchyma 1
AGGCATTAGGGTAATT-1,Muscle 1
AGGCATTCAAGCTGCC-1,Stem A
AGGCATTCACGGTAGA-1,Stem B
AGGCATTGTTAAACCC-1,Stem A
AGGCATTTCATCTATC-1,Stem A
AGGCCACAGATTGAGT-1,Stem D
AGGCCACAGCCTCATA-1,Stem F
AGGCCACGTGATACTC-1,Muscle 2
AGGCCACTCAGGACGA-1,Muscle 1
AGGCCACTCCCGTTCA-1,Stem F
AGGCCACTCTGGGCAC-1,Parenchyma 2
AGGCTGCGTATCTCTT-1,Muscle 1
AGGCTGCTCCACTAGA-1,Stem B
AGGCTGCTCTGAGTCA-1,Stem B
AGGGAGTAGGTTCTAC-1,Neuron 1
AGGGCCTAGGTCGTCC-1,Stem A
AGGGCCTAGGTTGAGC-1,Muscle 1
AGGGCCTCACACGGAA-1,Stem D
AGGGCCTCAGGGAGAG-1,Stem A
AGGGCCTCAGTGTGCC-1,Stem C
AGGGCCTGTAAGTTAG-1,Stem C
AGGGCCTGTGGCCACT-1,Stem F
AGGGCTCAGTGAGGCT-1,Stem F
AGGGCTCCAAGTACCT-1,Stem C
AGGGCTCCAGACTCTA-1,Muscle 1
AGGGCTCCATCGTGGC-1,Stem D
AGGGCTCGTGATTCTG-1,Stem A
AGGGCTCGTTAAAGTG-1,Stem D
AGGGTCCAGACTCAAA-1,Stem A
AGGGTCCCAGAAGCTG-1,Stem C
AGGGTCCCAGTGCGCT-1,Stem B
AGGGTCCGTAGTCGTT-1,Stem F
AGGGTCCGTTCAGTAC-1,Stem F
AGGGTCCTCAACGAGG-1,Stem D
AGGGTCCTCGGCCTTT-1,Stem C
AGGGTGAAGACTACCT-1,Stem B
AGGGTGAAGCTGCCTG-1,Stem E
AGGGTGAAGTCATACC-1,Protonephridia
AGGGTGACACATAGCT-1,Neuron 1
AGGGTGAGTACAGTCT-1,Parenchyma 1
AGGGTGAGTGACGTCC-1,Muscle 1
AGGGTGATCCGTGGTG-1,Stem B
AGGGTGATCGTAACTG-1,Stem F
AGGGTTTAGACGCCCT-1,Parenchyma 1
AGGGTTTAGTGTACAA-1,Stem B
AGGGTTTCAATTGCGT-1,Stem C
AGGGTTTGTATTGCCA-1,Parenchyma 1
AGGGTTTGTCGCATTA-1,Stem C
AGGTAGGCAATTGAGA-1,Stem C
AGGTAGGCATAATGAG-1,Stem A
AGGTAGGGTCAGACTT-1,Parenchyma 1
AGGTAGGTCCTTATGT-1,Muscle 1
AGGTCATAGAGTCTGG-1,Neuron 1
AGGTCATAGCTTGTTG-1,Stem A
AGGTCATAGTATAACG-1,Muscle 1
AGGTCATGTCGCGTCA-1,Stem A
AGGTCATGTGCCTGAC-1,Stem F
AGGTCATGTGTTATCG-1,Parenchyma 1
AGGTCTAAGACAAGCC-1,Stem C
AGGTCTACAAAGGAGA-1,Stem B
AGGTCTACACAACGCC-1,Stem C
AGGTCTACACAGTACT-1,Muscle 1
AGGTCTACAGCAGTGA-1,Stem C
AGGTCTAGTTGCATTG-1,Stem A
AGGTCTAGTTTGTTCT-1,Stem C
AGGTGTTAGTGGCGAT-1,Stem F
AGGTGTTCACACAGCC-1,Muscle 2
AGGTGTTCAGCGTGCT-1,Protonephridia
AGGTGTTGTCACTCAA-1,Stem C
AGGTGTTTCAATCGGT-1,Muscle 2
AGGTGTTTCAATGCAC-1,Stem F
AGGTGTTTCTTGCGCT-1,Parenchyma 1
AGGTTACAGATAGTCA-1,Stem F
AGGTTACAGGCTTAGG-1,Stem D
AGGTTACCAACCGATT-1,Stem A
AGGTTACCAACTTGGT-1,Stem A
AGGTTACGTACGATTC-1,Stem D
AGGTTACGTTGATGTC-1,Parenchyma 1
AGGTTACTCCGATCTC-1,Stem A
AGGTTACTCTTCGCTG-1,Stem A
AGGTTGTAGCATCCCG-1,Stem A
AGGTTGTGTACTGAGG-1,Stem D
AGGTTGTGTGTATTCG-1,Tegument
AGGTTGTTCGGTCGGT-1,Stem B
AGGTTGTTCTAGCAAC-1,Stem B
AGTAACCAGATAGCAT-1,Muscle 1
AGTAACCAGGTACCTT-1,Stem F
AGTAACCCAACAGATA-1,Muscle 1
AGTAACCGTAACAAGT-1,Neuron 4
AGTAACCGTACTAACC-1,Parenchyma 1
AGTAACCGTCCACAGC-1,Stem A
AGTAACCGTCCACGCA-1,Muscle 1
AGTAACCGTTATCTTC-1,Stem D
AGTACCAAGTGAGCCA-1,Stem C
AGTACCAGTGCATTAC-1,Stem C
AGTACCAGTTGTGTAC-1,Stem C
AGTACCATCTTAGTTC-1,Stem F
AGTACTGAGCAGATAT-1,Stem E
AGTACTGCACACCAGC-1,Stem C
AGTACTGCACGACCTG-1,Muscle 1
AGTACTGGTAAGCTCT-1,Muscle 2
AGTACTGTCAGTGGGA-1,Muscle 1
AGTACTGTCCGACAGC-1,Stem F
AGTAGCTAGTATCCTG-1,Stem D
AGTAGCTCACGCACCA-1,Stem C
AGTAGTCAGATGAAGG-1,Stem A
AGTAGTCAGCGTGTCC-1,Stem C
AGTAGTCCAAAGGGCT-1,Stem A
AGTAGTCCAGAAACCG-1,Stem F
AGTAGTCCAGCATTGT-1,Protonephridia
AGTAGTCCATGGCTAT-1,Muscle 1
AGTAGTCGTCCTCCTA-1,Muscle 1
AGTAGTCTCCAATGCA-1,Stem E
AGTAGTCTCGCATGAT-1,Stem D
AGTAGTCTCTTGCAGA-1,Parenchyma 2
AGTCAACCAAGAGTAT-1,Stem D
AGTCAACCACTCTCGT-1,Stem C
AGTCAACTCCAAACCA-1,Stem F
AGTCAACTCTGGACCG-1,Stem D
AGTCAACTCTTGAGCA-1,Muscle 1
AGTCACAAGAGTAACT-1,Muscle 1
AGTCACAAGCGTTGTT-1,Stem C
AGTCACAAGCTGGAGT-1,Stem A
AGTCACACAAGGCAAC-1,Muscle 1
AGTCACACAGATAAAC-1,Muscle 1
AGTCACAGTGGTAATA-1,Muscle 2
AGTCACATCCTTCGAC-1,Muscle 1
AGTCACATCGCATGAT-1,Parenchyma 2
AGTCACATCGCCTTGT-1,Stem C
AGTCACATCGCGTTTC-1,Neuron 1
AGTCATGAGACGGATC-1,Muscle 1
AGTCATGAGCACGGAT-1,Parenchyma 1
AGTCATGCAGAACGCA-1,Stem F
AGTCATGTCACCTCTG-1,Muscle 2
AGTCATGTCCATTCAT-1,Stem A
AGTCATGTCGGATTAC-1,Parenchyma 1
AGTCTCCCAGAATTCC-1,Muscle 2
AGTCTCCCATGCCATA-1,Stem A
AGTCTCCGTATGTCCA-1,Stem B
AGTGACTAGAGTTGCG-1,Stem D
AGTGACTAGCACTGGA-1,Stem F
AGTGACTAGGCTGGAT-1,Stem A
AGTGACTAGGGCGAGA-1,Stem C
AGTGACTAGGTCGTAG-1,Parenchyma 1
AGTGACTCAAGACCGA-1,Stem C
AGTGACTGTCGTTTCC-1,Stem C
AGTGACTGTGATACAA-1,Muscle 1
AGTGACTGTTCCGCGA-1,Muscle 1
AGTGACTTCAGGAGAC-1,Muscle 1
AGTGATCCAATTGCCA-1,Stem A
AGTGATCGTCCGTACG-1,Stem F
AGTGATCGTGCATCTA-1,Muscle 1
AGTGATCTCACAAGAA-1,Muscle 1
AGTGATCTCGAGTCTA-1,Neuron 5
AGTGCCGAGAAAGTCT-1,Neuron 1
AGTGCCGCAGCCGTCA-1,Stem F
AGTGCCGCAGCTTTGA-1,Muscle 1
AGTGCCGCATCTCAAG-1,Stem D
AGTGCCGTCACAATGC-1,Stem A
AGTGCCGTCCTACCGT-1,Muscle 1
AGTGCCGTCTTACGGA-1,Parenchyma 1
AGTGCCGTCTTTCCGG-1,Stem B
AGTGTTGAGAGCATCG-1,Stem F
AGTGTTGAGCGTGCCT-1,Stem A
AGTGTTGGTAGACGTG-1,Stem A
AGTGTTGGTTACACAC-1,Parenchyma 1
AGTGTTGTCGTTGTAG-1,Stem A
AGTGTTGTCGTTTACT-1,Stem F
AGTTAGCCAAATTAGG-1,Stem D
AGTTAGCTCGTGCGAC-1,Stem A
AGTTCCCAGATACGAT-1,Stem B
AGTTCCCAGCCTATCA-1,Stem C
AGTTCCCAGGGTTAGC-1,Stem F
AGTTCCCAGTTACGTC-1,Neuron 4
AGTTCCCCATATGAAG-1,Muscle 1
AGTTCCCTCTGCGAGC-1,Parenchyma 1
AGTTCGAAGTTTGGCT-1,Muscle 1
AGTTCGACAAACAGGC-1,Stem B
AGTTCGACATTAGGAA-1,Stem C
AGTTCGAGTCAGTCTA-1,Stem D
AGTTCGAGTCCCGCAA-1,Stem F
AGTTCGAGTCCCTGTT-1,Muscle 1
AGTTCGAGTTCAAAGA-1,Muscle 2
AGTTCGATCGATGCAT-1,Tegument
ATACCGAAGTGATCGG-1,Neuron 1
ATACCGAGTTAGGGAC-1,Stem E
ATACCGATCCATTTAC-1,Stem F
ATACCTTAGATTGGGC-1,Parenchyma 1
ATACCTTCAACGGCTC-1,Stem F
ATACCTTCAAGTGACG-1,Stem A
ATACCTTGTCACCACG-1,Parenchyma 1
ATACCTTTCAAGCTTG-1,Stem F
ATACCTTTCACCGCTT-1,Parenchyma 2
ATACTTCAGATACATG-1,Neuron 5
ATACTTCCAAGTGGTG-1,Stem C
ATACTTCCATGAATCC-1,Stem F
ATACTTCGTATACGGG-1,Stem F
ATACTTCGTGTCCATA-1,Parenchyma 1
ATACTTCGTGTTAGCT-1,Muscle 1
ATACTTCGTTCGAACT-1,Stem A
ATACTTCTCTCGGCTT-1,Muscle 1
ATAGACCAGAGTCAGC-1,Parenchyma 2
ATAGACCAGGGTGAAA-1,Muscle 1
ATAGACCCAATCGCCG-1,Stem A
ATAGACCCACTGCGTG-1,Parenchyma 2
ATAGACCGTGCACAAG-1,Neuron 4
ATAGACCGTGTTGATC-1,Stem A
ATAGACCTCCACTGAA-1,Stem F
ATAGACCTCCTTATAC-1,Stem D
ATAGAGACAAGCGGAT-1,Stem F
ATAGAGACAATTGGTC-1,Parenchyma 2
ATAGAGACAGTATTCG-1,Neuron 1
ATAGAGATCAACTGGT-1,Muscle 2
ATAGAGATCACTGGTA-1,Muscle 1
ATAGAGATCACTGTCC-1,Stem F
ATAGGCTCACACCGAC-1,Stem F
ATAGGCTGTGCCTGCA-1,Stem E
ATAGGCTGTTTCGTTT-1,Stem A
ATAGGCTTCACACGAT-1,Stem A
ATATCCTAGGGACACT-1,Muscle 1
ATATCCTCATCTAACG-1,Stem F
ATATCCTGTCGGCCTA-1,Parenchyma 1
ATATCCTTCGACATTG-1,Neuron 4
ATCACAGAGGAACTCG-1,Stem D
ATCACAGAGGTTTACC-1,Stem E
ATCACAGCACTGGCCA-1,Neuron 1
ATCACAGCATGAGGGT-1,Neuron 1
ATCACAGGTATCCTTT-1,Stem F
ATCACAGTCAGAGTGG-1,Muscle 1
ATCACAGTCCGGGACT-1,Stem A
ATCACGATCGGCATAT-1,Stem C
ATCACGATCTGAGATC-1,Stem C
ATCACTTCAGACACAG-1,Stem D
ATCACTTCAGTAACAA-1,Muscle 1
ATCACTTGTCACAGAG-1,Stem F
ATCACTTGTCCACTTC-1,Muscle 1
ATCACTTGTGGGACAT-1,Stem C
ATCACTTGTGTTCCTC-1,Stem F
ATCAGGTAGAGATGCC-1,Parenchyma 2
ATCAGGTAGTAATACG-1,Muscle 1
ATCAGGTCACGACGTC-1,Stem A
ATCAGGTCATAGTCGT-1,Stem C
ATCAGGTGTATCAAGA-1,Muscle 1
ATCAGGTGTGATTAGA-1,Stem F
ATCAGGTTCCCTTGGT-1,Stem C
ATCATTCAGATGAATC-1,Stem F
ATCATTCCACAGAAGC-1,Neuron 4
ATCATTCCAGAATTCC-1,Stem F
ATCATTCCATGTGGCC-1,Stem F
ATCATTCGTCTAGATC-1,Muscle 1
ATCATTCGTGCCGTTG-1,Stem B
ATCCACCAGGCCATAG-1,Protonephridia
ATCCACCCAAGTGCAG-1,Stem A
ATCCACCGTAACTAAG-1,Stem E
ATCCACCGTCCTCCTA-1,Muscle 1
ATCCACCGTGCGCTCA-1,Stem A
ATCCACCTCAAGTAAG-1,Stem F
ATCCACCTCGGCTTCT-1,Parenchyma 2
ATCCACCTCTATACTC-1,Stem D
ATCCATTCAAATGGCG-1,Stem F
ATCCATTCACTACACA-1,Stem F
ATCCATTGTAGGCAGT-1,Parenchyma 1
ATCCATTGTGATGGCA-1,Parenchyma 2
ATCCATTGTGGTAACG-1,Stem A
ATCCATTTCTCGTCGT-1,Stem A
ATCCCTGAGGATGCGT-1,Stem D
ATCCCTGCACCAGTTA-1,Stem D
ATCCCTGCAGGGCTTC-1,Stem F
ATCCCTGGTCCCTGAG-1,Muscle 1
ATCCCTGGTTGGAGGT-1,Parenchyma 1
ATCCCTGTCATCACCC-1,Neuron 1
ATCCCTGTCATGCAGT-1,Muscle 1
ATCCCTGTCCGCGAGT-1,Parenchyma 1
ATCCCTGTCCTAGCCT-1,Muscle 2
ATCCGTCAGAGAGGTA-1,Stem E
ATCCGTCCACATATGC-1,Stem A
ATCCGTCCATGACTTG-1,Stem F
ATCCGTCTCACCTCAC-1,Parenchyma 2
ATCCGTCTCATGTCAG-1,Parenchyma 2
ATCCGTCTCGAGTACT-1,Muscle 2
ATCCTATAGTATCTGC-1,Parenchyma 2
ATCCTATAGTTCTACG-1,Stem C
ATCCTATGTCCAGCCA-1,Stem F
ATCCTATTCCAAGGGA-1,Stem A
ATCGATGAGTACAACA-1,Muscle 2
ATCGATGCAGTAGTTC-1,Parenchyma 1
ATCGATGGTCAACCAT-1,Stem B
ATCGATGGTTAGGGTG-1,Muscle 1
ATCGATGTCGATTTCT-1,Stem F
ATCGCCTAGTGCTAGG-1,Parenchyma 1
ATCGCCTAGTTGGAAT-1,Parenchyma 2
ATCGCCTAGTTTCGGT-1,Parenchyma 1
ATCGCCTCAGCTGTAT-1,Parenchyma 2
ATCGCCTTCAAGTGTC-1,Stem D
ATCGCCTTCTGCAGCG-1,Neuron 4
ATCGGATAGGGATCGT-1,Muscle 2
ATCGGATGTCATGCAT-1,Stem F
ATCGGATGTGCGTGCT-1,Stem E
ATCGGCGAGATCCGAG-1,Muscle 1
ATCGGCGAGCCTCAAT-1,Neuron 1
ATCGGCGAGGCCTAAG-1,Stem F
ATCGGCGCAAGAGTTA-1,Protonephridia
ATCGGCGGTCATGCAT-1,Protonephridia
ATCGTAGAGAAGTCCG-1,Stem F
ATCGTAGCAACCACAT-1,Stem C
ATCGTAGGTTGCTCAA-1,Stem F
ATCGTAGGTTTGTGGT-1,Stem E
ATCGTAGTCCATCTGC-1,Muscle 1
ATCGTAGTCCTGCCAT-1,Stem C
ATCGTAGTCTCGCCTA-1,Protonephridia
ATCGTCCAGTATGACA-1,Stem A
ATCGTCCCATCATGAC-1,Neuron 1
ATCGTCCGTCGTCTCT-1,Parenchyma 2
ATCGTGAAGGTCTGGA-1,Muscle 1
ATCGTGACAATGGGTG-1,Stem A
ATCGTGACACGGCCAT-1,Stem A
ATCGTGACATCAGTCA-1,Tegument
ATCGTGAGTAATTAGG-1,Stem B
ATCGTGAGTGGCGCTT-1,Parenchyma 1
ATCGTGAGTTAGGGTG-1,Stem E
ATCGTGATCATTTCGT-1,Stem A
ATCGTGATCGTTCGCT-1,Stem C
ATCGTGATCTTGGCTC-1,Neuron 4
ATCTCTACAATTGCCA-1,Muscle 2
ATCTCTACACTGAATC-1,Stem A
ATCTCTACAGAGCCCT-1,Stem C
ATCTCTACAGCGACCT-1,Protonephridia
ATCTCTACAGCGATTT-1,Muscle 1
ATCTCTACAGTCTACA-1,Neuron 1
ATCTCTAGTAGCTTGT-1,Neuron 1
ATCTCTAGTATAGGGC-1,Stem E
ATCTCTAGTGATTGGG-1,Stem C
ATCTCTAGTTCCAAAC-1,Stem C
ATCTCTATCCTCTTTC-1,Muscle 1
ATCTTCAAGTAGAGTT-1,Stem F
ATCTTCAAGTGGATAT-1,Stem C
ATCTTCACAAGCTGTT-1,Parenchyma 1
ATCTTCACACACCTTC-1,Parenchyma 1
ATCTTCACACCCTAAA-1,Muscle 2
ATCTTCACAGACTGCC-1,Muscle 1
ATCTTCACATAATCGC-1,Muscle 1
ATCTTCATCGAAGCAG-1,Protonephridia
ATGAAAGAGACCTTTG-1,Stem C
ATGAAAGAGCGCCTCA-1,Stem B
ATGAAAGCAATGGCAG-1,Stem A
ATGAAAGGTGGAATGC-1,Muscle 1
ATGAAAGGTGGACAGT-1,Stem F
ATGAAAGGTGTGTGGA-1,Stem E
ATGACCAAGCGACAGT-1,Stem C
ATGACCAAGTTTGGCT-1,Stem D
ATGACCACAATGCAGG-1,Protonephridia
ATGACCACATGGCGCT-1,Protonephridia
ATGACCATCGTAATGC-1,Stem F
ATGAGGGAGCACCCAC-1,Stem F
ATGAGGGCACGACGCT-1,Parenchyma 1
ATGAGGGCAGTATTCG-1,Stem D
ATGAGGGGTTAAGCAA-1,Stem C
ATGAGGGTCACTGATG-1,Stem C
ATGAGGGTCTATGTGG-1,Stem A
ATGAGTCAGAACAGGA-1,Parenchyma 2
ATGAGTCAGAAGTCTA-1,Muscle 2
ATGAGTCAGTCGCTAT-1,Stem C
ATGAGTCCACGTCATA-1,Parenchyma 2
ATGAGTCCAGATACTC-1,Stem A
ATGAGTCCAGCAGTAG-1,Stem C
ATGAGTCTCTGGCCGA-1,Neuron 1
ATGATCGCATCATGAC-1,Muscle 2
ATGATCGCATTAAAGG-1,Muscle 1
ATGATCGGTCCGTTTC-1,Stem D
ATGATCGTCCTAGCTC-1,Muscle 1
ATGCATGAGAAACTCA-1,Neuron 1
ATGCATGGTTGGGACA-1,Stem D
ATGCATGTCAAACCTG-1,Stem C
ATGCATGTCAGTGTTG-1,Parenchyma 2
ATGCATGTCCACACAA-1,Muscle 2
ATGCATGTCTCCGAAA-1,Stem F
ATGCCTCCAACGTAAA-1,Stem B
ATGCCTCCAGAACTAA-1,Stem F
ATGCCTCCAGGCGAAT-1,Stem C
ATGCCTCTCTGGTCAA-1,Muscle 1
ATGCGATCAACTGATC-1,Stem D
ATGCGATCATCATTGG-1,Stem D
ATGCGATTCATTTGCT-1,Stem C
ATGCGATTCCGCAGTG-1,Muscle 1
ATGCGATTCCTACACC-1,Stem F
ATGCGATTCGCTTAAG-1,Stem F
ATGCGATTCGTGGAAG-1,Muscle 1
ATGGAGGAGCGATGCA-1,Stem A
ATGGAGGAGCTGTACT-1,Stem F
ATGGAGGCAATTTCGG-1,Muscle 1
ATGGAGGCAGGCATTT-1,Protonephridia
ATGGAGGCATGGGAAC-1,Stem F
ATGGAGGGTATCCCTC-1,Muscle 1
ATGGAGGGTCTAACGT-1,Muscle 1
ATGGAGGGTGCGTTTA-1,Stem D
ATGGAGGGTTTGGAGG-1,Muscle 1
ATGGAGGTCGCGAAGA-1,Stem C
ATGGATCCAGAACTAA-1,Muscle 1
ATGGATCCATCGTTCC-1,Parenchyma 2
ATGGATCTCAAGTCTG-1,Stem D
ATGGGAGAGCCTGAAG-1,Neuron 1
ATGGGAGCAACTTGCA-1,Stem D
ATGGGAGCAGATCCAT-1,Muscle 1
ATGGGAGCATCGATAC-1,Stem C
ATGGGAGGTACTAGCT-1,Stem C
ATGGGAGGTCCCTGTT-1,Muscle 1
ATGGGAGGTTACCCTC-1,Muscle 1
ATGGGTTAGAGGCTGT-1,Protonephridia
ATGGGTTAGGACACTG-1,Stem B
ATGGGTTCAAACTAGA-1,Stem F
ATGGGTTCACGGCCAT-1,Stem C
ATGGGTTGTACGATGG-1,Stem B
ATGGGTTGTCTTGCGG-1,Neuron 1
ATGGGTTGTGATGAAT-1,Stem C
ATGGGTTTCCACCTCA-1,Protonephridia
ATGGGTTTCGTTGTGA-1,Stem B
ATGGGTTTCTGCTTTA-1,Stem F
ATGGTTGAGCTGACCC-1,Stem C
ATGGTTGAGGCCTTCG-1,Stem D
ATGGTTGAGTTCATGC-1,Stem C
ATGGTTGCAACAGCCC-1,Neuron 4
ATGGTTGCAGAGGGTT-1,Stem B
ATGGTTGCATCCGTGG-1,Stem F
ATGGTTGTCAAAGAAC-1,Stem F
ATGGTTGTCACTGGGC-1,Stem C
ATGTCCCAGAGTCACG-1,Stem F
ATGTCCCAGTTGGAAT-1,Stem F
ATGTCCCCAAAGGCTG-1,Muscle 1
ATGTCCCGTAGAGACC-1,Stem D
ATGTCCCGTGTTTGCA-1,Stem C
ATGTCCCGTTCACCGG-1,Stem F
ATGTCTTCACGCGTCA-1,Neuron 1
ATGTCTTCAGGTCAGA-1,Stem F
ATGTCTTCATCAGCGC-1,Parenchyma 1
ATGTCTTGTTCGGCCA-1,Stem E
ATGTCTTTCTAAGCCA-1,Stem B
ATGTCTTTCTAGTACG-1,Stem F
ATGTCTTTCTATTCGT-1,Stem D
ATTACCTAGACGATAT-1,Stem B
ATTACCTAGCGACTGA-1,Stem C
ATTACCTAGGCCCACT-1,Stem F
ATTACCTCAAGGCAAC-1,Neuron 4
ATTACCTGTGGCACTC-1,Stem E
ATTACTCAGACATCAA-1,Stem F
ATTACTCAGACGCATG-1,Stem F
ATTACTCAGATGCAGC-1,Muscle 2
ATTACTCCAATTTCCT-1,Parenchyma 1
ATTACTCCAGAGTAAT-1,Muscle 1
ATTACTCCATCATTGG-1,Protonephridia
ATTACTCGTATGCGTT-1,Muscle 1
ATTACTCGTTAGGAGC-1,Stem A
ATTACTCTCAAGGTGG-1,Muscle 1
ATTACTCTCCACTTCG-1,Neuron 1
ATTACTCTCTCGCAGG-1,Stem C
ATTACTCTCTCTCGCA-1,Stem D
ATTATCCAGCGAGTCA-1,Stem F
ATTATCCCAACTGCTA-1,Muscle 2
ATTATCCCAAGTGTCT-1,Stem C
ATTATCCCAGCTGTCG-1,Stem F
ATTATCCCATGTGCCG-1,Stem C
ATTATCCGTGGGATTG-1,Muscle 1
ATTCACTAGCGTCTGC-1,Protonephridia
ATTCACTAGTAAACAC-1,Stem D
ATTCACTAGTCTAGCT-1,Muscle 1
ATTCACTCAATAGTGA-1,Stem D
ATTCACTCACACCGCA-1,Muscle 1
ATTCACTCATCTGGGC-1,Muscle 1
ATTCACTGTCGCTCGA-1,Stem D
ATTCACTGTCTGCGCA-1,Muscle 2
ATTCACTGTTCGAAGG-1,Stem D
ATTCACTGTTTATGCG-1,Muscle 1
ATTCACTTCACAATGC-1,Stem F
ATTCACTTCAGAACCT-1,Protonephridia
ATTCAGGAGGTACATA-1,Stem C
ATTCAGGAGTGGATAT-1,Parenchyma 1
ATTCAGGAGTTCACTG-1,Stem D
ATTCAGGCAGTCTACA-1,Stem F
ATTCAGGGTAACACCT-1,Muscle 1
ATTCAGGTCAGTAGGG-1,Muscle 1
ATTCATCAGTCACTCA-1,Stem A
ATTCATCCAAATGAGT-1,Stem F
ATTCATCCAAGTGGAC-1,Parenchyma 1
ATTCATCGTACCACGC-1,Stem A
ATTCATCTCACTGTTT-1,Stem C
ATTCATCTCAGACAAA-1,Stem F
ATTCATCTCTAGCCTC-1,Stem F
ATTCATCTCTCCCATG-1,Muscle 1
ATTCATCTCTGCATGA-1,Stem F
ATTCATCTCTTCCACG-1,Stem G
ATTCATCTCTTTACAC-1,Stem A
ATTCCATAGCCTTTCC-1,Protonephridia
ATTCCATAGGATTACA-1,Stem F
ATTCCATGTTCTGAGT-1,Stem A
ATTCCATTCTTACGTT-1,Stem F
ATTCCCGAGAGTCTGG-1,Neuron 1
ATTCCCGAGGTAGTCG-1,Stem D
ATTCCCGAGTAGCATA-1,Neuron 4
ATTCCCGAGTGTCATC-1,Stem B
ATTCCCGAGTTGCTGT-1,Stem C
ATTCCCGGTGCCTTTC-1,Muscle 1
ATTCCCGGTGTGTACT-1,Protonephridia
ATTCCCGTCATCGACA-1,Neuron 1
ATTCCCGTCATCTATC-1,Parenchyma 1
ATTCCCGTCTTACGTT-1,Stem C
ATTCCTAAGACCATAA-1,Stem F
ATTCCTAAGACCGTTT-1,Stem B
ATTCCTAAGTAGTCAA-1,Muscle 2
ATTCCTACAGAGTTGG-1,Protonephridia
ATTCCTACAGGAATCG-1,Stem D
ATTCCTAGTCTGCAAT-1,Stem F
ATTCCTAGTTGCGAAG-1,Stem D
ATTCCTATCGCTACGG-1,Parenchyma 1
ATTCGTTAGTAGCATA-1,Stem C
ATTCGTTCAAATCGGG-1,Stem C
ATTCGTTCAAGGTCTT-1,Parenchyma 1
ATTCGTTCACTGCTTC-1,Stem D
ATTCGTTTCCAACCGG-1,Stem B
ATTCGTTTCTGCGATA-1,Parenchyma 2
ATTCTACAGGTCATTC-1,Stem D
ATTCTACAGTGCAACG-1,Parenchyma 2
ATTCTACCATCAGCAT-1,Stem A
ATTCTACGTCCGGCAT-1,Stem F
ATTCTACGTCCTCCAT-1,Parenchyma 2
ATTCTACTCGTTCATT-1,Stem D
ATTCTACTCTGTCAGA-1,Muscle 1
ATTCTTGAGAGCCCAA-1,Stem C
ATTCTTGAGGCGCTTC-1,Stem C
ATTCTTGCAACACGTT-1,Muscle 1
ATTCTTGGTCTACAAC-1,Parenchyma 1
ATTCTTGGTGTCCACG-1,Protonephridia
ATTGGGTGTATGTCCA-1,Protonephridia
ATTGGGTGTCATCTAG-1,Stem B
ATTGTTCAGTCGGCAA-1,Muscle 1
ATTGTTCCAACACGTT-1,Stem E
ATTGTTCCAGCGTATT-1,Stem C
ATTGTTCGTTCCTAGA-1,Muscle 2
ATTGTTCGTTGAAGTA-1,Stem D
ATTGTTCTCAGTGTGT-1,Muscle 1
ATTGTTCTCGACTCCT-1,Muscle 1
ATTTACCAGCTACAAA-1,Muscle 1
ATTTACCAGGGTTTCT-1,Stem B
ATTTACCCATCAGCTA-1,Stem A
ATTTACCCATTGGCAT-1,Stem F
ATTTACCGTGAGGATC-1,Stem C
ATTTACCTCACGTAGT-1,Muscle 1
ATTTACCTCGAGAGCA-1,Stem D
ATTTCACAGCGTCTGC-1,Stem F
ATTTCACCAAAGTATG-1,Stem A
ATTTCACCATGATAGA-1,Muscle 2
ATTTCACGTGCACAAG-1,Stem C
ATTTCACTCATCTATC-1,Parenchyma 1
ATTTCTGAGACCTTTG-1,Stem B
ATTTCTGAGACTCAAA-1,Muscle 1
ATTTCTGCACTAACGT-1,Stem D
ATTTCTGCATAGATCC-1,Muscle 1
ATTTCTGGTAAGTTAG-1,Stem D
ATTTCTGGTCAAAGTA-1,Parenchyma 1
CAAAGAAAGACGATAT-1,Stem F
CAAAGAAAGGCACCAA-1,Stem F
CAAAGAAAGGTAGGCT-1,Stem C
CAAAGAACAGGACAGT-1,Stem A
CAAAGAACATGCGGTC-1,Stem F
CAAAGAAGTGAGTAGC-1,Muscle 2
CAACAACCAGCTATAC-1,Stem F
CAACAACGTGAGACGT-1,Muscle 1
CAACAGTAGGCGTCCT-1,Stem A
CAACAGTCACACGTGC-1,Stem F
CAACAGTCAGGACGAT-1,Parenchyma 1
CAACAGTGTCCAATCA-1,Stem E
CAACAGTGTTTGTTCT-1,Muscle 1
CAACAGTTCCCGAATA-1,Muscle 1
CAACAGTTCTGAGAAA-1,Stem C
CAACCAAAGAATAGTC-1,Stem D
CAACCAAAGAGTCAGC-1,Muscle 2
CAACCAACAACACGTT-1,Neuron 5
CAACCAACAAGCAATA-1,Stem B
CAACCAAGTCAGACTT-1,Parenchyma 1
CAACCTCAGCCGGATA-1,Protonephridia
CAACCTCAGTAGACAT-1,Parenchyma 1
CAACCTCCAGGCAATG-1,Muscle 1
CAACCTCGTACGTTCA-1,Neuron 1
CAACCTCGTGGCCTCA-1,Stem A
CAACCTCGTTTGGCTA-1,Stem F
CAACCTCTCCGGCAGT-1,Stem F
CAACCTCTCGCTTGAA-1,Stem E
CAACGATAGCATACTC-1,Stem F
CAACGATAGTAGCATA-1,Stem D
CAACGATCACCATAAC-1,Neuron 1
CAACGATCAGCAGTGA-1,Stem F
CAACGATGTGCCTGAC-1,Stem D
CAACGATTCCATCCGT-1,Stem C
CAACGATTCCTTCTGG-1,Muscle 1
CAACGATTCGTAGCCG-1,Stem F
CAACGGCAGAGCCGTA-1,Stem C
CAACGGCCACCAGCGT-1,Stem B
CAACGGCGTCCGTACG-1,Stem B
CAACGGCTCATGCAGT-1,Muscle 1
CAACGGCTCGCCACTT-1,Stem B
CAAGACTAGACCACGA-1,Stem F
CAAGACTAGAGTCCGA-1,Stem C
CAAGACTAGTGTACAA-1,Muscle 1
CAAGACTCACATCCCT-1,Stem B
CAAGACTCAGATCACT-1,Parenchyma 1
CAAGACTCAGGTGACA-1,Stem F
CAAGACTGTAGATTAG-1,Stem B
CAAGACTGTCTAGGCC-1,Stem A
CAAGACTGTGGCGTAA-1,Stem E
CAAGACTTCTCGACGG-1,Stem C
CAAGAGGCAAGACCTT-1,Stem C
CAAGAGGCAATTGGTC-1,Muscle 1
CAAGAGGCACATACTG-1,Stem F
CAAGAGGCATTCATCT-1,Muscle 1
CAAGAGGGTAGAATGT-1,Stem B
CAAGAGGGTTAACAGA-1,Muscle 1
CAAGAGGTCAAGTGTC-1,Neuron 4
CAAGAGGTCCCTGTTG-1,Stem D
CAAGCTAAGACTCTTG-1,Neuron 1
CAAGCTAAGAGTCTGG-1,Neuron 1
CAAGCTAAGCCTATTG-1,Parenchyma 1
CAAGCTAAGTTCGGTT-1,Muscle 1
CAAGCTACAAGAATGT-1,Stem A
CAAGCTACAAGATTGA-1,Stem B
CAAGCTACAGATTCGT-1,Parenchyma 1
CAAGCTACAGCACAAG-1,Muscle 1
CAAGCTAGTTTGAAAG-1,Muscle 1
CAAGCTATCAGCTGAT-1,Muscle 2
CAAGGGACAAGTTCCA-1,Stem F
CAAGGGACAAGTTGGG-1,Stem B
CAAGGGACAGCAGTCC-1,Stem D
CAAGGGACAGTTTGGT-1,Parenchyma 1
CAAGGGAGTTTCGTAG-1,Stem F
CAAGGGATCAGACCGC-1,Parenchyma 2
CAAGGGATCTGGCTGG-1,Stem A
CAATACGCAACTGCCG-1,Parenchyma 1
CAATACGTCACTGATG-1,Protonephridia
CAATACGTCGTCTCAC-1,Stem A
CAATACGTCTTCGCTG-1,Muscle 2
CAATCGAAGATGTTAG-1,Stem F
CAATCGACAAATGGCG-1,Stem A
CAATCGACAAATTGGA-1,Stem B
CAATCGACATACTTTC-1,Stem A
CAATCGAGTACAGCGA-1,Stem A
CAATCGAGTGATACTC-1,Stem C
CAATCGAGTTACTCAG-1,Stem F
CAATCGAGTTGATGTC-1,Muscle 2
CAATCGATCCATAGGT-1,Parenchyma 1
CAATGACAGTGCTCGC-1,Parenchyma 2
CAATGACCACGGATCC-1,Stem F
CAATGACCAGGAATCG-1,Stem F
CAATGACTCGTCGATA-1,Parenchyma 2
CAATTTCAGCGAGTAC-1,Stem C
CAATTTCAGTGATAAC-1,Stem D
CAATTTCCATTGGCAT-1,Protonephridia
CAATTTCGTCTCACAA-1,Ciliary plate
CAATTTCGTCTGTGGC-1,Muscle 1
CAATTTCTCCACCTGT-1,Parenchyma 1
CAATTTCTCCCATAGA-1,Stem C
CAATTTCTCTGGTGGC-1,Neuron 1
CAATTTCTCTTTCTAG-1,Stem B
CACAACACAACAGCCC-1,Stem F
CACAACAGTAATGATG-1,Parenchyma 1
CACACAAAGGTTAGTA-1,Stem B
CACACAACACAATCTG-1,Muscle 2
CACACAACACTGTCCT-1,Muscle 2
CACACAAGTACCACGC-1,Stem D
CACACAAGTAGACTGG-1,Protonephridia
CACACAAGTCATCTAG-1,Stem F
CACACAAGTTTCCCAC-1,Tegument
CACACAATCACCGGGT-1,Stem A
CACAGATAGTCGAAAT-1,Stem D
CACAGATCAAAGGGCT-1,Protonephridia
CACAGATCACTAAACC-1,Stem F
CACAGATGTTACGATC-1,Stem F
CACAGATTCAAGTGGG-1,Muscle 1
CACAGATTCAGCGGAA-1,Stem F
CACAGATTCGGAGTAG-1,Stem C
CACAGATTCGTTCATT-1,Muscle 1
CACAGATTCTAGCCTC-1,Stem D
CACAGGCCAAGTCCCG-1,Parenchyma 1
CACAGGCCAGCTACCG-1,Protonephridia
CACAGGCCAGTGAGCA-1,Stem B
CACAGGCCATCATTGG-1,Stem C
CACAGGCCATTGGGAG-1,Stem C
CACAGGCGTATGATCC-1,Stem C
CACAGGCGTCCTCAGG-1,Stem C
CACATGAAGTTGAATG-1,Muscle 1
CACATGACACCAGCTG-1,Stem C
CACATGACACTCCTTG-1,Stem C
CACATGACAGACACCC-1,Stem A
CACATGAGTACAGAGC-1,Muscle 1
CACATGAGTAGTACGG-1,Stem C
CACATGAGTCACTTCC-1,Stem A
CACATGAGTCTACTGA-1,Parenchyma 1
CACATGAGTTCTCGCT-1,Stem D
CACATGAGTTGGGAAC-1,Parenchyma 1
CACATGATCAGCTAGT-1,Stem D
CACATGATCCAGCACG-1,Stem F
CACATGATCGGAAGGT-1,Stem C
CACATGATCTTACCGC-1,Parenchyma 1
CACCAAAAGTAGAATC-1,Stem D
CACCAAACACACCTGG-1,Stem B
CACCAAACACAGAAGC-1,Muscle 1
CACCAAACAGCTTTGA-1,Stem F
CACCAAAGTGAGTAGC-1,Stem A
CACCAAATCGAGAAGC-1,Stem G
CACCGTTAGCTCTTCC-1,Stem F
CACCGTTCAACCGCTG-1,Stem C
CACCGTTCATCGATGT-1,Parenchyma 1
CACCGTTTCTTCCTAA-1,Stem E
CACGAATAGCAAGCCA-1,Stem D
CACGAATAGGGCAGTT-1,Stem D
CACGAATCATACCGTA-1,Muscle 1
CACGAATTCAGTGCGC-1,Stem F
CACGGGTAGTAACCTC-1,Muscle 1
CACGGGTCAACCCTAA-1,Muscle 1
CACGGGTCAAGAAATC-1,Stem D
CACGGGTGTACCACGC-1,Stem B
CACGGGTGTAGACTGG-1,Stem A
CACGGGTGTCTACGAT-1,Stem D
CACGGGTTCCACGGGT-1,Stem D
CACGGGTTCCACGTAA-1,Neuron 4
CACGTGGAGACTTAAG-1,Stem C
CACGTGGAGATGTTCC-1,Stem C
CACGTGGAGTTTGCTG-1,Stem A
CACGTGGCACGAGAAC-1,Stem C
CACGTGGCATCAGCAT-1,Stem C
CACGTGGGTGTTCCTC-1,Parenchyma 2
CACGTTCAGACGTCGA-1,Stem C
CACGTTCAGCGCTGAA-1,Stem A
CACGTTCAGCGTACAG-1,Stem C
CACGTTCAGGAGTCTG-1,Muscle 1
CACGTTCAGGGCTGAT-1,Stem C
CACGTTCAGGTAGTAT-1,Muscle 1
CACGTTCCATTCTCTA-1,Muscle 1
CACGTTCGTCTCTCAC-1,Parenchyma 2
CACGTTCTCATTACGG-1,Stem F
CACGTTCTCTATCCAT-1,Stem F
CACGTTCTCTGGACCG-1,Stem F
CACTAAGAGGCGTCCT-1,Protonephridia
CACTAAGAGTGCCCGT-1,Stem A
CACTAAGCACCCATAA-1,Stem B
CACTAAGCATAGAATG-1,Muscle 1
CACTAAGCATTCGGGC-1,Muscle 1
CACTAAGGTGCCCACA-1,Stem D
CACTAAGTCTGCAGCG-1,Stem F
CACTGAACAGTCCCGA-1,Stem F
CACTGAAGTTAGGCCC-1,Stem B
CACTGAATCCCGTTCA-1,Stem E
CACTGGGAGCAGGGAG-1,Stem C
CACTGGGAGTTGGCGA-1,Stem D
CACTGGGGTGCACAAG-1,Stem A
CACTGGGTCATCGCCT-1,Parenchyma 1
CACTGGGTCTACACTT-1,Stem A
CACTGTCAGTGTAGAT-1,Stem D
CACTGTCCAGACGGAT-1,Stem C
CACTGTCGTCTTACAG-1,Stem A
CACTGTCGTGAGCCAA-1,Stem F
CACTGTCGTGCCCGTA-1,Stem D
CACTGTCTCGTGGCTG-1,Muscle 2
CACTGTCTCTGACCCT-1,Stem C
CACTTCGAGCATCAGG-1,Parenchyma 1
CACTTCGTCAGTCATG-1,Muscle 2
CACTTCGTCATGAGGG-1,Muscle 1
CACTTCGTCCAATCTT-1,Stem D
CAGAGCCAGACTTAAG-1,Muscle 1
CAGAGCCAGAGGTATT-1,Stem C
CAGAGCCCAAGTGCAG-1,Stem B
CAGAGCCCAGTGTGCC-1,Stem F
CAGAGCCCATATACCG-1,Parenchyma 1
CAGAGCCGTAAGCGGT-1,Muscle 1
CAGAGCCGTACCAATC-1,Stem D
CAGAGCCGTGCGGTAA-1,Stem A
CAGAGCCGTGCTCGTG-1,Stem B
CAGAGCCTCAATCGGT-1,Muscle 1
CAGAGCCTCCCAGGCA-1,Stem A
CAGAGCCTCGCAATGT-1,Stem C
CAGAGCCTCTATCACT-1,Stem F
CAGAGCCTCTGAACGT-1,Parenchyma 1
CAGATACCAAAGCTCT-1,Stem D
CAGATACCAAAGGGTC-1,Stem B
CAGATACGTGGATCGA-1,Stem B
CAGATACTCATTGGTG-1,Muscle 2
CAGATCACACTTCCTG-1,Protonephridia
CAGATCACAGCACACC-1,Stem F
CAGATCACATTGCCGG-1,Stem F
CAGATCAGTACCTAAC-1,Stem F
CAGATCAGTGGTTTAC-1,Stem A
CAGATTGAGAGACAAG-1,Stem D
CAGATTGCAATTGTGC-1,Stem F
CAGATTGCAGTAGAAT-1,Muscle 1
CAGATTGGTACCAATC-1,Parenchyma 1
CAGATTGGTTCGAAGG-1,Stem C
CAGATTGTCAACGAGG-1,Stem A
CAGATTGTCGCACGAC-1,Muscle 1
CAGCAATAGCGGGTAT-1,Stem C
CAGCAATAGGGTACAC-1,Stem D
CAGCAATGTACGACAG-1,Stem D
CAGCAATGTGGCTTGC-1,Muscle 2
CAGCAATGTGTGGTCC-1,Muscle 2
CAGCACGCACAGTCAT-1,Stem F
CAGCACGCAGGTGTGA-1,Stem C
CAGCACGGTATCTCTT-1,Muscle 1
CAGCACGGTGCCTTCT-1,Stem A
CAGCACGGTGGAACAC-1,Parenchyma 1
CAGCACGGTGGTAATA-1,Stem F
CAGCACGGTTGCCAAT-1,Stem B
CAGCACGGTTTGCAGT-1,Stem C
CAGCACGTCCCGAACG-1,Muscle 2
CAGCACGTCTGTACAG-1,Stem A
CAGCAGCAGATCCTAC-1,Stem D
CAGCAGCAGCCGGAAT-1,Stem D
CAGCAGCAGCTGACAG-1,Stem F
CAGCAGCAGGCTCTAT-1,Stem C
CAGCAGCAGTGAGGTC-1,Muscle 1
CAGCAGCCAAAGACGC-1,Parenchyma 1
CAGCAGCCAACCAATC-1,Stem F
CAGCAGCCAGTGACCC-1,Stem D
CAGCAGCGTGCCTACG-1,Stem B
CAGCAGCGTTAGAGAT-1,Stem A
CAGCAGCTCAAATAGG-1,Parenchyma 1
CAGCAGCTCCCGAACG-1,Muscle 1
CAGCAGCTCGAATGCT-1,Neuron 1
CAGCCAGAGGAACTCG-1,Stem C
CAGCCAGAGGGTACGT-1,Stem F
CAGCCAGAGGTGCCAA-1,Stem D
CAGCCAGAGTTTCAGC-1,Stem B
CAGCCAGCATCGTCCT-1,Muscle 1
CAGCCAGCATGGAACG-1,Stem E
CAGCCAGGTACAGAAT-1,Stem D
CAGCCAGGTATGAGGC-1,Parenchyma 2
CAGCCAGGTCGTACAT-1,Muscle 1
CAGCCAGGTTTGTGGT-1,Muscle 1
CAGCCAGTCCAAACCA-1,Muscle 2
CAGCCAGTCCGATAGT-1,Stem A
CAGCGTGCAGACCCGT-1,Stem C
CAGCGTGCAGGTATGG-1,Stem C
CAGCGTGCAGGTCCGT-1,Parenchyma 1
CAGCGTGCATCGATGT-1,Stem B
CAGCGTGGTGCCGAAA-1,Stem F
CAGGCCAGTGTCCGTG-1,Stem A
CAGGCCATCGCTACAA-1,Muscle 1
CAGGCCATCTGGACTA-1,Stem A
CAGGGCTAGAGGTCAC-1,Muscle 2
CAGGGCTAGGAAAGGT-1,Stem D
CAGGGCTAGTGCTCGC-1,Stem C
CAGGGCTCACAGTCAT-1,Stem D
CAGGGCTCAGGTAGTG-1,Stem A
CAGGGCTCAGTCGGTC-1,Stem F
CAGGGCTGTATGGAGC-1,Stem C
CAGGGCTTCCAAACCA-1,Stem D
CAGGGCTTCCAAGCCG-1,Parenchyma 1
CAGGGCTTCCCGTTGT-1,Parenchyma 1
CAGGTATAGCATCAAA-1,Stem C
CAGGTATCATGAAGCG-1,Parenchyma 1
CAGGTATGTCAGTCCG-1,Stem F
CAGGTATGTCTTCCGT-1,Stem C
CAGGTATGTGAACGGT-1,Muscle 1
CAGGTATTCGCAGAGA-1,Protonephridia
CAGGTATTCGGAGATG-1,Stem A
CAGGTATTCTAAGCCA-1,Stem F
CAGTGCGAGAGCCGAT-1,Stem A
CAGTGCGAGGTACAAT-1,Stem A
CAGTGCGCATGGACAG-1,Stem A
CAGTGCGGTAATACCC-1,Parenchyma 1
CAGTGCGGTATCCCAA-1,Parenchyma 1
CAGTGCGGTCCGCAGT-1,Stem B
CAGTGCGGTGCTAGCC-1,Stem F
CAGTGCGTCCTTATAC-1,Stem C
CAGTTAGAGACGCAGT-1,Stem D
CAGTTAGCACGCCACA-1,Stem C
CAGTTAGCACTAGAGG-1,Muscle 1
CAGTTAGGTTTCGACA-1,Stem D
CAGTTCCGTATCGCAT-1,Muscle 1
CAGTTCCGTCCTCATC-1,Muscle 1
CAGTTCCGTCCTGTTC-1,Stem F
CAGTTCCGTCGTTGCG-1,Stem F
CAGTTCCGTGTGAGCA-1,Parenchyma 2
CAGTTCCGTTCGGTTA-1,Stem C
CAGTTCCTCACGATCA-1,Stem C
CAGTTCCTCTAATTCC-1,Stem C
CATAAGCAGTCACGAG-1,Stem A
CATAAGCCATGGACAG-1,Stem A
CATAAGCGTAGGCTCC-1,Muscle 1
CATAAGCGTGCCCACA-1,Muscle 1
CATAAGCTCCCAATAG-1,Protonephridia
CATACAGAGATGCTAA-1,Muscle 1
CATACAGCAATGGCAG-1,Muscle 2
CATACAGCAATTTCTC-1,Stem A
CATACAGCAGCAAGAC-1,Protonephridia
CATACAGGTCTTCATT-1,Parenchyma 1
CATACAGTCCTCACGT-1,Muscle 2
CATACAGTCGCTGCGA-1,Parenchyma 1
CATACAGTCGTTAGTG-1,Muscle 1
CATACAGTCTCGTCGT-1,Muscle 1
CATACAGTCTGGGCGT-1,Stem C
CATACCCGTGGGTTGA-1,Stem F
CATACCCGTTCGGTCG-1,Stem C
CATACTTAGACCTCAT-1,Muscle 1
CATACTTCACAAAGTA-1,Stem F
CATACTTGTTCGGGTC-1,Stem A
CATACTTGTTGCATGT-1,Protonephridia
CATACTTTCGGTGTTA-1,Muscle 2
CATAGACAGGCGAACT-1,Stem C
CATAGACAGGCTTAGG-1,Stem D
CATAGACAGGGAGGCA-1,Stem B
CATAGACCAATTCACG-1,Stem F
CATAGACCACGGTCTG-1,Stem C
CATAGACCACTCTAGA-1,Stem D
CATAGACGTCCTCAGG-1,Stem D
CATAGACTCGACACCG-1,Stem D
CATAGACTCTGATGGT-1,Stem F
CATCAAGAGGTTACCT-1,Stem F
CATCAAGAGTCCGCCA-1,Stem A
CATCAAGCAAACCATC-1,Stem C
CATCAAGCAATGGGTG-1,Stem A
CATCAAGCACAACGAG-1,Muscle 1
CATCAAGGTTCTTCAT-1,Stem F
CATCAAGTCCACTTTA-1,Parenchyma 1
CATCCACAGAGACAAG-1,Muscle 1
CATCCACCACTGGATT-1,Neuron 2
CATCCACGTCTGATAC-1,Stem F
CATCCCAAGCGATGAC-1,Stem C
CATCCCAAGCTAATCC-1,Muscle 1
CATCCCAAGGAGGGTG-1,Stem A
CATCCCAAGTCTGCGC-1,Stem D
CATCCCACACCCTAAA-1,Stem B
CATCCCACAGTGAGCA-1,Protonephridia
CATCCCAGTCTGTGAT-1,Neuron 4
CATCCCAGTGAGATCG-1,Stem C
CATCCCATCGTAACTG-1,Protonephridia
CATCCCATCGTTCTCG-1,Stem C
CATCCCATCTTGGCTC-1,Stem F
CATCCGTAGAGTCACG-1,Stem A
CATCCGTAGCAGTCTT-1,Neuron 4
CATCCGTCAAGAGGTC-1,Stem B
CATCCGTCATCCGGCA-1,Stem B
CATCCGTTCCTACGAA-1,Stem D
CATCCGTTCTCGAACA-1,Muscle 1
CATCCGTTCTTAGCAG-1,Parenchyma 1
CATCGCTCAGCGTTGC-1,Stem B
CATCGCTCATCTGTTT-1,Parenchyma 1
CATCGCTCATGTGCTA-1,Muscle 2
CATCGCTGTACGATGG-1,Stem A
CATCGCTGTGTGAATA-1,Muscle 1
CATCGGGAGCATAGGC-1,Stem D
CATCGGGAGCTCGTGC-1,Stem C
CATCGGGAGGCCTTGC-1,Stem D
CATCGGGAGTACAACA-1,Protonephridia
CATCGGGCAGATAAAC-1,Stem E
CATCGGGGTAGTGATA-1,Parenchyma 1
CATCGGGGTCATCTAG-1,Stem C
CATCGGGGTCCTGTCT-1,Stem C
CATCGGGGTGACAGCA-1,Muscle 1
CATCGGGTCAATGTCG-1,Stem D
CATCGGGTCCGTCCTA-1,Muscle 2
CATCGGGTCCTCTCTT-1,Stem A
CATCGGGTCGAGAATA-1,Muscle 1
CATCGGGTCGATACTG-1,Muscle 1
CATCGGGTCGTAACCA-1,Stem F
CATCGGGTCTGAGAAA-1,Stem D
CATCGTCAGAAAGCGA-1,Muscle 1
CATCGTCCAAAGAACT-1,Parenchyma 1
CATCGTCCAATTTCGG-1,Muscle 1
CATCGTCCAGGTGGAT-1,Protonephridia
CATCGTCCAGTTGCGC-1,Stem B
CATCGTCCATGTTCAG-1,Stem F
CATGAGTAGGTCTTTG-1,Stem C
CATGAGTAGTATTGCC-1,Stem A
CATGAGTAGTCGCCCA-1,Muscle 2
CATGAGTCATGTGGTT-1,Stem A
CATGAGTGTATTCTCT-1,Stem A
CATGAGTGTGCATTTG-1,Stem C
CATGAGTGTGGCAACA-1,Stem F
CATGAGTTCAAGAGTA-1,Stem C
CATGAGTTCAGATGCT-1,Stem F
CATGAGTTCCACTAGA-1,Parenchyma 2
CATGAGTTCCGGTAAT-1,Stem B
CATGAGTTCTCTCGAC-1,Protonephridia
CATGCAACAAGGGTCA-1,Protonephridia
CATGCAAGTAGGCTCC-1,Parenchyma 2
CATGCAATCAGGTAAA-1,Stem A
CATGCAATCATAGACC-1,Stem D
CATGCAATCTCAGAAC-1,Stem A
CATGCAATCTGGTGCG-1,Muscle 1
CATGCCTAGTGAGGTC-1,Stem A
CATGCCTCAACGACAG-1,Stem C
CATGCCTGTCATCCCT-1,Stem F
CATGCCTGTTCGGTTA-1,Stem F
CATGCCTGTTGTATGC-1,Stem B
CATGCCTTCCTACACC-1,Parenchyma 1
CATGCCTTCCTGTTAT-1,Stem F
CATGCCTTCGTTGTGA-1,Stem F
CATGCCTTCTAGCCAA-1,Stem C
CATGCCTTCTGCACCT-1,Stem D
CATGCGGAGCATTGTC-1,Stem C
CATGCGGAGTGATGGC-1,Stem F
CATGCGGCACATGGTT-1,Stem F
CATGCGGCATCCCACT-1,Ciliary plate
CATGCGGCATGCGGTC-1,Stem F
CATGCGGTCCGCTTAC-1,Stem A
CATGCGGTCTCCAAGA-1,Stem B
CATGCTCCATCGCTAA-1,Stem F
CATGCTCGTAGAGACC-1,Stem F
CATGGATAGGGAGAAT-1,Parenchyma 1
CATGGATAGGTAAGGA-1,Stem C
CATGGATCAGCGTGCT-1,Stem B
CATGGATCAGCTGTTA-1,Parenchyma 1
CATGGATGTAGAGGAA-1,Neuron 4
CATGGATGTGGAGGTT-1,Stem C
CATGGATTCAGAGTGG-1,Stem F
CATGGATTCTGTTGGA-1,Stem D
CATGGTAAGGCCCGTT-1,Stem F
CATGGTAAGGTCTTTG-1,Stem F
CATGGTAAGTATGAGT-1,Protonephridia
CATGGTACACTGTCGG-1,Stem C
CATGGTAGTAGGCAAC-1,Stem D
CATGGTAGTAGTTAGA-1,Muscle 1
CATGGTAGTCGAGATG-1,Stem C
CATGGTAGTGGAAGTC-1,Stem A
CATGGTAGTGGTTCTA-1,Parenchyma 2
CATTCATAGCTCTGTA-1,Stem A
CATTCATAGGATGCGT-1,Muscle 2
CATTCATCAACAACAA-1,Stem C
CATTCATCAGGGATAC-1,Stem C
CATTCATCAGGTTCAT-1,Stem F
CATTCATCATCTATCT-1,Parenchyma 1
CATTCATGTTCAAGTC-1,Muscle 1
CATTCATTCCACTAGA-1,Muscle 1
CATTCATTCGGAGTAG-1,Stem F
CATTCCGAGAACTTCC-1,Muscle 1
CATTCCGAGAGCTGCA-1,Stem F
CATTCCGAGCGCTGAA-1,Stem D
CATTCCGCACACCTAA-1,Muscle 2
CATTCCGGTCAGGAGT-1,Muscle 1
CATTCCGGTGCCGTAC-1,Neuron 1
CATTCCGGTGTGAATA-1,Stem C
CATTCCGTCCCTATTA-1,Stem D
CATTCTAAGTCATGAA-1,Muscle 1
CATTCTAAGTTATGGA-1,Muscle 2
CATTCTACACAGTGAG-1,Stem D
CATTCTAGTCGGAAAC-1,Muscle 1
CATTCTATCCCACAGG-1,Stem D
CATTCTATCTAAGCCA-1,Stem C
CATTGAGAGATGCAGC-1,Stem F
CATTGAGAGCACTCTA-1,Stem F
CATTGAGAGTGCACTT-1,Muscle 1
CATTGAGCAAGTATCC-1,Stem D
CATTGAGTCCGCAACG-1,Stem F
CATTGAGTCTATTCGT-1,Protonephridia
CATTGCCAGACGGAAA-1,Muscle 2
CATTGCCAGTTTGAGA-1,Stem B
CATTGCCCACAACGCC-1,Stem D
CATTGCCGTGAATATG-1,Stem E
CATTGCCGTGTCTAAC-1,Muscle 1
CATTGCCGTTACCGTA-1,Muscle 1
CATTGCCTCGTAACTG-1,Stem F
CATTGCCTCGTCAGAT-1,Parenchyma 1
CATTGTTAGTCTCTGA-1,Parenchyma 1
CATTGTTGTATTGAGA-1,Parenchyma 1
CATTGTTGTCTGCCTT-1,Stem F
CATTGTTGTGTAGCAG-1,Stem D
CATTTCAAGAGTACCG-1,Stem B
CATTTCAAGCCGTCGT-1,Protonephridia
CATTTCAAGTATAGGT-1,Neuron 1
CATTTCACAAATCCCA-1,Stem A
CATTTCATCTCATGGA-1,Stem F
CCAAGCGAGAATTGTG-1,Muscle 2
CCAAGCGGTATGCTTG-1,Stem F
CCAATGACAAAGCAAT-1,Muscle 2
CCAATGACAGACCAGA-1,Stem A
CCAATGACATCGATAC-1,Stem C
CCAATGACATCTCATT-1,Parenchyma 1
CCAATGACATTCCTCG-1,Stem D
CCAATGAGTCGCGTCA-1,Parenchyma 1
CCAATGAGTTAGGCCC-1,Stem F
CCAATGAGTTGTAAAG-1,Stem F
CCAATGATCACAACCA-1,Muscle 1
CCAATGATCCAACCGG-1,Stem E
CCAATGATCCTCCACA-1,Stem E
CCAATGATCGAGCACC-1,Stem C
CCAATGATCTACTTCA-1,Stem F
CCAATTTCAGCTACTA-1,Stem A
CCAATTTCATCATGAC-1,Stem F
CCAATTTGTCTAGGTT-1,Stem D
CCAATTTGTGGGTCAA-1,Stem D
CCAATTTGTTGATCGT-1,Parenchyma 2
CCACAAAAGCGATTCT-1,Stem B
CCACAAAAGTATTCCG-1,Stem F
CCACAAACAAGTGATA-1,Protonephridia
CCACAAACACGAAGAC-1,Parenchyma 1
CCACAAACAGCTACTA-1,Stem C
CCACAAAGTTTCGTTT-1,Parenchyma 1
CCACAAATCCCATTTA-1,Stem F
CCACACTAGAGAATCT-1,Muscle 2
CCACACTAGCCACAAG-1,Stem A
CCACACTCATCGCTGG-1,Stem B
CCACACTCATTAAAGG-1,Parenchyma 1
CCACACTTCGGCTATA-1,Stem C
CCACACTTCTGCATAG-1,Stem D
CCACCATAGCCAAGCA-1,Stem B
CCACCATCACGACTAT-1,Muscle 1
CCACCATGTAAGGCCA-1,Stem F
CCACCATGTGGCTCTG-1,Stem C
CCACCATTCAAAGCCT-1,Stem E
CCACCATTCACTGGGC-1,Neuron 4
CCACCATTCCGGCAGT-1,Stem B
CCACCATTCGAGTACT-1,Parenchyma 1
CCACCATTCTCGTGGG-1,Stem C
CCACCATTCTTGAACG-1,Stem A
CCACGAGCAGCCCAGT-1,Neuron 5
CCACGAGCAGCTCCTT-1,Stem D
CCACGAGCAGTGTACT-1,Stem C
CCACGAGGTATTCCTT-1,Muscle 1
CCACGAGGTTCATCGA-1,Neuron 1
CCACGAGTCCAAATGC-1,Stem D
CCACGTTAGCATGGGT-1,Muscle 1
CCACGTTCAATGCAAA-1,Muscle 1
CCACGTTCATCAACCA-1,Parenchyma 2
CCACGTTCATTATGCG-1,Stem C
CCACGTTGTACAAACA-1,Stem A
CCACGTTGTCGCGTCA-1,Neuron 1
CCACGTTGTGAGGATC-1,Stem A
CCACGTTTCATGCCCT-1,Stem C
CCACGTTTCCTCAGGG-1,Stem A
CCACTTGAGATACAGT-1,Stem F
CCACTTGAGCGGGTAT-1,Stem F
CCACTTGCACACCGCA-1,Stem C
CCACTTGTCTAGTCAG-1,Parenchyma 1
CCACTTGTCTTGGCTC-1,Stem A
CCATAAGAGGGCCTCT-1,Stem B
CCATAAGCACGCAAAG-1,Stem D
CCATAAGGTATGGGAC-1,Stem A
CCATAAGGTTTAAGGA-1,Neuron 5
CCATAAGTCGCAACAT-1,Muscle 1
CCATAAGTCTCAACCC-1,Protonephridia
CCATCACAGACTCGAG-1,Stem F
CCATCACAGCAGGGAG-1,Stem A
CCATCACCAGGTTTAC-1,Stem F
CCATCACCATACCATG-1,Muscle 1
CCATCACCATTGACCA-1,Neuron 4
CCATCACTCGCTGACG-1,Stem F
CCCAACTAGCTGAGTG-1,Stem A
CCCAACTCATGGTACT-1,Parenchyma 1
CCCAACTGTAATTAGG-1,Muscle 1
CCCAACTGTAGGGTAC-1,Stem A
CCCAACTGTCACCGAC-1,Stem F
CCCAACTGTCGATGCC-1,Stem D
CCCAACTGTTCAAAGA-1,Parenchyma 2
CCCAACTGTTTACCAG-1,Parenchyma 1
CCCAACTTCCCTTGTG-1,Stem E
CCCAACTTCGTTGCCT-1,Stem A
CCCATTGAGACGGTCA-1,Muscle 1
CCCATTGAGATGTAGT-1,Stem A
CCCATTGAGATTGACA-1,Neuron 1
CCCATTGAGCGGCTCT-1,Stem F
CCCATTGCAGATTAAG-1,Muscle 1
CCCATTGCAGCTATTG-1,Stem D
CCCATTGCATTGCCGG-1,Protonephridia
CCCATTGGTACACGTT-1,Stem B
CCCATTGGTGACTCTA-1,Stem F
CCCATTGGTGCGTGCT-1,Stem B
CCCATTGGTTCTATCT-1,Stem F
CCCATTGTCAAGTTGC-1,Stem C
CCCATTGTCAATGCAC-1,Stem C
CCCGAAGAGAGCCCAA-1,Muscle 1
CCCGAAGAGATTTGCC-1,Stem B
CCCGAAGAGTCGAAGC-1,Neuron 1
CCCGAAGCAAACGGCA-1,Stem F
CCCGAAGCACGGTGAA-1,Stem A
CCCGAAGCAGTAACAA-1,Stem B
CCCGAAGCAGTCGTTA-1,Stem C
CCCGAAGGTGGACCAA-1,Stem B
CCCGAAGGTTAGTCGT-1,Muscle 1
CCCGAAGTCGCTGATA-1,Parenchyma 1
CCCGAAGTCGTAACCA-1,Neuron 1
CCCGAAGTCGTGCGAC-1,Muscle 1
CCCGAAGTCTGTAACG-1,Stem F
CCCGGAAAGGATACAT-1,Stem C
CCCGGAAAGTAACGAT-1,Stem E
CCCGGAACAATCTCTT-1,Stem C
CCCGGAACACGGGCTT-1,Protonephridia
CCCGGAACAGCCGGTT-1,Stem D
CCCGGAACAGGAGGAG-1,Stem C
CCCGGAAGTGCGGCTT-1,Stem C
CCCGGAATCAACTGGT-1,Stem C
CCCGGAATCGCCATAA-1,Muscle 2
CCCTAACAGATACAGT-1,Stem C
CCCTAACAGCATCGAG-1,Stem A
CCCTAACCAAGAGTTA-1,Muscle 2
CCCTAACGTTCTGACA-1,Stem F
CCCTAACGTTGGGATG-1,Stem F
CCCTAACTCATTACCT-1,Stem F
CCCTAACTCCCGAGTG-1,Muscle 1
CCCTAACTCGCTAAAC-1,Muscle 1
CCCTAACTCGGAATTC-1,Stem B
CCCTAACTCTTGTGCC-1,Stem E
CCCTCAAAGATGAACT-1,Muscle 1
CCCTCAAAGCGTTGTT-1,Stem F
CCCTCAAAGGTGCCAA-1,Stem D
CCCTCAACAACCCTAA-1,Stem A
CCCTCAACAAGCTACT-1,Parenchyma 2
CCCTCAACATTGACAC-1,Stem F
CCCTCAAGTCATACCA-1,Stem A
CCCTCAAGTTGAGGAC-1,Stem C
CCCTCAATCCGTTGGG-1,Stem C
CCCTCAATCGGACGTC-1,Neuron 5
CCCTCTCCACCCTTGT-1,Stem F
CCCTCTCCAGAGCTAG-1,Stem A
CCCTCTCCAGATTTCG-1,Muscle 1
CCCTCTCGTCTCTCTG-1,Stem C
CCCTCTCTCATCTCTA-1,Neuron 1
CCCTGATAGGTTCAGG-1,Stem F
CCCTGATCACACCTGG-1,Stem C
CCCTGATCAGTTAAAG-1,Muscle 1
CCCTGATGTCGTTGCG-1,Stem A
CCCTGATGTGCTGTCG-1,Stem C
CCCTGATGTTGCAACT-1,Stem E
CCCTGATGTTGTCATG-1,Stem C
CCCTGATTCAACCGAT-1,Stem C
CCCTGATTCCATTGTT-1,Stem F
CCCTGATTCCTCATAT-1,Parenchyma 1
CCCTTAGCAACATACC-1,Muscle 2
CCCTTAGCACGAGAAC-1,Parenchyma 2
CCCTTAGGTAGAGACC-1,Stem C
CCCTTAGGTGGCGCTT-1,Stem B
CCCTTAGTCGTCAGAT-1,Muscle 1
CCGAACGAGCAGGCTA-1,Protonephridia
CCGAACGAGCGATTCT-1,Stem B
CCGAACGCACTGTTCC-1,Neuron 1
CCGAACGGTATGCTAC-1,Muscle 1
CCGAACGGTCTACGTA-1,Protonephridia
CCGAACGTCCCAACTC-1,Stem C
CCGAACGTCGGAATGG-1,Stem F
CCGAACGTCGTTAGAC-1,Stem D
CCGATCTAGACATCAA-1,Stem F
CCGATCTAGGTCTGGA-1,Protonephridia
CCGATCTGTGATGAAT-1,Stem B
CCGATCTGTTCAAAGA-1,Muscle 1
CCGATCTTCACCCTCA-1,Stem F
CCGATCTTCATCGCTC-1,Stem F
CCGATCTTCTGAACGT-1,Stem B
CCGATGGAGGAACGTC-1,Parenchyma 2
CCGATGGCAACCGACC-1,Stem B
CCGATGGCACTGAATC-1,Protonephridia
CCGATGGCATACTGTG-1,Stem F
CCGATGGCATCTCGTC-1,Stem F
CCGATGGGTAGACGGT-1,Parenchyma 2
CCGATGGGTAGGTGCA-1,Stem F
CCGATGGGTCGTTGCG-1,Stem D
CCGATGGGTGAATGTA-1,Stem C
CCGATGGGTGACCTGC-1,Stem D
CCGATGGGTTGCGGAA-1,Stem C
CCGATGGGTTTGCAGT-1,Stem A
CCGATGGTCGCGCTGA-1,Muscle 1
CCGCAAGAGACATAAC-1,Stem F
CCGCAAGAGTAGCCAG-1,Neuron 1
CCGCAAGCACGATAGG-1,Stem A
CCGCAAGGTGAGACGT-1,Neuron 5
CCGCAAGGTTCTTAGG-1,Neuron 1
CCGCAAGTCACATTGG-1,Stem F
CCGCAAGTCCACACCT-1,Stem A
CCGGACAAGACTCAAA-1,Stem D
CCGGACAAGGTCCTGC-1,Neuron 1
CCGGACAAGTATCTGC-1,Muscle 1
CCGGACACAAGACGAC-1,Stem C
CCGGACAGTATCCCTC-1,Stem A
CCGGACAGTCAACATC-1,Protonephridia
CCGGACAGTCGAGCTC-1,Stem B
CCGGACAGTTGGGTTT-1,Stem A
CCGGGTAAGCAGGCAT-1,Stem A
CCGGGTAAGGTCGCCT-1,Stem D
CCGGGTAAGTAGGGTC-1,Muscle 1
CCGGGTACACCGAATT-1,Stem F
CCGGGTACATCGCTAA-1,Stem C
CCGGGTAGTGGATCAG-1,Stem C
CCGGGTATCAAGGTGG-1,Muscle 1
CCGGTAGAGGAGCAAA-1,Stem A
CCGGTAGCAAAGACTA-1,Muscle 2
CCGGTAGCACCCTAAA-1,Stem D
CCGGTAGCACGTACAT-1,Muscle 1
CCGGTAGCAGCCCAGT-1,Neuron 1
CCGGTAGCAGCTGTAT-1,Protonephridia
CCGGTAGCAGGGAATC-1,Stem B
CCGGTAGGTGCAATAA-1,Stem F
CCGGTAGTCTCGTCGT-1,Stem A
CCGGTAGTCTCGTTTA-1,Stem D
CCGGTAGTCTTACCGC-1,Stem A
CCGGTGAAGATCGGTG-1,Stem C
CCGGTGAAGGCGTTGA-1,Stem D
CCGGTGACATGACTTG-1,Muscle 1
CCGGTGAGTCAAGTTC-1,Stem C
CCGGTGAGTTACGCCG-1,Neuron 1
CCGGTGAGTTCCGGTG-1,Stem C
CCGGTGATCCCGAATA-1,Protonephridia
CCGGTGATCCGCACGA-1,Muscle 1
CCGTAGGAGAAGCTGC-1,Neuron 1
CCGTAGGAGCACTAAA-1,Protonephridia
CCGTAGGAGCGTGAAC-1,Stem E
CCGTAGGAGTCAGGGT-1,Stem F
CCGTAGGCAACGGCTC-1,Stem D
CCGTAGGCACACACTA-1,Stem B
CCGTAGGCAGCTACAT-1,Stem F
CCGTAGGCATGACACT-1,Stem E
CCGTAGGGTCATGACT-1,Stem E
CCGTAGGGTGTACAGG-1,Stem F
CCGTAGGTCATTTGCT-1,Protonephridia
CCGTAGGTCCCAGGAC-1,Muscle 1
CCGTAGGTCCGTGGTG-1,Parenchyma 1
CCGTAGGTCGACATCA-1,Stem A
CCGTAGGTCTACCTTA-1,Muscle 1
CCGTGAGAGTCATGGG-1,Stem D
CCGTGAGCAACGACAG-1,Stem E
CCGTGAGCAGGACTTT-1,Stem A
CCGTGAGGTGTTTGCA-1,Tegument
CCGTGAGGTTTGTTCT-1,Stem A
CCGTGAGTCATCTATC-1,Stem B
CCGTGAGTCTAGTACG-1,Neuron 1
CCGTGAGTCTTCGGTC-1,Muscle 1
CCGTTCAAGACTTCCA-1,Neuron 1
CCGTTCAAGAGGGTGG-1,Stem B
CCGTTCAAGCGTTGTT-1,Stem D
CCGTTCAAGGGTACAC-1,Stem D
CCGTTCAAGGTGGGTT-1,Stem A
CCGTTCAAGTAAGCAT-1,Neuron 1
CCGTTCACATGAAAGT-1,Stem F
CCGTTCAGTGTGGACA-1,Stem C
CCGTTCATCCACTTTA-1,Stem F
CCTAACCAGCGGTAGT-1,Stem F
CCTAACCCAATTGCCA-1,Stem E
CCTAACCCATAGGTTC-1,Stem F
CCTAACCGTAGTCTGT-1,Stem C
CCTAACCGTCCGTTTC-1,Stem E
CCTAACCGTCGCAGTC-1,Muscle 1
CCTAACCTCTTACGGA-1,Parenchyma 2
CCTAAGAAGGAGTACC-1,Stem B
CCTACGTCAGAACTCT-1,Stem D
CCTACGTGTCGTATTG-1,Parenchyma 2
CCTACGTTCAAATGAG-1,Parenchyma 1
CCTACGTTCTTAGGAC-1,Neuron 5
CCTATCGCACGATTCA-1,Stem C
CCTATCGGTGAGCGAT-1,Stem D
CCTATCGGTGTAACGG-1,Stem D
CCTATCGTCGTCTACC-1,Muscle 1
CCTCAACCACACAGAG-1,Stem F
CCTCAACCAGACAAGC-1,Stem D
CCTCAACCATATACCG-1,Stem C
CCTCAACCATCAGTGT-1,Muscle 1
CCTCAACCATTCAGCA-1,Parenchyma 1
CCTCAACGTAAGATTG-1,Stem A
CCTCAACGTGGCCACT-1,Stem F
CCTCAACGTTAGAAAC-1,Protonephridia
CCTCAACTCACTCACC-1,Stem D
CCTCACAAGCTGAGCA-1,Stem B
CCTCACAGTACCTAAC-1,Stem B
CCTCACAGTGCGTCGT-1,Stem B
CCTCACAGTTGGGTAG-1,Neuron 4
CCTCACATCCAAGCAT-1,Neuron 4
CCTCACATCCCGTAAA-1,Stem D
CCTCACATCGCGCCAA-1,Stem A
CCTCACATCTGCTGAA-1,Stem F
CCTCAGTAGGCTGAAC-1,Parenchyma 2
CCTCAGTAGTTCCAGT-1,Stem A
CCTCAGTCACTAGTAC-1,Stem D
CCTCAGTCATCCGTTC-1,Stem F
CCTCAGTTCCGTAGTA-1,Stem C
CCTCAGTTCGTAACTG-1,Stem B
CCTCAGTTCTGGTTGA-1,Stem F
CCTCATGAGATGCTTC-1,Stem B
CCTCATGAGCAATAGT-1,Parenchyma 1
CCTCATGAGGTAGTCG-1,Stem B
CCTCATGCAATCAAGA-1,Muscle 1
CCTCATGCACTCCACT-1,Stem F
CCTCATGCATATGGCT-1,Protonephridia
CCTCATGCATCCGATA-1,Stem F
CCTCATGGTGATTGGG-1,Stem D
CCTCATGTCGGTGTAT-1,Stem A
CCTCCAAAGCCTTCTC-1,Stem E
CCTCCAACAACGACAG-1,Stem F
CCTCCAACAGCTACTA-1,Stem C
CCTCCAAGTACCTGTA-1,Stem C
CCTCCAAGTCCCGCAA-1,Muscle 1
CCTCCAAGTGTCCAAT-1,Protonephridia
CCTCCAATCCATAGAC-1,Stem F
CCTCCAATCCGCTAGG-1,Parenchyma 2
CCTCCAATCCTACGGG-1,Parenchyma 1
CCTCCAATCGCAACAT-1,Stem D
CCTCCAATCGTTCTAT-1,Muscle 1
CCTCCTCAGATCACTC-1,Neuron 1
CCTCCTCAGGACACTG-1,Parenchyma 1
CCTCCTCAGGAGCAAA-1,Muscle 1
CCTCCTCCACTGCACG-1,Stem A
CCTCCTCCACTGTGTA-1,Muscle 1
CCTCCTCCATCTCATT-1,Stem A
CCTCCTCTCATGAGAA-1,Stem B
CCTCTAGAGTAACAGT-1,Muscle 1
CCTCTAGTCAATGCAC-1,Muscle 1
CCTCTAGTCTTAGCCC-1,Muscle 1
CCTCTAGTCTTCGACC-1,Stem C
CCTCTCCAGAGCTGAC-1,Stem D
CCTCTCCAGTCCGTCG-1,Muscle 1
CCTCTCCCATCGAGCC-1,Stem A
CCTCTCCCATTGACAC-1,Stem A
CCTCTCCGTCTTTCTA-1,Muscle 1
CCTCTCCGTTTGGGAG-1,Tegument
CCTGCATAGGCGTTAG-1,Neuron 1
CCTGCATAGTCTGGTT-1,Stem F
CCTGCATCAGACAATA-1,Stem A
CCTGCATCATGAGGGT-1,Stem D
CCTGCATGTGGTCCCA-1,Stem C
CCTGCATGTTGGCTAT-1,Stem B
CCTGCATTCACGGGCT-1,Tegument
CCTGTTGAGTCTTCCC-1,Stem D
CCTGTTGAGTGAATAC-1,Stem B
CCTGTTGCAATCTCTT-1,Stem F
CCTGTTGCACCCTGAG-1,Stem C
CCTGTTGGTATAGGGC-1,Stem F
CCTGTTGGTTCCGGTG-1,Parenchyma 2
CCTGTTGTCGGACTTA-1,Stem C
CCTTCAGAGAAACACT-1,Neuron 1
CCTTCAGGTCAAGCCC-1,Muscle 1
CCTTCAGGTCATGGCC-1,Stem D
CCTTCAGGTGTCGATT-1,Muscle 1
CCTTCAGGTTTCACTT-1,Muscle 1
CCTTCAGTCCTACGAA-1,Stem F
CCTTCAGTCGGATAAA-1,Stem E
CCTTCAGTCTCGCTCA-1,Stem A
CCTTCAGTCTCTCTTC-1,Muscle 2
CCTTGTGAGATCGGTG-1,Stem A
CCTTGTGAGCCGATCC-1,Stem C
CCTTGTGTCACAGTGT-1,Stem C
CCTTGTGTCACTGTCC-1,Protonephridia
CCTTTGGAGCACTCCG-1,Stem A
CCTTTGGAGCGTCGAA-1,Stem B
CCTTTGGAGGCTATCT-1,Muscle 1
CCTTTGGAGTGCCGAA-1,Stem D
CCTTTGGCAAAGGCTG-1,Stem F
CCTTTGGGTACTGCGC-1,Protonephridia
CCTTTGGTCAAATGCC-1,Stem C
CCTTTGGTCATGCTAG-1,Muscle 1
CCTTTGGTCCGATAAC-1,Stem C
CGAAGGAAGCCTGGAA-1,Stem D
CGAAGGAAGCGAGAAA-1,Stem C
CGAAGGAAGGGCAAGG-1,Protonephridia
CGAAGGACACACGCCA-1,Stem C
CGAAGGACACAGTGAG-1,Parenchyma 1
CGAAGGACATGACTGT-1,Stem E
CGAAGGAGTAACAAGT-1,Stem A
CGAAGGAGTCAACATC-1,Protonephridia
CGAAGGAGTCAGGCAA-1,Stem B
CGAAGGAGTGAGCTCC-1,Stem C
CGAAGGAGTTGATCGT-1,Stem B
CGAAGGATCAGTGGGA-1,Stem F
CGAAGGATCCCTCGAT-1,Neuron 1
CGAAGGATCCCTGTTG-1,Stem A
CGAAGGATCGTGGCTG-1,Stem B
CGAAGGATCGTTCCTG-1,Stem D
CGAAGTTAGAGAGTGA-1,Stem B
CGAAGTTAGCGCCGTT-1,Neuron 4
CGAAGTTCAAGAGTAT-1,Neuron 1
CGAAGTTCACGGTGAA-1,Parenchyma 2
CGAAGTTCAGAGATGC-1,Muscle 1
CGAAGTTCAGGAGGAG-1,Stem F
CGAAGTTGTAGTCTGT-1,Parenchyma 1
CGAAGTTGTTGCATGT-1,Stem F
CGAAGTTTCCGATGCG-1,Stem D
CGAATTGAGAGCGACT-1,Stem A
CGAATTGCAGGTCAAG-1,Parenchyma 2
CGAATTGCAGTCACGC-1,Stem C
CGAATTGGTCACTCGG-1,Stem D
CGAATTGGTCTAGATC-1,Stem A
CGAATTGGTGAGGCAT-1,Muscle 1
CGAATTGGTGCGACAA-1,Stem C
CGAATTGGTTAGGGAC-1,Stem A
CGAATTGGTTCACGAT-1,Stem B
CGAATTGTCCGATAGT-1,Muscle 1
CGAATTGTCGCTTGAA-1,Stem B
CGAATTGTCTAACACG-1,Stem C
CGAATTGTCTCTAAGG-1,Muscle 1
CGACAGCAGATAGCAT-1,Muscle 1
CGACAGCAGCAATTAG-1,Stem F
CGACAGCGTGGTTTGT-1,Protonephridia
CGACAGCTCGGACTTA-1,Stem A
CGACAGCTCTACCACC-1,Stem B
CGAGAAGAGATTGATG-1,Stem A
CGAGAAGCAGTATTCG-1,Muscle 1
CGAGAAGGTCACCGAC-1,Stem D
CGAGAAGGTGCATCTA-1,Stem C
CGAGAAGGTGCTGATT-1,Stem C
CGAGAAGTCACAATGC-1,Stem F
CGAGAAGTCCACCTGT-1,Muscle 1
CGAGAAGTCTAGCCAA-1,Stem D
CGAGAAGTCTCCGATC-1,Stem F
CGAGGAAAGTACGAGC-1,Stem D
CGAGGAACACTGCTTC-1,Parenchyma 1
CGAGGAACATAGGTAA-1,Neuron 5
CGAGGAATCCGGTAGC-1,Stem C
CGAGGAATCCTATTGT-1,Stem D
CGAGGCTAGGCAGGTT-1,Stem B
CGAGGCTAGTCATCGT-1,Muscle 1
CGAGGCTCAAGAATAC-1,Stem A
CGAGGCTCAGGGAATC-1,Stem C
CGAGGCTGTAGAGACC-1,Stem A
CGAGGCTGTGCCTTCT-1,Stem A
CGAGGCTTCCGCAAAT-1,Stem B
CGAGGCTTCGTTGCCT-1,Stem B
CGAGGCTTCTACTGCC-1,Neuron 1
CGAGTGCCAGACAATA-1,Stem D
CGAGTGCGTAGTGCGA-1,Parenchyma 1
CGAGTGCGTATGGAGC-1,Stem C
CGAGTGCTCCGCCTAT-1,Stem F
CGAGTGCTCGGCATCG-1,Stem C
CGAGTGCTCTCCTACG-1,Stem D
CGAGTGCTCTGGCCGA-1,Muscle 1
CGAGTTAAGAGCACTG-1,Stem C
CGAGTTAAGGTGTGAC-1,Stem B
CGAGTTAAGTGCTCAT-1,Stem C
CGAGTTACACAGTATC-1,Stem F
CGAGTTACACTCACTC-1,Stem F
CGAGTTACAGTTTCAG-1,Muscle 1
CGAGTTACATGGCCCA-1,Stem A
CGAGTTATCGACCTAA-1,Stem E
CGAGTTATCTACTATC-1,Neuron 1
CGATCGGAGAACAAGG-1,Stem C
CGATCGGCACCTCGTT-1,Stem D
CGATCGGCAGCCCAGT-1,Stem F
CGATCGGCAGCGGTTC-1,Muscle 1
CGATCGGCAGGCTTGC-1,Parenchyma 1
CGATCGGCATCGGATT-1,Stem A
CGATCGGGTACCTAAC-1,Stem D
CGATCGGTCCGCAACG-1,Stem F
CGATCGGTCGAACTCA-1,Stem B
CGATCGGTCGTACCTC-1,Stem B
CGATGCGAGGATGCGT-1,Neuron 1
CGATGCGAGTAACGAT-1,Stem F
CGATGCGCAATCGCAT-1,Muscle 1
CGATGCGGTCGAGATG-1,Stem C
CGATGCGTCTTAGGAC-1,Muscle 1
CGATGGCAGGAAGTGA-1,Stem E
CGATGGCGTGCATACT-1,Parenchyma 2
CGCAGGTCAAATGGAT-1,Stem F
CGCAGGTCAGACACCC-1,Stem C
CGCAGGTCAGCTGTGC-1,Stem D
CGCAGGTGTCGTTTCC-1,Stem B
CGCAGGTGTGTTTACG-1,Muscle 1
CGCAGGTGTTCGGTAT-1,Stem B
CGCAGGTTCACATACG-1,Stem C
CGCAGGTTCGGAACTT-1,Neuron 1
CGCATAAAGATCGACG-1,Muscle 2
CGCATAAAGGAATTAC-1,Stem F
CGCATAACATTACGGT-1,Parenchyma 2
CGCATAAGTGTCCAAT-1,Protonephridia
CGCATAATCACTGAAC-1,Stem E
CGCATAATCCGGCTTT-1,Stem D
CGCATAATCGGACTTA-1,Stem F
CGCATGGCACCCTGAG-1,Stem B
CGCATGGCACGACAGA-1,Muscle 1
CGCATGGCAGGTCCGT-1,Stem F
CGCATGGGTGTGTCCG-1,Stem A
CGCATGGTCCGAGAAG-1,Stem C
CGCATGGTCCTCTTTC-1,Muscle 1
CGCCAGAAGCCGCACT-1,Stem E
CGCCAGAAGGAAGTCC-1,Parenchyma 1
CGCCAGAAGGGAGTTC-1,Stem F
CGCCAGACAGATACTC-1,Muscle 1
CGCCAGACATCGATCA-1,Stem F
CGCCAGACATGTCGTA-1,Stem D
CGCCAGAGTATACCCA-1,Neuron 5
CGCCAGAGTGCCTACG-1,Stem F
CGCCAGATCAGACCGC-1,Stem A
CGCCAGATCGATTGGT-1,Neuron 1
CGCCATTCAAGTAGTA-1,Stem A
CGCCATTGTCGTGGAA-1,Stem B
CGCCATTTCATTTCGT-1,Parenchyma 1
CGCCATTTCCACAGGC-1,Stem E
CGCCATTTCGCCGAGT-1,Stem F
CGCGTGAAGACGGAAA-1,Muscle 2
CGCGTGAAGAGCTGAC-1,Stem D
CGCGTGAAGGAACGAA-1,Stem C
CGCGTGAAGTCGAAGC-1,Neuron 1
CGCGTGACATCAGCAT-1,Stem F
CGCGTGAGTATCTCTT-1,Stem B
CGCGTGAGTTCAATCG-1,Stem C
CGCGTGATCCTCTTTC-1,Muscle 1
CGCGTGATCGCTTGAA-1,Stem D
CGCGTGATCTGCTAGA-1,Muscle 2
CGGAACCAGCAGGTCA-1,Stem A
CGGAACCAGCTCGGCT-1,Stem A
CGGAACCCAACTACGT-1,Parenchyma 1
CGGAACCTCACTTCTA-1,Stem E
CGGAACCTCGACCTAA-1,Stem A
CGGAACCTCTTCCCAG-1,Stem C
CGGAATTCAAACTAGA-1,Neuron 5
CGGAATTCAAGACCGA-1,Protonephridia
CGGAATTCACCCATAA-1,Muscle 1
CGGAATTCACGCACCA-1,Stem B
CGGAATTGTTTCGCTC-1,Stem A
CGGACACAGCTTCGTA-1,Stem C
CGGACACAGGTAAGGA-1,Stem A
CGGACACAGTCGGCAA-1,Muscle 2
CGGACACCACTAAACC-1,Stem B
CGGACACCACTGTTCC-1,Stem C
CGGACACCAGGACATG-1,Stem B
CGGACACCATACGCAT-1,Muscle 1
CGGACACGTCTACTGA-1,Stem C
CGGACACGTGACAACG-1,Stem F
CGGACACGTTCTTAGG-1,Stem B
CGGACACTCGGACTTA-1,Stem F
CGGACACTCGTTCGCT-1,Stem F
CGGACACTCTCCAAGA-1,Stem A
CGGAGAAAGTTGGAAT-1,Parenchyma 1
CGGAGAACACCTTCGT-1,Stem B
CGGAGAAGTCCTGTCT-1,Stem B
CGGAGAATCGTCGATA-1,Stem F
CGGAGAATCTATCGGA-1,Stem F
CGGCAGTAGAGTGACC-1,Parenchyma 2
CGGCAGTAGCCTCAAT-1,Stem C
CGGCAGTCAATTGCTG-1,Stem A
CGGCAGTCAGGTGGAT-1,Stem F
CGGGACTAGGCCTGCT-1,Stem D
CGGGACTAGGTCTGGA-1,Stem D
CGGGACTAGTCACGAG-1,Protonephridia
CGGGACTCAACGCCCA-1,Muscle 1
CGGGACTCATCCGAGC-1,Stem D
CGGGACTCATGCCGAC-1,Neuron 1
CGGGACTTCCCAGCGA-1,Stem F
CGGGACTTCTGTCCCA-1,Stem C
CGGGCATAGAAGGTAG-1,Stem C
CGGGCATAGTAGGTTA-1,Neuron 4
CGGGCATCAGCAATTC-1,Stem F
CGGGCATGTCTGTGCG-1,Stem A
CGGGCATTCACCTACC-1,Stem F
CGGGCATTCAGAGCGA-1,Stem F
CGGGCATTCGACTCCT-1,Stem D
CGGGCATTCTAGTACG-1,Stem A
CGGGCATTCTTGGAAC-1,Parenchyma 1
CGGGTCAAGCACACCC-1,Neuron 4
CGGGTCACACCTTCGT-1,Stem C
CGGGTCACACGGCTAC-1,Stem B
CGGGTCAGTCCACTCT-1,Stem B
CGGGTCAGTCTCTCTG-1,Stem A
CGGGTCAGTGTCCAAT-1,Stem F
CGGGTCAGTTTACCTT-1,Stem B
CGGGTCAGTTTCCAAG-1,Stem C
CGGGTCATCAAGGAGC-1,Tegument
CGGGTCATCCGCTAGG-1,Muscle 1
CGGGTCATCCGTATAG-1,Stem E
CGGGTCATCTCCAATT-1,Stem B
CGGGTGTAGCTGACAG-1,Stem E
CGGGTGTAGTCGAGGT-1,Stem A
CGGGTGTAGTTGGAGC-1,Stem A
CGGGTGTCAGCTCATA-1,Tegument
CGGGTGTCATGTGCTA-1,Parenchyma 2
CGGGTGTGTTGAATCC-1,Muscle 1
CGGGTGTTCCGATCTC-1,Stem C
CGGGTGTTCCTACAAG-1,Stem A
CGGGTGTTCCTGCCAT-1,Stem C
CGGTCAGCAAGAATGT-1,Stem A
CGGTCAGCAATAGTAG-1,Stem C
CGGTCAGCAGCAGTTT-1,Stem B
CGGTCAGCATAGGCGA-1,Stem D
CGGTCAGGTCAATCTG-1,Stem D
CGTAAGTAGAGCCGAT-1,Stem C
CGTAAGTAGGTACATA-1,Muscle 1
CGTAAGTAGGTTCTTG-1,Parenchyma 1
CGTAAGTCATGGCCAC-1,Stem B
CGTAAGTGTACGTTCA-1,Stem F
CGTAAGTGTCCGAAAG-1,Stem B
CGTAAGTGTTTACCAG-1,Stem A
CGTAAGTTCCGATCGG-1,Stem B
CGTAAGTTCGTGCTCT-1,Stem D
CGTAATGAGTTACGTC-1,Stem F
CGTAATGAGTTGGCGA-1,Muscle 1
CGTAATGCAGTAGATA-1,Protonephridia
CGTAATGGTCCGGATC-1,Stem E
CGTAATGGTGCACGCT-1,Tegument
CGTAATGTCCACCTCA-1,Muscle 1
CGTAATGTCCAGTGTA-1,Stem F
CGTAATGTCGTTCTGC-1,Stem C
CGTAGTAAGACTCGAG-1,Stem C
CGTAGTACAAGAGAGA-1,Stem D
CGTAGTACAAGAGCTG-1,Stem C
CGTAGTACAAGCTACT-1,Stem D
CGTAGTACAAGGTCGA-1,Stem A
CGTAGTACAGTTAGGG-1,Parenchyma 1
CGTAGTAGTCAAGCCC-1,Stem C
CGTAGTAGTTCAGTAC-1,Stem F
CGTAGTAGTTCTGACA-1,Stem A
CGTCAAAAGGAAACGA-1,Stem C
CGTCAAAGTAGGACTG-1,Stem B
CGTCAAAGTCTGTAGT-1,Stem F
CGTCAAATCCACACAA-1,Stem B
CGTCAAATCCTCTCTT-1,Neuron 1
CGTCAAATCTCTATGT-1,Parenchyma 2
CGTCCATAGGCCTAAG-1,Stem C
CGTCCATAGGTTCATC-1,Parenchyma 2
CGTCCATAGTTTCAGC-1,Stem B
CGTCCATGTGCTAGCC-1,Neuron 1
CGTCCATGTGGCGTAA-1,Neuron 1
CGTCCATTCCACTTTA-1,Stem B
CGTCCATTCCGTAGGC-1,Stem C
CGTGAATAGAATCGCG-1,Stem A
CGTGAATTCAAATGCC-1,Stem D
CGTGAATTCTGTCCCA-1,Stem A
CGTGATAAGCACTAAA-1,Stem F
CGTGATAAGGCCTTCG-1,Muscle 1
CGTGATAAGGCTGGAT-1,Parenchyma 1
CGTGATAAGGTCTTTG-1,Muscle 1
CGTGATACAGGCTATT-1,Stem C
CGTGATACATGCACTA-1,Stem C
CGTGATACATGTGCCG-1,Stem B
CGTGATAGTTCATCTT-1,Stem D
CGTGATATCCGCAGTG-1,Stem E
CGTGATATCCGCGATG-1,Stem C
CGTGATATCGGACCAC-1,Stem D
CGTGATATCGGTCGGT-1,Stem C
CGTGATATCTAACACG-1,Muscle 1
CGTGATATCTGGAAGG-1,Stem C
CGTGCTTTCGTGTGAT-1,Stem C
CGTGTCTAGAAGCTCG-1,Stem D
CGTGTCTAGAGAACCC-1,Stem C
CGTGTCTAGCATGCGA-1,Parenchyma 1
CGTGTCTAGGATTTGA-1,Stem B
CGTGTCTAGTGGCGAT-1,Parenchyma 2
CGTGTCTCAAGAGTAT-1,Stem B
CGTGTCTCAAGCGGAT-1,Neuron 1
CGTGTCTCAATAGAGT-1,Stem F
CGTGTCTGTAGCGCTC-1,Muscle 1
CGTGTCTGTAGGATAT-1,Stem F
CGTGTCTTCCGATGCG-1,Stem E
CGTGTCTTCTGCAGCG-1,Muscle 2
CGTTAGAAGACGAAGA-1,Neuron 1
CGTTAGAAGGGTGAGG-1,Stem D
CGTTAGACAATAGTAG-1,Parenchyma 1
CGTTCTGAGACCATGG-1,Stem C
CGTTCTGAGACCTCAT-1,Neuron 1
CGTTCTGCACAAGTGG-1,Stem A
CGTTCTGCATGCCATA-1,Stem D
CGTTCTGGTAACTTCG-1,Stem C
CGTTCTGGTCCCTGTT-1,Protonephridia
CGTTCTGGTGTCCGTG-1,Stem C
CGTTCTGTCAAGTCGT-1,Muscle 1
CGTTGGGAGAAGCGCT-1,Stem B
CGTTGGGAGATGGCAC-1,Muscle 1
CGTTGGGCAAACCGGA-1,Protonephridia
CGTTGGGCACTTTAGG-1,Protonephridia
CGTTGGGGTAGAAACT-1,Muscle 1
CGTTGGGTCACTTGGA-1,Parenchyma 1
CGTTGGGTCATTGGTG-1,Muscle 1
CGTTGGGTCGAGAACG-1,Stem F
CGTTGGGTCGGCAGTC-1,Stem A
CGTTGGGTCTCATTGT-1,Parenchyma 2
CTAACCCAGGCCACTC-1,Stem B
CTAACCCAGGGTGGGA-1,Stem A
CTAACCCAGTTCTACG-1,Stem E
CTAACCCCAGTGCGCT-1,Stem C
CTAACCCGTAACCCGC-1,Protonephridia
CTAACCCGTAGCGTCC-1,Stem F
CTAACCCGTTGCTCAA-1,Parenchyma 1
CTAACCCGTTTGGAAA-1,Muscle 1
CTAACCCTCCTACACC-1,Stem B
CTAACCCTCGGACTGC-1,Stem C
CTAACTTAGACCACGA-1,Stem D
CTAACTTCAAAGACTA-1,Stem F
CTAACTTGTATGGGAC-1,Muscle 1
CTAACTTGTCGGATTT-1,Muscle 1
CTAACTTGTCGTATGT-1,Neuron 1
CTAACTTTCAGAGCGA-1,Muscle 1
CTAACTTTCGTTCTCG-1,Muscle 1
CTAACTTTCTAGACCA-1,Stem A
CTAAGTGAGCTTTCTT-1,Parenchyma 1
CTAAGTGCAGCTCATA-1,Stem D
CTAAGTGCAGTCAGAG-1,Stem A
CTAAGTGGTGGCTACC-1,Stem C
CTAAGTGGTTTACTTC-1,Parenchyma 2
CTAAGTGGTTTCGTGA-1,Muscle 1
CTACAGAAGGAAACGA-1,Muscle 1
CTACAGAAGGAGAGGC-1,Protonephridia
CTACAGAAGGTCCCTG-1,Stem B
CTACAGAGTACCCGCA-1,Stem A
CTACAGAGTGATAGTA-1,Neuron 4
CTACAGATCGTAGCTA-1,Muscle 1
CTACATTAGGACTAAT-1,Muscle 1
CTACATTAGGAGATAG-1,Neuron 1
CTACATTCAAGCTCTA-1,Stem F
CTACATTCAGTTAGAA-1,Stem B
CTACCCAGTGAGTAAT-1,Parenchyma 2
CTACCCAGTGTTACAC-1,Stem D
CTACCCATCAACGTGT-1,Stem D
CTACCCATCAATGTCG-1,Stem C
CTACCTGAGATCACTC-1,Stem A
CTACCTGAGCTCCGAC-1,Stem A
CTACCTGAGTCCCAGC-1,Muscle 1
CTACCTGCAACGTATC-1,Muscle 1
CTACCTGCAATACCTG-1,Stem D
CTACCTGCATGACGGA-1,Stem C
CTACCTGGTACGGCAA-1,Muscle 1
CTACCTGGTTGACGGA-1,Muscle 1
CTACCTGTCGCTAATG-1,Stem D
CTACCTGTCGTAGCCG-1,Stem A
CTACGGGCAAATTAGG-1,Protonephridia
CTACGGGCACCGTGAC-1,Stem D
CTACGGGGTACAACGG-1,Stem C
CTACGGGGTGGCTACC-1,Stem C
CTACGGGGTGTTATCG-1,Muscle 1
CTACGGGGTTCCGCAG-1,Stem D
CTACGGGGTTGCGTAT-1,Muscle 1
CTACGGGTCACAGAGG-1,Stem C
CTACGGGTCTCGGGAC-1,Stem A
CTACTATAGCTCCACG-1,Muscle 1
CTACTATAGGACAAGA-1,Muscle 2
CTACTATCAAATGGAT-1,Neuron 1
CTACTATCAATTGGTC-1,Muscle 1
CTACTATCACGCTATA-1,Muscle 1
CTACTATCACTGTCCT-1,Muscle 1
CTACTATCATCATTGG-1,Parenchyma 1
CTACTATTCCTCTCGA-1,Neuron 1
CTACTATTCGGTAAGG-1,Stem C
CTAGACAAGAAGTCAT-1,Stem F
CTAGACAAGATACATG-1,Stem F
CTAGACAAGCAGTACG-1,Stem F
CTAGACACATCTAACG-1,Muscle 1
CTAGACAGTAGACAGC-1,Neuron 1
CTAGACATCCTTCTAA-1,Stem B
CTAGGTAAGCTCGACC-1,Stem A
CTAGGTAAGGTTCTTG-1,Muscle 1
CTAGGTAAGTGCGACA-1,Stem F
CTAGGTACAAATACAG-1,Neuron 4
CTAGGTACAACCGATT-1,Stem F
CTAGGTACAAGCTGCC-1,Stem A
CTAGGTACACCGTGAC-1,Stem C
CTAGGTACAGGTGAGT-1,Stem C
CTAGGTACATGCACTA-1,Stem F
CTAGGTAGTCCTGTCT-1,Stem F
CTAGGTAGTCTTCGAA-1,Stem C
CTAGGTAGTGCCAAGA-1,Stem D
CTAGGTAGTGGTGATG-1,Stem C
CTAGGTATCGAACCTA-1,Stem A
CTATAGGAGACGAAGA-1,Stem D
CTATAGGAGCGAGTCA-1,Parenchyma 2
CTATAGGAGGACAACC-1,Protonephridia
CTATAGGAGTTGTAAG-1,Neuron 1
CTATAGGCACACACTA-1,Muscle 1
CTATAGGCAGCGGTTC-1,Parenchyma 1
CTATAGGGTCGTGCCA-1,Parenchyma 1
CTATAGGTCTTTGATC-1,Protonephridia
CTATCCGCACCTAAAC-1,Stem B
CTATCCGCAGTATACC-1,Stem C
CTATCCGGTACTCGTA-1,Stem A
CTATCCGGTATCACGT-1,Muscle 1
CTATCCGGTTCTCCCA-1,Muscle 1
CTATCTACACGTAGAG-1,Stem A
CTATCTAGTTTCGTTT-1,Stem A
CTATCTATCATTATCC-1,Muscle 1
CTATCTATCATTGAGC-1,Stem A
CTCAACCAGCTATCCA-1,Stem A
CTCAACCAGCTGACAG-1,Muscle 1
CTCAACCAGTGGCCTC-1,Stem C
CTCAACCCACATTCTT-1,Neuron 4
CTCAACCCACCGTCTT-1,Parenchyma 1
CTCAACCCACTAAACC-1,Stem F
CTCAACCCAGACAAGC-1,Stem G
CTCAACCGTTGCGAAG-1,Parenchyma 1
CTCAACCTCAAACGAA-1,Stem C
CTCAACCTCGTACCTC-1,Neuron 1
CTCAAGAAGCAGGCTA-1,Stem D
CTCAAGAAGCGACATG-1,Muscle 1
CTCAAGAAGTAGCAAT-1,Muscle 1
CTCAAGACACTCTGCT-1,Muscle 1
CTCAAGACAGTAGTTC-1,Muscle 2
CTCAAGAGTAAGATTG-1,Stem A
CTCAAGAGTCCACGCA-1,Stem F
CTCAAGAGTGATATAG-1,Stem F
CTCAAGAGTTGGGACA-1,Neuron 1
CTCAAGATCATTTGTC-1,Stem B
CTCAATTAGGCTCCCA-1,Muscle 2
CTCAATTAGTATGGAT-1,Neuron 4
CTCAATTAGTCGCTAT-1,Stem D
CTCAATTCACCGTGAC-1,Muscle 1
CTCAATTGTCCAATCA-1,Muscle 1
CTCAATTGTGGATTTC-1,Neuron 1
CTCACTGAGAGTTGAT-1,Muscle 1
CTCACTGAGCAGTCTT-1,Muscle 1
CTCACTGAGCGATTCT-1,Stem A
CTCACTGAGTCGTCTA-1,Stem C
CTCACTGGTTCGTTCC-1,Stem D
CTCACTGTCCACAAGT-1,Muscle 1
CTCACTGTCGTCTAAG-1,Parenchyma 1
CTCACTGTCTCGGGAC-1,Muscle 1
CTCAGAAAGGCGATAC-1,Stem A
CTCAGAACAAGACGGT-1,Parenchyma 2
CTCAGAACAATGTTGC-1,Stem D
CTCAGAAGTAGTTAGA-1,Muscle 1
CTCAGAAGTCAGGAGT-1,Stem C
CTCAGGGAGGAACTAT-1,Muscle 1
CTCAGGGAGTAAGACT-1,Muscle 1
CTCAGGGCAGCATTGT-1,Stem F
CTCAGGGTCATTCGGA-1,Stem F
CTCAGTCCACAGCATT-1,Stem A
CTCAGTCCACGTACAT-1,Stem D
CTCAGTCGTATGATCC-1,Stem F
CTCAGTCGTCGAGATG-1,Parenchyma 2
CTCAGTCGTTTCTATC-1,Stem F
CTCAGTCGTTTGTGGT-1,Stem D
CTCATCGAGGTTCTTG-1,Stem D
CTCATCGCACTCGATA-1,Stem A
CTCATCGGTGCACATT-1,Parenchyma 1
CTCATCGGTGCTAGCC-1,Stem B
CTCATCGGTGGCGTAA-1,Stem B
CTCATCGTCAACGAGG-1,Stem A
CTCATCGTCCCGGTAG-1,Stem C
CTCATGCAGAGTAACT-1,Stem B
CTCATGCAGCTACTGT-1,Muscle 1
CTCATGCAGGGAGGGT-1,Stem C
CTCATGCAGGTTAGTA-1,Stem B
CTCATGCAGTGTACCT-1,Stem C
CTCATGCAGTTCACTG-1,Stem C
CTCATGCCACCGCTGA-1,Muscle 1
CTCATGCCACGTCATA-1,Parenchyma 1
CTCATGCCAGCGCTTG-1,Neuron 1
CTCATGCGTCATCCCT-1,Stem A
CTCATGCGTGCTCGTG-1,Stem A
CTCATGCTCCAACCGG-1,Stem A
CTCATGCTCTTAGCTT-1,Stem F
CTCATTAAGAATCCCT-1,Stem C
CTCATTAAGGCAGGGA-1,Stem A
CTCATTACAGTTTCAG-1,Stem F
CTCATTAGTGTTGACT-1,Stem F
CTCATTATCGACGTCG-1,Muscle 1
CTCCAACAGTATTGCC-1,Stem F
CTCCAACCAAGATGTA-1,Stem C
CTCCAACGTAGGAGTC-1,Muscle 1
CTCCAACGTTCGGACC-1,Stem D
CTCCAACTCAACCGAT-1,Stem E
CTCCAACTCAGCTTGA-1,Stem B
CTCCAACTCGTCCATC-1,Stem F
CTCCACAAGAGCATCG-1,Stem C
CTCCACAAGCCTCTGG-1,Neuron 4
CTCCACACACAACGTT-1,Muscle 1
CTCCACACACGCGCAT-1,Muscle 2
CTCCACACACGCGCTA-1,Protonephridia
CTCCACACATAATGCC-1,Stem F
CTCCACAGTAACGCGA-1,Muscle 1
CTCCACATCGTAGCCG-1,Parenchyma 2
CTCCATGAGGTTCTAC-1,Parenchyma 1
CTCCATGTCACCTGTC-1,Protonephridia
CTCCATGTCGCATTGA-1,Neuron 1
CTCCATGTCGGCTGGT-1,Stem D
CTCCATGTCTCGGCTT-1,Stem F
CTCCATGTCTGTAACG-1,Muscle 1
CTCCCAAAGAGGTTTA-1,Stem A
CTCCCAAAGCTAAGTA-1,Muscle 1
CTCCCAACACGGTCTG-1,Stem E
CTCCCAACACTGGACC-1,Stem A
CTCCCAACATCGCTCT-1,Stem D
CTCCCAACATTATGCG-1,Muscle 1
CTCCCAAGTCGATGCC-1,Parenchyma 2
CTCCCAAGTGCAATAA-1,Stem C
CTCCCAAGTGTGAATA-1,Stem A
CTCCCAAGTGTGTGTT-1,Stem C
CTCCCAATCAGCTCTC-1,Stem F
CTCCCAATCCGATAAC-1,Stem F
CTCCCTCAGCAGGGAG-1,Protonephridia
CTCCCTCAGTAAGAGG-1,Stem C
CTCCCTCCAGGGTTGA-1,Stem C
CTCCCTCCATGTCTAG-1,Stem E
CTCCCTCCATTGTGCA-1,Muscle 1
CTCCCTCGTCCAGGTC-1,Parenchyma 2
CTCCCTCTCACCATAG-1,Stem F
CTCCCTCTCAGATTGC-1,Stem C
CTCCCTCTCCTTCGAC-1,Stem F
CTCCGATAGACGTCGA-1,Muscle 2
CTCCGATAGGCTGGAT-1,Stem C
CTCCGATAGGTTCCGC-1,Stem B
CTCCGATCAAATGAAC-1,Muscle 1
CTCCGATCAATAGGGC-1,Muscle 2
CTCCGATCAGCGAGTA-1,Stem A
CTCCGATCATCGAACT-1,Stem F
CTCCGATCATCGAGCC-1,Stem F
CTCCGATGTAACTAAG-1,Stem D
CTCCGATGTGAATAAC-1,Muscle 1
CTCCGATTCCAACACA-1,Muscle 1
CTCCTCCAGAGCATCG-1,Stem F
CTCCTCCAGAGTTGTA-1,Muscle 1
CTCCTCCCACTTCATT-1,Muscle 1
CTCCTCCCAGCAGTGA-1,Parenchyma 1
CTCCTCCGTGAGACCA-1,Stem F
CTCCTCCTCAGCGCAC-1,Muscle 2
CTCCTCCTCGCTGCGA-1,Stem C
CTCCTTTAGCCTAACT-1,Stem C
CTCCTTTCAACCGCCA-1,Parenchyma 1
CTCCTTTCAACTGGTT-1,Muscle 1
CTCCTTTCAGGGATAC-1,Stem F
CTCCTTTCATCGAACT-1,Stem D
CTCCTTTGTCCTGAAT-1,Stem C
CTCCTTTGTCTAACGT-1,Stem F
CTCCTTTGTCTTAGTG-1,Stem C
CTCCTTTTCACTACTT-1,Stem B
CTCCTTTTCCATTTGT-1,Parenchyma 1
CTCCTTTTCTTCTTCC-1,Muscle 1
CTCGAGGAGACGCTCC-1,Muscle 1
CTCGAGGCACTCCCTA-1,Neuron 4
CTCGAGGGTACGTGTT-1,Stem F
CTCGAGGGTCCAGTTA-1,Neuron 5
CTCGAGGGTCTACATG-1,Stem B
CTCGAGGGTCTCGGGT-1,Stem E
CTCGAGGTCCTCCACA-1,Stem E
CTCGAGGTCGATCCAA-1,Stem A
CTCGAGGTCTACTCAT-1,Stem D
CTCTCAGAGAGGCTGT-1,Muscle 1
CTCTCAGAGTTTCAGC-1,Protonephridia
CTCTCAGGTACGTACT-1,Stem A
CTCTCAGGTCCTACGG-1,Parenchyma 2
CTCTCAGTCCAGTACA-1,Muscle 1
CTCTCAGTCGAACGCC-1,Parenchyma 1
CTCTCAGTCGATTCCC-1,Parenchyma 2
CTCTCAGTCTGCATGA-1,Neuron 4
CTCTCGAAGTGCACAG-1,Stem F
CTCTCGACAAGCGATG-1,Parenchyma 2
CTCTCGACAGGCAATG-1,Parenchyma 2
CTCTCGATCAGCTTCC-1,Stem D
CTCTCGATCGTAGTCA-1,Stem C
CTCTCGATCTGCGGGT-1,Stem D
CTCTGGTAGTGAGGCT-1,Stem D
CTCTGGTCAGACCATT-1,Muscle 1
CTCTGGTCATACATCG-1,Stem D
CTCTGGTGTGCTTATG-1,Parenchyma 1
CTCTGGTGTTGTTTGG-1,Muscle 2
CTCTGGTTCGTTCCTG-1,Stem F
CTGAATGAGATGAAGG-1,Stem D
CTGAATGCATCCGAAT-1,Stem F
CTGAATGTCGGACGTC-1,Stem D
CTGAATGTCGTTATCT-1,Stem A
CTGAGCGAGCCGTCGT-1,Stem D
CTGAGCGAGGTGATAT-1,Parenchyma 1
CTGAGCGCAAATCAGA-1,Neuron 5
CTGAGCGCAATCGCCG-1,Stem C
CTGAGCGCACTCCGGA-1,Stem B
CTGAGCGCAGACCAAG-1,Parenchyma 1
CTGAGCGGTAATCAAG-1,Stem C
CTGAGCGTCGGACTTA-1,Stem F
CTGAGGCCAAAGGCAC-1,Stem F
CTGAGGCCAGAACCGA-1,Stem C
CTGAGGCGTCATACCA-1,Stem C
CTGAGGCGTTCGGTTA-1,Stem A
CTGAGGCTCTGTCGCT-1,Stem A
CTGATCCAGATGCTAA-1,Stem E
CTGATCCAGCATAGGC-1,Stem C
CTGATCCCAATGCTCA-1,Stem C
CTGATCCCAGAGAAAG-1,Neuron 1
CTGATCCGTGAATTGA-1,Muscle 1
CTGATCCGTTAGAAAC-1,Neuron 1
CTGATCCGTTGCATGT-1,Stem B
CTGATCCTCGAAGCCC-1,Stem D
CTGATCCTCTGCCCTA-1,Muscle 1
CTGATCCTCTGTCCCA-1,Muscle 2
CTGCAGGAGCTTGTGT-1,Parenchyma 1
CTGCAGGAGGAGAGGC-1,Parenchyma 1
CTGCAGGCATCGGAGA-1,Stem B
CTGCAGGGTAGCTTTG-1,Protonephridia
CTGCAGGGTCGAACGA-1,Stem B
CTGCAGGGTGTTACTG-1,Parenchyma 1
CTGCAGGTCGAATCCA-1,Muscle 1
CTGCAGGTCTCCGAAA-1,Stem B
CTGCAGGTCTCGTCGT-1,Stem D
CTGCATCAGAGCAAGA-1,Stem C
CTGCATCAGATCGCCC-1,Stem C
CTGCATCCAGTCACGC-1,Stem C
CTGCATCGTTTGAAAG-1,Stem A
CTGCATCTCAAGCCCG-1,Tegument
CTGCATCTCACGAGGA-1,Stem A
CTGCATCTCATGGATC-1,Protonephridia
CTGCATCTCGTAGGAG-1,Stem B
CTGCATCTCTGGGATT-1,Stem D
CTGCCATAGCTCCATA-1,Stem C
CTGCCATAGTGAGGCT-1,Stem C
CTGCCATAGTTGGGAC-1,Stem C
CTGCCATGTTCATCGA-1,Stem C
CTGCCATTCACAACCA-1,Protonephridia
CTGCCATTCACCGGTG-1,Stem D
CTGCCTACAAGAGAGA-1,Stem D
CTGCCTATCATTGCGA-1,Muscle 1
CTGCCTATCCTGCCAT-1,Stem B
CTGCCTATCGGTCTAA-1,Stem F
CTGCCTATCTAGGCAT-1,Stem D
CTGCCTATCTGCTAGA-1,Parenchyma 2
CTGCGAGAGCGAGGAG-1,Stem E
CTGCGAGAGGTACAGC-1,Muscle 1
CTGCGAGAGTCCCGGT-1,Stem C
CTGCGAGCAATCCAGT-1,Stem A
CTGCGAGCAGCACAGA-1,Stem C
CTGCGAGGTTGTCTAG-1,Stem F
CTGCGAGTCAGTCCGG-1,Parenchyma 2
CTGCTCAAGGTAGTAT-1,Stem F
CTGCTCACACTCGATA-1,Stem D
CTGCTCACACTGCTTC-1,Stem D
CTGCTCAGTCTTGCGG-1,Muscle 1
CTGCTCATCGCCTCTA-1,Stem C
CTGCTCATCTAGCCTC-1,Parenchyma 2
CTGGACGAGGATGGCT-1,Stem C
CTGGACGCAAGTTCGT-1,Tegument
CTGGACGCAGAGAAAG-1,Parenchyma 2
CTGGACGCAGAGTTCT-1,Stem D
CTGGACGGTCACTTCC-1,Muscle 2
CTGGACGGTCGACTGC-1,Stem B
CTGGACGGTGCTAGCC-1,Stem D
CTGGACGGTGGCGTAA-1,Stem D
CTGGACGTCCTTACCG-1,Stem B
CTGGACGTCGCTCTCA-1,Parenchyma 1
CTGGACGTCGTAGGGA-1,Muscle 2
CTGGACGTCTTCGGAA-1,Parenchyma 1
CTGGCAGAGCGTGCTC-1,Stem F
CTGGCAGCAGCCCAGT-1,Stem C
CTGGCAGGTACGGTTT-1,Protonephridia
CTGGCAGTCACGATAC-1,Stem C
CTGGCAGTCGTAGTGT-1,Stem C
CTGGCAGTCTTACGTT-1,Stem D
CTGGTCTAGTGTACAA-1,Muscle 1
CTGGTCTCAAGAAATC-1,Protonephridia
CTGGTCTGTAACAGTA-1,Muscle 1
CTGGTCTGTTGTCAGT-1,Parenchyma 1
CTGGTCTTCCACCCTA-1,Parenchyma 2
CTGGTCTTCTAATTCC-1,Stem C
CTGGTCTTCTTACCAT-1,Stem F
CTGTACCAGGAAGTAG-1,Tegument
CTGTACCCAATCAGCT-1,Stem A
CTGTACCCACGGCGTT-1,Stem F
CTGTACCGTAAGAACT-1,Muscle 1
CTGTACCGTTTCGATG-1,Stem E
CTGTACCGTTTGTTGG-1,Stem A
CTGTACCTCCCTAGGG-1,Stem D
CTGTACCTCTTGCGCT-1,Parenchyma 1
CTGTAGACAAGGTTGG-1,Stem F
CTGTAGACATGCAGCC-1,Stem A
CTGTAGAGTGATGAAT-1,Stem G
CTGTAGATCATGCCAA-1,Stem A
CTGTAGATCCTACCAC-1,Stem F
CTGTATTAGACAACAT-1,Muscle 1
CTGTATTCAAATCGTC-1,Muscle 1
CTGTATTCAATGAGCG-1,Stem C
CTGTATTCATCCGAGC-1,Parenchyma 1
CTGTATTGTACTGCCG-1,Stem D
CTGTATTGTGTTCCAA-1,Muscle 1
CTGTATTGTTGAATCC-1,Stem B
CTGTATTGTTGGGACA-1,Stem D
CTGTATTTCGCCAATA-1,Muscle 1
CTGTCGTAGAAGCTGC-1,Muscle 1
CTGTCGTAGCCACAAG-1,Stem B
CTGTCGTAGCGTTCAT-1,Neuron 1
CTGTCGTAGCTCATAC-1,Stem E
CTGTCGTAGGGAGAAT-1,Stem C
CTGTCGTCACTGGACC-1,Stem D
CTGTCGTCATTGGCAT-1,Stem A
CTGTCGTGTGGTCTCG-1,Stem F
CTGTCGTTCACATACG-1,Stem F
CTGTCGTTCAGTGTGT-1,Muscle 2
CTGTCGTTCATTGGTG-1,Stem D
CTGTCGTTCATTTCCA-1,Muscle 2
CTGTCGTTCATTTGGG-1,Muscle 1
CTGTCGTTCCGACAGC-1,Stem A
CTGTCGTTCCTACCGT-1,Stem F
CTGTCGTTCGATGGAG-1,Muscle 1
CTGTCGTTCGTAGGGA-1,Stem D
CTGTCGTTCTAAACGC-1,Neuron 1
CTGTCGTTCTTGGATG-1,Stem C
CTGTGAAAGCATCTTG-1,Parenchyma 2
CTGTGAACACTCTAGA-1,Muscle 1
CTGTGAACATCGATCA-1,Stem C
CTGTGAAGTACGGGAT-1,Stem F
CTGTGAAGTATCGATC-1,Stem C
CTGTGAAGTGAGAGGG-1,Stem B
CTGTGAAGTGTATTGC-1,Stem C
CTGTGAATCGTAACCA-1,Stem A
CTGTGGGAGGTACTGG-1,Stem D
CTGTGGGCATAAGATG-1,Stem C
CTGTGGGGTACTAGCT-1,Muscle 1
CTGTGGGGTTCACGAT-1,Stem C
CTGTGGGGTTGAAGTA-1,Stem C
CTGTGGGTCAAACTGC-1,Stem D
CTGTGGGTCCATGATG-1,Muscle 2
CTGTGGGTCCCTCGAT-1,Parenchyma 2
CTTACCGAGAGGATGA-1,Stem D
CTTACCGAGAGTCTTC-1,Stem C
CTTACCGCATGGTGGA-1,Muscle 2
CTTACCGGTCACTACA-1,Stem A
CTTACCGGTCTTTCAT-1,Neuron 4
CTTACCGGTGTCACAT-1,Stem D
CTTACCGTCGCACTCT-1,Stem C
CTTACCGTCTACGGTA-1,Neuron 1
CTTAGGAAGCCGTAAG-1,Protonephridia
CTTAGGAAGGGTCTTT-1,Muscle 1
CTTAGGAAGTACTGGG-1,Stem E
CTTAGGACAAGGGCAT-1,Stem A
CTTAGGAGTTCGGTCG-1,Stem D
CTTAGGAGTTCTTGTT-1,Stem D
CTTCAATAGGATGAGA-1,Stem A
CTTCAATCAATAACGA-1,Neuron 4
CTTCAATCACTCACTC-1,Muscle 1
CTTCAATCAGGCCCTA-1,Stem F
CTTCAATGTCAAGGCA-1,Stem C
CTTCAATGTGTGAGCA-1,Stem A
CTTCCGAAGGGAGGGT-1,Stem B
CTTCCGACACGGCTAC-1,Parenchyma 1
CTTCCGACACTGAATC-1,Stem F
CTTCCGACAGGTCAGA-1,Stem F
CTTCCGAGTGTCCGGT-1,Stem D
CTTCCGAGTTATGGTC-1,Stem F
CTTCCGATCTCGTGGG-1,Protonephridia
CTTCCGATCTGCGAGC-1,Stem C
CTTCCTTAGCGTGCCT-1,Muscle 1
CTTCCTTAGGCTATCT-1,Parenchyma 2
CTTCCTTCATGCCGGT-1,Parenchyma 1
CTTCCTTGTAACCCGC-1,Stem C
CTTCCTTGTCCCTGAG-1,Neuron 1
CTTCCTTGTCGGTGAA-1,Stem D
CTTCCTTTCCGACAGC-1,Stem C
CTTCGGTCAACGTTAC-1,Neuron 1
CTTCGGTCAACTTGCA-1,Stem E
CTTCGGTCACCTAAAC-1,Stem F
CTTCGGTGTACTAACC-1,Muscle 1
CTTCGGTGTGACACAG-1,Stem C
CTTCGGTGTGGTCTCG-1,Stem F
CTTCTAAAGACCATGG-1,Neuron 1
CTTCTAAAGTGCGCTC-1,Stem A
CTTCTAACAAGTGCAG-1,Stem B
CTTCTAACACATAGCT-1,Stem F
CTTCTAACAGGCGATA-1,Muscle 1
CTTCTAACATCTGCGG-1,Muscle 1
CTTCTAAGTATACCTG-1,Parenchyma 2
CTTCTAATCAAGGAGC-1,Protonephridia
CTTCTAATCTTCCGTG-1,Muscle 2
CTTCTCTAGACCAGAC-1,Stem E
CTTCTCTAGGGCGAAG-1,Stem B
CTTCTCTAGGTTCATC-1,Stem F
CTTCTCTGTTGGGCCT-1,Stem A
CTTCTCTTCAAGCCCG-1,Muscle 1
CTTCTCTTCCATGCAA-1,Parenchyma 1
CTTCTCTTCGCAGTGC-1,Stem B
CTTGAGAAGAGGTCAC-1,Neuron 1
CTTGAGAAGTCTCGTA-1,Stem C
CTTGAGAGTACGTAGG-1,Stem B
CTTGAGATCCGGACTG-1,Stem C
CTTGATTAGCTCGACC-1,Stem A
CTTGATTAGGACTATA-1,Stem F
CTTGATTCAATGAAAC-1,Stem F
CTTGATTCATCTCCCA-1,Stem D
CTTGATTTCAAGGAGC-1,Parenchyma 2
CTTTCAAAGCCGATTT-1,Parenchyma 2
CTTTCAACACATGAAA-1,Protonephridia
CTTTCAACACCCAATA-1,Muscle 1
CTTTCAACAGTCGGAA-1,Stem A
CTTTCAACATGCAGGA-1,Muscle 1
CTTTCAAGTGGACAGT-1,Muscle 1
CTTTCAAGTTTCAGAC-1,Stem C
CTTTCAATCGTAGTCA-1,Stem C
CTTTCAATCGTGCATA-1,Stem A
CTTTCGGAGGCGTTGA-1,Stem C
CTTTCGGGTCAACCTA-1,Protonephridia
CTTTCGGGTTACCGTA-1,Stem C
CTTTCGGTCTTAAGGC-1,Stem C
GAAACCTAGCTCGCAC-1,Stem C
GAAACCTAGGATACGC-1,Muscle 2
GAAACCTAGTGAGGCT-1,Parenchyma 1
GAAACCTGTGATACTC-1,Stem A
GAAATGAAGCACCAGA-1,Stem F
GAAATGACAGCCGTTG-1,Stem C
GAAATGACAGGCTACC-1,Stem E
GAAATGAGTCCGGACT-1,Stem F
GAAATGAGTGGAAGTC-1,Stem A
GAAATGAGTTCACCGG-1,Stem E
GAAATGAGTTTCGTTT-1,Muscle 1
GAAATGATCATTTCGT-1,Stem F
GAAATGATCGTGTGAT-1,Muscle 1
GAACACTAGACAACAT-1,Stem D
GAACACTCACAATGCT-1,Stem D
GAACACTCAGACCCGT-1,Stem D
GAACACTGTATGTGTC-1,Muscle 1
GAACACTGTCTTGAGT-1,Stem C
GAACACTGTGACAGGT-1,Stem D
GAACACTTCCAACTAG-1,Protonephridia
GAACACTTCGAGTGAG-1,Protonephridia
GAACGTTAGCCTTGAT-1,Stem F
GAACGTTCAAGCTGCC-1,Stem D
GAACGTTCACGCCAGT-1,Muscle 1
GAACGTTCAGACGGAT-1,Stem E
GAACGTTGTCGCGTCA-1,Parenchyma 2
GAACGTTTCCTGTACC-1,Muscle 1
GAACGTTTCGGAGCAA-1,Stem C
GAACGTTTCTAAACGC-1,Stem A
GAACTGTAGATAACGT-1,Muscle 1
GAACTGTCACACGCCA-1,Stem C
GAACTGTCAGTAGGAC-1,Muscle 2
GAACTGTGTTACACAC-1,Stem B
GAACTGTGTTCGTACA-1,Parenchyma 1
GAACTGTTCTCCCTAG-1,Stem D
GAAGAATCATAATCGC-1,Muscle 1
GAAGAATTCTGTGCGG-1,Protonephridia
GAAGAATTCTGTGCTC-1,Stem F
GAAGCCCAGACTAGAT-1,Stem F
GAAGCCCAGCTAATGA-1,Stem A
GAAGCCCCAAGGCCTC-1,Parenchyma 1
GAAGCCCCAGACGCTC-1,Stem C
GAAGCCCGTAATACCC-1,Stem C
GAAGCCCTCCAATGCA-1,Stem B
GAAGCCCTCGACGATT-1,Stem D
GAAGCCCTCTAGAGCT-1,Stem A
GAAGCGAAGTGGTTAA-1,Parenchyma 1
GAAGCGACAAACTGCT-1,Muscle 1
GAAGCGACAACCGACC-1,Stem F
GAAGCGACAGGTTCAT-1,Parenchyma 1
GAAGCGAGTCCTCCAT-1,Muscle 2
GAAGGACCAAAGGGCT-1,Stem A
GAAGGACCAAGATTGA-1,Protonephridia
GAAGGACCAAGCTACT-1,Stem D
GAAGGACCAGGCCCTA-1,Stem D
GAAGGACCAGGTGACA-1,Stem C
GAAGGACCAGTGCGCT-1,Muscle 2
GAAGGACCATTGACCA-1,Muscle 1
GAAGGACGTAGTTACC-1,Stem D
GAAGGACGTTACCTTT-1,Stem F
GAAGGACTCCATTTGT-1,Stem E
GAAGGACTCTCCATAT-1,Muscle 1
GAAGGGTAGATCACTC-1,Parenchyma 1
GAAGGGTAGCACTGGA-1,Stem D
GAAGGGTAGCGCCATC-1,Neuron 1
GAAGGGTAGTCAGCGA-1,Stem C
GAAGGGTCAAGAGGCT-1,Stem F
GAAGGGTCACGAAGAC-1,Stem C
GAAGGGTCAGACGATG-1,Stem D
GAAGGGTGTATGATCC-1,Stem C
GAAGGGTGTTGGGTAG-1,Stem A
GAAGGGTGTTGTAGCT-1,Stem C
GAAGGGTTCTTCACAT-1,Stem F
GAAGTAAAGAGGTGCT-1,Parenchyma 2
GAAGTAAAGTCCCGAC-1,Stem D
GAAGTAACAAGGCTTT-1,Muscle 2
GAAGTAACAGCGGTCT-1,Neuron 1
GAAGTAACAGTATACC-1,Stem A
GAAGTAAGTTTAAGGA-1,Neuron 1
GAAGTAAGTTTGGAAA-1,Stem B
GAATAGAAGCCTGCCA-1,Stem C
GAATAGACAGAGTTGG-1,Stem A
GAATAGATCCATTTAC-1,Stem C
GAATAGATCTAGTTCT-1,Neuron 1
GAATCACAGTGGAAAG-1,Stem E
GAATCACGTATCGAAA-1,Stem A
GAATCACGTTGGGACA-1,Muscle 2
GAATCACTCTCTGACC-1,Stem D
GAATCGTCAACAGCTT-1,Neuron 4
GAATCGTCAGTTGCGC-1,Stem F
GAATCGTGTGGCTAGA-1,Neuron 4
GACACGCCAATCTAGC-1,Muscle 1
GACACGCGTAGGGAGG-1,Stem F
GACACGCGTGGAAGTC-1,Stem D
GACACGCGTTGTCATG-1,Protonephridia
GACACGCTCAAATAGG-1,Muscle 1
GACACGCTCTTTCCAA-1,Stem E
GACAGCCGTGCCGTTG-1,Stem C
GACAGCCTCTGGTTGA-1,Parenchyma 1
GACATCAAGCTACTAC-1,Stem F
GACATCACACGACGCT-1,Stem F
GACATCAGTAACCAGG-1,Stem A
GACATCATCTTCCGTG-1,Stem C
GACCAATCACCAGCTG-1,Stem B
GACCAATCATCGTCCT-1,Stem F
GACCAATGTTAGGAGC-1,Muscle 2
GACCCAGAGACAGCGT-1,Stem D
GACCCAGAGCTAAACA-1,Stem F
GACCCAGGTACAATAG-1,Stem A
GACCCAGGTGAATGAT-1,Stem B
GACCCAGGTTTCGTGA-1,Muscle 1
GACCCAGTCAGGAACG-1,Stem C
GACCCTTGTGTGGTCC-1,Stem A
GACCCTTGTTTGAACC-1,Stem F
GACCCTTTCAACTACG-1,Neuron 5
GACCCTTTCATACGGT-1,Stem A
GACCCTTTCCGTGCGA-1,Stem A
GACCCTTTCGTCAACA-1,Neuron 4
GACCGTGAGACCAAGC-1,Stem B
GACCGTGCAAATTGGA-1,Muscle 1
GACCGTGGTTATTCCT-1,Stem F
GACCGTGTCACCCTCA-1,Stem B
GACCGTGTCGGACTTA-1,Stem B
GACCTTCAGCATTGTC-1,Stem B
GACCTTCAGCCGAACA-1,Stem D
GACCTTCAGGGAACAA-1,Stem F
GACCTTCGTAACATAG-1,Muscle 1
GACCTTCGTGGACCTC-1,Muscle 2
GACGCTGGTAATGCGG-1,Muscle 2
GACGCTGGTCTACAAC-1,Stem F
GACGCTGGTTCGGCCA-1,Stem D
GACGTTAAGACTCTAC-1,Muscle 1
GACGTTAAGCTGAAAT-1,Stem C
GACGTTAAGGTCTTTG-1,Muscle 1
GACGTTACAAGACTGG-1,Neuron 1
GACGTTAGTAACTGCT-1,Parenchyma 2
GACGTTAGTACGGGAT-1,Stem F
GACGTTAGTCACCGAC-1,Neuron 1
GACGTTAGTTTAAGGA-1,Muscle 1
GACTATGAGCCTCTGG-1,Stem C
GACTATGAGCGACTGA-1,Stem A
GACTATGAGCGTTAGG-1,Stem C
GACTATGCACTCTGCT-1,Stem C
GACTATGCATGCAGCC-1,Stem F
GACTATGGTCAACGCC-1,Stem E
GACTATGGTGAACCGA-1,Muscle 1
GACTATGGTTGGAGGT-1,Stem F
GACTATGTCATTCGTT-1,Stem E
GACTATGTCCGGTTCT-1,Stem F
GACTCAAAGGCAGCTA-1,Stem C
GACTCAACAGTTGAAA-1,Muscle 1
GACTCAAGTGTATTCG-1,Stem B
GACTCAAGTTAGGAGC-1,Protonephridia
GACTCAATCCGAAGGA-1,Muscle 1
GACTCAATCGAAGAAT-1,Muscle 1
GACTCAATCGATCCAA-1,Stem A
GACTCAATCTGAGAAA-1,Stem F
GACTCTCAGCCTTGAT-1,Neuron 4
GACTCTCCAACTACGT-1,Neuron 1
GACTCTCCAAGCACCC-1,Parenchyma 1
GACTCTCGTCGCAACC-1,Stem A
GACTCTCTCAAAGGAT-1,Stem F
GACTCTCTCATTATCC-1,Stem C
GACTGATAGAACGCGT-1,Stem D
GACTGATCAGAGAATT-1,Stem B
GACTGATTCGCTGCGA-1,Stem E
GACTTCCAGCTGCGAA-1,Stem F
GACTTCCAGGACGCTA-1,Stem B
GACTTCCAGGTCGTGA-1,Stem F
GACTTCCCAAGACGAC-1,Muscle 1
GACTTCCCAATGGCAG-1,Stem B
GACTTCCCACAAGTGG-1,Parenchyma 1
GACTTCCCAGAGCTAG-1,Muscle 1
GACTTCCCAGAGTCTT-1,Stem F
GACTTCCCATCTAGAC-1,Stem F
GACTTCCTCCACAAGT-1,Stem F
GAGAAATAGCTGTTCA-1,Stem A
GAGAAATAGTAGACCG-1,Muscle 1
GAGAAATCATTGACCA-1,Muscle 1
GAGAAATGTACAAAGT-1,Protonephridia
GAGAAATGTATGGTTC-1,Muscle 2
GAGACCCAGAATGTTG-1,Stem F
GAGACCCAGCATGGGT-1,Stem D
GAGACCCAGTCGAATA-1,Stem F
GAGACCCCAACTCCAA-1,Muscle 1
GAGACCCCACTACCCT-1,Muscle 2
GAGACCCGTACCGGAA-1,Stem F
GAGACTTAGCCTGAGA-1,Muscle 1
GAGACTTAGGGAGATA-1,Stem D
GAGACTTAGGGTAGCT-1,Muscle 1
GAGACTTAGGTCGCCT-1,Stem A
GAGACTTAGTGATAAC-1,Neuron 4
GAGACTTCACCATATG-1,Stem D
GAGACTTCACGCGCAT-1,Neuron 1
GAGACTTCAGCACGAA-1,Neuron 1
GAGACTTGTCATGCAT-1,Stem F
GAGACTTTCGACACTA-1,Stem A
GAGACTTTCGGTAACT-1,Stem D
GAGACTTTCTCGAACA-1,Protonephridia
GAGAGGTGTGTGTACT-1,Muscle 1
GAGAGGTTCTCATTTG-1,Neuron 1
GAGATGGAGACTTAAG-1,Stem F
GAGATGGAGGTGAGCT-1,Stem B
GAGATGGCAATCGCAT-1,Stem D
GAGATGGGTCCGACGT-1,Protonephridia
GAGATGGGTTCCAGGC-1,Stem A
GAGATGGGTTTGATCG-1,Stem C
GAGCCTGAGACCGTTT-1,Stem A
GAGCCTGAGCATTGTC-1,Parenchyma 2
GAGCCTGAGCCGTTAT-1,Stem E
GAGCCTGAGCCTGTCG-1,Stem C
GAGCCTGCATCCTTCG-1,Neuron 5
GAGCCTGGTGAGTTGG-1,Parenchyma 1
GAGCCTGTCATTTCGT-1,Muscle 1
GAGCCTGTCGACGCTG-1,Stem B
GAGCCTGTCTATTCGT-1,Neuron 1
GAGCTGCAGAAGCGCT-1,Parenchyma 1
GAGCTGCAGATCCCGC-1,Stem D
GAGCTGCAGTAGGGTC-1,Parenchyma 2
GAGCTGCGTTCAGCTA-1,Stem D
GAGCTGCTCCACAAGT-1,Muscle 1
GAGCTGCTCTACTATC-1,Stem F
GAGCTGCTCTATCGCC-1,Stem C
GAGGCAAAGAGTTCGG-1,Stem D
GAGGCAAAGTCCTGTA-1,Muscle 1
GAGGCAACACGTGAGA-1,Stem B
GAGGCAACATGACAGG-1,Parenchyma 1
GAGGCAAGTGAGATAT-1,Stem F
GAGGCAATCCGAGAAG-1,Stem D
GAGGCAATCTGAGGCC-1,Neuron 1
GAGGCCTAGCCGATAG-1,Stem B
GAGGCCTAGGTTTGAA-1,Protonephridia
GAGGCCTCAGCTTCGG-1,Stem A
GAGGCCTCATGTGGTT-1,Stem B
GAGGCCTGTGAGATAT-1,Stem F
GAGGCCTTCACGGAGA-1,Muscle 1
GAGGCCTTCACTTGTT-1,Muscle 1
GAGGCCTTCGACCAAT-1,Parenchyma 1
GAGGGATAGGAGGTTC-1,Muscle 1
GAGGGATCAATGGGTG-1,Muscle 1
GAGGGATCATGGATCT-1,Muscle 1
GAGGGATCATTGCTGA-1,Stem C
GAGGGATGTGACTCGC-1,Stem F
GAGGGATTCCGTGGCA-1,Stem F
GAGGGATTCCTTCAGC-1,Parenchyma 1
GAGGGATTCGCCAGTG-1,Stem C
GAGGGTAAGAGGGTCT-1,Parenchyma 2
GAGGGTAAGATGGTAT-1,Stem A
GAGGGTAAGCAGGCAT-1,Parenchyma 2
GAGGGTACAAGCCCAC-1,Stem D
GAGGGTACACTCTCGT-1,Stem C
GAGGGTACACTGCTTC-1,Stem C
GAGGGTACAGTCCGTG-1,Neuron 1
GAGGGTAGTAGGCAAC-1,Neuron 4
GAGGGTAGTCGCCTAG-1,Neuron 1
GAGGGTATCCGAGGCT-1,Stem E
GAGGGTATCGACCACG-1,Muscle 1
GAGGGTATCGGTCAGC-1,Stem A
GAGGGTATCGTCTCAC-1,Stem A
GAGGGTATCTTCTGTA-1,Muscle 1
GAGTCATAGGAAGTGA-1,Stem F
GAGTCATAGTGGAAGA-1,Stem D
GAGTCATAGTGTAGTA-1,Parenchyma 1
GAGTCATCAAATGCGG-1,Muscle 2
GAGTCATCAAGCACAG-1,Neuron 1
GAGTCATGTGCAGGAT-1,Stem F
GAGTCTACAGGTTCAT-1,Stem B
GAGTCTAGTCCAACGC-1,Stem F
GAGTCTAGTGAGTTTC-1,Stem F
GAGTCTATCATGCAGT-1,Muscle 1
GAGTGAGAGAGAACCC-1,Stem A
GAGTGAGAGAGCAAGA-1,Muscle 1
GAGTGAGAGCCTTGAT-1,Parenchyma 2
GAGTGAGAGCGTCTGC-1,Stem A
GAGTGAGAGGCAGGTT-1,Stem F
GAGTGAGAGTGCTCGC-1,Stem C
GAGTGAGCACAACGCC-1,Stem D
GAGTGAGCAGGCGATA-1,Muscle 1
GAGTGAGCAGTACTAC-1,Stem A
GAGTGAGGTAGAGCTG-1,Stem D
GAGTGAGGTAGGTCAG-1,Stem A
GAGTGAGTCGGCATCG-1,Stem A
GAGTGAGTCGGCATTA-1,Stem E
GAGTGAGTCTGAGTCA-1,Muscle 1
GAGTGTTCAGCAGATG-1,Stem A
GAGTGTTCATGCCGAC-1,Muscle 1
GAGTGTTTCGACATCA-1,Stem F
GAGTTACAGATTCGCT-1,Stem A
GAGTTACAGCCTAACT-1,Muscle 1
GAGTTACAGGACTTCT-1,Stem D
GAGTTACGTCTTCAAG-1,Stem D
GAGTTACTCGTTCCTG-1,Muscle 1
GAGTTGTAGATCGCTT-1,Parenchyma 1
GAGTTGTAGCAGCCTC-1,Protonephridia
GAGTTGTAGGTCGTAG-1,Stem E
GAGTTGTAGTAACGTA-1,Stem D
GAGTTGTAGTTGCGAG-1,Stem B
GAGTTGTCAATTGAAG-1,Stem B
GAGTTGTGTAACTGCT-1,Stem B
GAGTTGTGTTGGTACT-1,Stem B
GAGTTGTGTTGTCATG-1,Stem D
GAGTTGTTCTAGAGCT-1,Stem F
GAGTTGTTCTGCTTTA-1,Stem D
GAGTTTGAGGTTGAGC-1,Stem A
GAGTTTGGTCAGTCTA-1,Stem B
GAGTTTGGTCGTCAGC-1,Stem C
GAGTTTGGTGTAAATG-1,Stem A
GAGTTTGTCTTGTGCC-1,Stem A
GATAGAAAGAATCCCT-1,Muscle 2
GATAGAAAGTCAAGCG-1,Stem C
GATAGAAGTGGACCTC-1,Stem A
GATAGAAGTTGCATTG-1,Muscle 1
GATAGAATCAGAGTTC-1,Parenchyma 1
GATAGAATCATTCTTG-1,Parenchyma 1
GATAGAATCTTTGCAT-1,Parenchyma 2
GATAGCTAGAAATCCA-1,Stem B
GATAGCTCAAGGACAC-1,Muscle 1
GATAGCTCACCCAAGC-1,Stem D
GATAGCTCACTGTGTA-1,Neuron 1
GATAGCTGTACCAGAG-1,Stem C
GATAGCTGTACGAAAT-1,Stem C
GATAGCTGTGCATGAG-1,Stem F
GATAGCTGTTGCTCAA-1,Stem F
GATAGCTTCGCTTAAG-1,Stem C
GATAGCTTCGGCATCG-1,Muscle 1
GATAGCTTCTTAATCC-1,Stem B
GATCACAAGACAGCTG-1,Stem C
GATCACAAGGTCTACT-1,Protonephridia
GATCACACACAGTGTT-1,Muscle 1
GATCACACAGTATTCG-1,Muscle 1
GATCACAGTACTTGTG-1,Stem C
GATCACAGTCCAGCGT-1,Muscle 1
GATCACAGTCCGTTTC-1,Muscle 1
GATCACAGTGCCTTTC-1,Stem B
GATCACAGTGTCCATA-1,Neuron 1
GATCAGTCACGCCACA-1,Stem F
GATCAGTCAGCGGATA-1,Stem A
GATCAGTCATGACGAG-1,Stem C
GATCAGTGTGATACCT-1,Stem B
GATCAGTGTTAAACAG-1,Stem F
GATCAGTGTTCCGCTT-1,Stem A
GATCAGTTCGCAATTG-1,Stem F
GATCAGTTCTAGCATG-1,Neuron 1
GATCATGCAAGTGACG-1,Stem B
GATCATGTCGGATACT-1,Muscle 1
GATCCCTAGACCCGCT-1,Parenchyma 2
GATCCCTAGACTCAAA-1,Stem D
GATCCCTCAAGGTTGG-1,Stem F
GATCCCTGTGCGCTCA-1,Parenchyma 2
GATCCCTTCAGCGTCG-1,Stem D
GATCCCTTCAGCTCTC-1,Stem F
GATCCCTTCCCGATCT-1,Stem A
GATCCCTTCCCTTGGT-1,Stem D
GATCCCTTCCTCACGT-1,Stem C
GATCCCTTCTGGAGAG-1,Muscle 1
GATCGTAAGAGCTGAC-1,Stem E
GATCGTAAGGAGCAAA-1,Muscle 1
GATCGTACAAATGCTC-1,Protonephridia
GATCGTAGTTTGATCG-1,Stem D
GATCGTATCCGTATGA-1,Stem A
GATCGTATCTAGACCA-1,Muscle 1
GATGACTAGTGATAAC-1,Stem A
GATGACTCATGGCTGC-1,Stem D
GATGACTTCAGAGTTC-1,Muscle 1
GATGACTTCCAGTGTA-1,Stem B
GATGACTTCCATCAGA-1,Parenchyma 2
GATGACTTCGCTTAAG-1,Muscle 1
GATGAGGAGCAAATGT-1,Stem D
GATGAGGCAGAATCGG-1,Stem C
GATGAGGGTGCTGCAC-1,Muscle 1
GATGAGGGTTCGGCTG-1,Stem C
GATGAGGTCGCCAATA-1,Stem F
GATGATCAGCAGCGAT-1,Neuron 4
GATGATCCAACTTGCA-1,Stem A
GATGATCTCAAACTGC-1,Stem D
GATGATCTCCGCACTT-1,Stem C
GATGATCTCTAGAACC-1,Stem F
GATGCTAAGCGCCGTT-1,Muscle 1
GATGCTAAGTACCATC-1,Stem A
GATGCTAAGTCCCGAC-1,Stem E
GATGCTACAGGCAATG-1,Stem D
GATGCTAGTTGCCGAC-1,Stem B
GATGCTATCAAATGCC-1,Protonephridia
GATGGAGAGCCATTTG-1,Neuron 1
GATGGAGAGCCTTGAT-1,Parenchyma 1
GATGGAGAGGGCAATC-1,Parenchyma 1
GATGGAGAGGTAGCCA-1,Parenchyma 2
GATGGAGCAAGAGTGC-1,Stem C
GATGGAGCACGGCACT-1,Parenchyma 2
GATGGAGGTCTTCATT-1,Parenchyma 2
GATGGAGGTGTGATGG-1,Stem C
GATGGAGGTGTTGAGG-1,Parenchyma 1
GATGGAGGTTTACCTT-1,Neuron 1
GATGGAGGTTTCGTGA-1,Stem D
GATGTTGAGCATGATA-1,Stem F
GATGTTGCAATACCTG-1,Stem E
GATGTTGGTCGTGGTC-1,Stem F
GATGTTGGTGTGAGCA-1,Parenchyma 1
GATGTTGGTTAGCTAC-1,Neuron 1
GATGTTGTCCGCAAAT-1,Muscle 1
GATGTTGTCTGGCCAG-1,Protonephridia
GATTCGAAGTTCACTG-1,Parenchyma 2
GATTCGACAGGCGTTC-1,Stem E
GATTCGACATATACCG-1,Protonephridia
GATTCGAGTGGGACAT-1,Stem D
GATTCGATCTACCTTA-1,Stem C
GATTCGATCTGAATGC-1,Stem F
GATTCTTCAAGTGGTG-1,Stem F
GATTCTTTCATGCGGC-1,Stem F
GATTGGTAGATCGGTG-1,Parenchyma 1
GATTGGTCACCTGCGA-1,Stem C
GATTGGTCAGACCAGA-1,Stem F
GATTGGTGTCAGTTTG-1,Stem A
GATTGGTTCCGCGAGT-1,Parenchyma 1
GATTGGTTCGAACGGA-1,Stem C
GATTTCTAGCCGTTAT-1,Stem C
GATTTCTAGCTACAAA-1,Neuron 5
GATTTCTAGGACACTG-1,Stem D
GATTTCTCAAAGAGTT-1,Muscle 1
GATTTCTCAATGAAAC-1,Stem B
GATTTCTCACAGAAGC-1,Stem C
GATTTCTCACATATCG-1,Muscle 1
GCAACATAGCCTGACC-1,Parenchyma 2
GCAACATAGGAGTCTG-1,Protonephridia
GCAACATAGGGCCTCT-1,Stem B
GCAACATAGGGTAATT-1,Muscle 1
GCAACATAGTCACGCC-1,Stem F
GCAACATTCCATGCAA-1,Muscle 1
GCAACATTCGTAGGGA-1,Parenchyma 2
GCAACCGAGAAGCTCG-1,Neuron 1
GCAACCGAGCCTCTTC-1,Muscle 1
GCAACCGAGTGCCTCG-1,Stem D
GCAACCGCAGACCCGT-1,Neuron 2
GCAACCGCATGACAAA-1,Muscle 1
GCAACCGTCGTTATCT-1,Stem C
GCACATAAGGTCCAGA-1,Muscle 1
GCACATAAGTCTAGAA-1,Stem A
GCACATACAAGTTCGT-1,Muscle 2
GCACATACATGGCCCA-1,Muscle 1
GCACATAGTCCATACA-1,Parenchyma 1
GCACATAGTCGACGCT-1,Protonephridia
GCACATAGTCTCCTGT-1,Stem D
GCACATAGTGTGTCGC-1,Parenchyma 2
GCACATATCTGTCCCA-1,Neuron 1
GCACGGTAGCTCACTA-1,Stem C
GCACGGTCAGGCGAAT-1,Muscle 1
GCACGGTGTCCTACGG-1,Stem A
GCACGGTGTGAGGAAA-1,Stem C
GCACGGTTCAAACCTG-1,Stem D
GCACGTGCATAGGTAA-1,Muscle 1
GCACGTGGTCTGTGTA-1,Parenchyma 1
GCACGTGGTTGGGTTT-1,Muscle 1
GCACGTGTCAGGAAAT-1,Parenchyma 1
GCACGTGTCATGCCCT-1,Stem B
GCACGTGTCCTCACCA-1,Stem D
GCACGTGTCGACACTA-1,Stem D
GCACGTGTCTGAGGCC-1,Stem B
GCACGTGTCTGGCCTT-1,Protonephridia
GCACTAAAGTATGATG-1,Stem D
GCACTAAGTAAGATTG-1,Stem D
GCACTAAGTACACGCC-1,Stem F
GCAGCCAAGCCAAGCA-1,Stem D
GCAGCCAAGCCTAGGA-1,Parenchyma 2
GCAGCCACACCATTCC-1,Stem F
GCAGCCACAGAACTAA-1,Stem E
GCAGCCACATAGACTC-1,Stem C
GCAGCCAGTTTAGACC-1,Stem E
GCAGCCATCAGACCTA-1,Stem F
GCAGCCATCATAAGGA-1,Stem F
GCAGCCATCTTTCAGT-1,Parenchyma 1
GCAGCTGAGTCGTTAC-1,Muscle 1
GCAGCTGAGTTGCGCC-1,Parenchyma 1
GCAGCTGCACGCTGCA-1,Stem C
GCAGCTGCATAACCCA-1,Stem A
GCAGCTGCATGTGTCA-1,Stem C
GCAGCTGGTCACTCTC-1,Muscle 2
GCAGCTGGTCGTTTCC-1,Stem F
GCAGCTGGTGAGATAT-1,Muscle 1
GCAGCTGTCACTTGGA-1,Stem A
GCAGCTGTCTCCCTAG-1,Stem E
GCAGGCTAGTGGTTAA-1,Stem D
GCAGGCTAGTTACGTC-1,Stem B
GCAGGCTCAACAAGAT-1,Protonephridia
GCAGGCTCAGAGATGC-1,Protonephridia
GCAGGCTTCAAAGAAC-1,Stem E
GCAGGCTTCCTAGCTC-1,Muscle 1
GCAGGCTTCGCTACAA-1,Parenchyma 1
GCAGGCTTCGCTTGCT-1,Parenchyma 1
GCAGTTACACTAGGTT-1,Protonephridia
GCAGTTACATTGTCGA-1,Parenchyma 1
GCAGTTAGTCCGGATC-1,Stem F
GCAGTTAGTGTATACC-1,Stem A
GCAGTTATCCTTCTTC-1,Protonephridia
GCAGTTATCGACGATT-1,Neuron 4
GCAGTTATCGGTCATA-1,Stem A
GCAGTTATCTCCAAGA-1,Stem C
GCATCGGAGAACTGAT-1,Neuron 1
GCATCGGAGCCTGTCG-1,Neuron 1
GCATCGGAGTATGGAT-1,Protonephridia
GCATCGGCACACCGCA-1,Stem C
GCATCGGCAGAACGCA-1,Stem C
GCATCGGCAGAGTTCT-1,Stem D
GCATCGGGTGTGTCGC-1,Neuron 4
GCATCGGTCCCTCATG-1,Stem C
GCATCGGTCCGAGAAG-1,Stem D
GCATCGGTCGATTGAC-1,Parenchyma 2
GCATCGGTCGTTGTTT-1,Parenchyma 1
GCATCTCAGTATAACG-1,Stem C
GCATCTCCACGCTATA-1,Muscle 1
GCATCTCGTAGTTACC-1,Stem A
GCATCTCTCATCTATC-1,Stem F
GCATCTCTCCTTTAGT-1,Muscle 1
GCATGATAGAACGTGC-1,Parenchyma 2
GCATGATAGAGCTGAC-1,Muscle 2
GCATGATAGGGCTAAC-1,Stem F
GCATGATCAATTCACG-1,Stem B
GCATGATCAGGAATAT-1,Stem A
GCATGATGTACGTGTT-1,Muscle 1
GCATTAGCACCAGCTG-1,Stem C
GCATTAGCATTGAAAG-1,Stem B
GCATTAGTCCGCAGTG-1,Stem D
GCATTAGTCGCCAATA-1,Stem C
GCCAACGAGCAGTACG-1,Stem C
GCCAACGCAAGGCTTT-1,Stem F
GCCAACGCAGACCGCT-1,Parenchyma 1
GCCAACGCAGAGTCTT-1,Stem F
GCCAACGTCGATACTG-1,Stem D
GCCAGCAAGCACCTGC-1,Stem F
GCCAGCAAGCCTATCA-1,Stem F
GCCAGCAAGGCGCTCT-1,Stem A
GCCAGCAAGGTCTGGA-1,Protonephridia
GCCAGCAAGTAAACAC-1,Stem F
GCCAGCAAGTGATCGG-1,Stem F
GCCAGCACAAGAGTAT-1,Stem D
GCCAGCAGTAACATAG-1,Muscle 2
GCCAGCAGTGATTCAC-1,Muscle 1
GCCAGCATCCGGCAAC-1,Stem A
GCCAGGTCAAGCTACT-1,Stem F
GCCAGGTCATAGATGA-1,Muscle 1
GCCAGGTCATGAGATA-1,Parenchyma 1
GCCAGGTGTAAGACCG-1,Muscle 1
GCCAGGTGTGACTCGC-1,Stem A
GCCAGGTTCCCAGGAC-1,Stem A
GCCAGTGAGAAATTCG-1,Stem A
GCCAGTGAGCTAGATA-1,Muscle 1
GCCAGTGCACCCTTGT-1,Muscle 1
GCCATGGCAATCGCAT-1,Stem F
GCCATGGGTAAGATTG-1,Muscle 1
GCCATGGGTGAATAAC-1,Stem F
GCCATGGGTTAGAAAC-1,Stem B
GCCATGGTCATTGTTC-1,Neuron 1
GCCATGGTCCACAGGC-1,Neuron 1
GCCATGGTCCGCAGTG-1,Stem D
GCCATTCAGATAGTGT-1,Stem A
GCCATTCAGCTGACAG-1,Stem A
GCCATTCCAGCCATTA-1,Muscle 2
GCCATTCGTCCGAAAG-1,Muscle 1
GCCATTCGTGGGTTGA-1,Protonephridia
GCCATTCTCCACACCT-1,Muscle 1
GCCATTCTCGATAACC-1,Stem F
GCCCAGAAGCTCGACC-1,Stem F
GCCCAGAAGGGTGGGA-1,Muscle 1
GCCCAGACATTCGATG-1,Parenchyma 1
GCCCAGAGTGGCTAGA-1,Stem C
GCCCAGATCGGCATAT-1,Stem F
GCCCAGATCTTCGCTG-1,Stem F
GCCCGAAAGAAGGCTC-1,Stem F
GCCCGAAAGCGTTACT-1,Stem C
GCCCGAAAGTGGACTG-1,Stem A
GCCCGAACATGTGACT-1,Muscle 2
GCCCGAAGTCCCGCAA-1,Parenchyma 2
GCCCGAAGTCGGTGAA-1,Stem C
GCCCGAAGTCGTCGGT-1,Stem D
GCCCGAAGTGAATATG-1,Muscle 1
GCCCGAATCAGCAATC-1,Stem D
GCCCGAATCCATGCAA-1,Stem C
GCCCGAATCGCGTAGC-1,Stem C
GCCCGAATCTCGCTTG-1,Stem F
GCCGATGAGACACACG-1,Parenchyma 1
GCCGATGAGGCGCTTC-1,Neuron 1
GCCGATGAGTATAGGT-1,Parenchyma 2
GCCGATGCAGAAATCA-1,Protonephridia
GCCGATGCAGCTGAGA-1,Stem A
GCCGATGCATGGAATA-1,Stem F
GCCGATGTCACTCGAA-1,Stem A
GCCGATGTCCCAGGAC-1,Stem B
GCCGTGAAGTGTTCAC-1,Stem A
GCCGTGAAGTTACTCG-1,Stem C
GCCGTGACATGTCAGT-1,Stem B
GCCGTGAGTAATGATG-1,Muscle 1
GCCGTGAGTATCGCAT-1,Stem C
GCCGTGAGTGCGTCGT-1,Stem A
GCCGTGATCATGGATC-1,Neuron 1
GCCTGTTAGAGGGCGA-1,Parenchyma 1
GCCTGTTCACCAGTAT-1,Stem A
GCCTGTTCAGCCGTCA-1,Muscle 1
GCCTGTTCAGTGGTGA-1,Stem C
GCCTGTTGTCGACTTA-1,Stem F
GCCTGTTTCACCCTGT-1,Muscle 1
GCCTGTTTCCATCTGC-1,Stem B
GCCTGTTTCTGCTTAT-1,Stem F
GCGAGAAAGCCTCAAT-1,Stem B
GCGAGAAAGTGGCGAT-1,Stem D
GCGAGAATCCATATGG-1,Stem D
GCGAGAATCTGCCTCA-1,Stem C
GCGATCGAGCGAATGC-1,Stem A
GCGATCGAGGCTAAAT-1,Stem A
GCGATCGCAAGGCGTA-1,Stem E
GCGATCGCACAATGAA-1,Stem A
GCGATCGCAGCGTGAA-1,Stem C
GCGATCGTCAAACCCA-1,Muscle 1
GCGATCGTCCGTACGG-1,Stem C
GCGATCGTCCTTGGAA-1,Stem B
GCGGAAAAGAGAGGGC-1,Muscle 1
GCGGAAAAGCAAATGT-1,Muscle 2
GCGGAAAGTATCAGGG-1,Neuron 1
GCGGAAAGTGGTTTAC-1,Stem D
GCGGAAATCGTCGGGT-1,Stem C
GCGGATCAGCGCATCC-1,Stem E
GCGGATCAGCGCCGTT-1,Stem F
GCGGATCGTAACGTTC-1,Stem C
GCGGATCGTAGTCTGT-1,Stem F
GCGGATCGTGAGCCAA-1,Stem B
GCGGATCGTGCTCTCT-1,Stem D
GCGGATCGTTATGTGC-1,Stem B
GCGGATCGTTCAGCGC-1,Stem C
GCGGATCGTTCTCCTG-1,Protonephridia
GCGGATCTCACTCACC-1,Stem F
GCGGATCTCAGATGCT-1,Parenchyma 2
GCGGATCTCCGACATA-1,Stem A
GCGGATCTCTGACAGT-1,Neuron 1
GCGTGCAAGAAACTCA-1,Muscle 2
GCGTGCAAGACCCTTA-1,Parenchyma 1
GCGTGCAAGTATGATG-1,Stem F
GCGTGCAAGTGGTCAG-1,Stem B
GCGTGCACAACGGCTC-1,Neuron 4
GCGTGCACAGCGACAA-1,Stem D
GCGTGCACAGTGAGCA-1,Stem B
GCGTGCATCAACCCGG-1,Parenchyma 2
GCGTGCATCTAGTTCT-1,Neuron 4
GCGTTTCAGCTAATCC-1,Stem B
GCGTTTCAGGTATTGA-1,Stem A
GCGTTTCCACGACAGA-1,Stem A
GCGTTTCCACGCCAGT-1,Stem F
GCGTTTCGTCCACATA-1,Stem D
GCGTTTCGTCCGCAGT-1,Protonephridia
GCGTTTCGTTTACTTC-1,Stem F
GCGTTTCTCACATACG-1,Stem F
GCGTTTCTCCTGGGAC-1,Stem A
GCTACAACAATTCTTC-1,Neuron 1
GCTACAAGTGCGAGTA-1,Muscle 1
GCTACAAGTTGTCAGT-1,Stem C
GCTACAATCGAAGCCC-1,Parenchyma 2
GCTACAATCGTTGTAG-1,Stem F
GCTACAATCTTCCCAG-1,Stem F
GCTACCTAGCAATTAG-1,Protonephridia
GCTACCTAGCGCACAA-1,Stem F
GCTACCTAGCGTTAGG-1,Stem A
GCTACCTCACATCATG-1,Stem D
GCTACCTCACCAGCGT-1,Stem D
GCTACCTGTAACAAGT-1,Stem A
GCTACCTGTGCCCAGT-1,Muscle 1
GCTACCTTCGGAGCAA-1,Neuron 4
GCTACCTTCTGTGCGG-1,Stem F
GCTCAAAAGAGCAGAA-1,Protonephridia
GCTCAAAAGATGGTCG-1,Muscle 1
GCTCAAAAGGATTCCT-1,Parenchyma 1
GCTCAAAAGTTGTCGT-1,Stem B
GCTCAAACAAGAGATT-1,Muscle 2
GCTCAAACAGCACACC-1,Stem F
GCTCAAAGTACCGGCT-1,Muscle 1
GCTCAAAGTCAGATTC-1,Stem B
GCTCAAAGTCATTGCA-1,Stem A
GCTCAAAGTCCCACGA-1,Muscle 2
GCTCAAATCACGTCCT-1,Muscle 1
GCTGAATAGAGCATTA-1,Stem C
GCTGAATAGAGTGTTA-1,Muscle 1
GCTGAATAGCATTTGC-1,Parenchyma 1
GCTGAATAGTGAGCCA-1,Stem C
GCTGAATCAGGAGGTT-1,Stem E
GCTGAATCATTGAGCT-1,Stem B
GCTGAATGTAATTGGA-1,Muscle 2
GCTGAATGTAGTGATA-1,Stem D
GCTGAATGTCCCTCAT-1,Stem B
GCTGAATTCAGCGCAC-1,Muscle 1
GCTGAATTCCAGGACC-1,Parenchyma 1
GCTGAATTCCATAGGT-1,Parenchyma 1
GCTGCAGAGACATCCT-1,Neuron 4
GCTGCAGAGCATGCGA-1,Stem E
GCTGCAGCAAGTATCC-1,Protonephridia
GCTGCAGCAGCTACAT-1,Neuron 5
GCTGCAGTCCATGAGT-1,Parenchyma 2
GCTGCAGTCTAAGCCA-1,Stem F
GCTGCAGTCTGAGAGG-1,Parenchyma 1
GCTGGGTAGCGTATAA-1,Stem A
GCTGGGTCAACAACAA-1,Neuron 5
GCTGGGTCAAGCCTGC-1,Stem B
GCTGGGTCAGAGATTA-1,Protonephridia
GCTGGGTCATCCAATG-1,Muscle 1
GCTGGGTGTTCTCCCA-1,Stem C
GCTGGGTGTTTACGTG-1,Stem D
GCTGGGTTCGTGCATA-1,Stem E
GCTTCACCAAACCATC-1,Stem F
GCTTCACCATTGCAAC-1,Parenchyma 1
GCTTCACTCGATTGGT-1,Neuron 1
GCTTGGGAGCGTGCTC-1,Stem D
GCTTGGGCACCAGCGT-1,Stem F
GCTTGGGCAGCTCTGG-1,Muscle 1
GCTTGGGTCCGAGATT-1,Parenchyma 1
GCTTGGGTCTGAGAGG-1,Stem F
GCTTTCGAGCATTGAA-1,Stem D
GCTTTCGAGCCACAAG-1,Protonephridia
GCTTTCGAGCGTATAA-1,Stem C
GCTTTCGAGGGAACAA-1,Stem C
GCTTTCGAGGTAAGTT-1,Muscle 1
GCTTTCGAGTCCGCCA-1,Tegument
GCTTTCGCAAAGGTTA-1,Stem B
GCTTTCGCAACAAGTA-1,Stem F
GCTTTCGGTATGTCCA-1,Stem F
GCTTTCGGTCACTCTC-1,Muscle 1
GCTTTCGTCAGGGATG-1,Muscle 1
GGAACCCCAAGAAATC-1,Muscle 1
GGAACCCCAGGAGGTT-1,Parenchyma 1
GGAACCCGTAACCCGC-1,Stem F
GGAACCCGTTCAGCGC-1,Protonephridia
GGAACCCTCTATACGG-1,Muscle 1
GGAAGTGCATGTGCCG-1,Protonephridia
GGAAGTGGTACGTTCA-1,Stem A
GGAAGTGTCGTTCTCG-1,Stem E
GGAATCTAGACATACA-1,Muscle 1
GGAATCTAGACGGAAA-1,Stem C
GGAATCTAGCAGTCTT-1,Tegument
GGAATCTAGGTTCCAT-1,Stem E
GGAATCTGTTAAACCC-1,Muscle 1
GGAATCTTCAAGTCGT-1,Stem A
GGAATCTTCCACCTGT-1,Stem A
GGAATCTTCGGAGTAG-1,Stem F
GGAATCTTCTAGTACG-1,Parenchyma 1
GGAATCTTCTAGTTCT-1,Parenchyma 1
GGAATCTTCTGGGCAC-1,Muscle 2
GGAATGGAGCATGCAG-1,Parenchyma 1
GGAATGGAGTCAGAGC-1,Parenchyma 1
GGAATGGAGTGACCTT-1,Neuron 1
GGAATGGCACATACTG-1,Parenchyma 2
GGAATGGCATGAATAG-1,Stem A
GGAATGGGTACTCAAC-1,Stem A
GGAATGGGTGGTACAG-1,Stem F
GGAATGGGTGTGACCC-1,Stem C
GGAATGGTCGACGATT-1,Stem C
GGACGTCCAGGTGTTT-1,Stem C
GGACGTCCAGTCAGTT-1,Stem C
GGACGTCCATTGCCTC-1,Stem F
GGACGTCGTATGGTAA-1,Stem C
GGACGTCGTCATGACT-1,Stem A
GGACGTCGTTGCCTAA-1,Stem E
GGACGTCTCCGGACTG-1,Stem B
GGAGAACAGCGAGTCA-1,Muscle 1
GGAGAACAGTCGAAGC-1,Muscle 1
GGAGAACAGTGCAGCA-1,Protonephridia
GGAGAACCAAGTTGGG-1,Stem D
GGAGAACCAGCATACT-1,Stem B
GGAGAACCAGTCAACT-1,Muscle 2
GGAGAACGTAGTAAGT-1,Stem A
GGAGAACGTCTGTAAC-1,Stem D
GGAGAACTCGGAGTGA-1,Muscle 1
GGAGATGAGGACTATA-1,Parenchyma 1
GGAGATGCAACAGTGG-1,Stem A
GGAGATGCAAGTTCGT-1,Stem C
GGAGATGCACCTCGTT-1,Muscle 1
GGAGATGGTGTTAGCT-1,Parenchyma 1
GGAGATGGTTGTACGT-1,Parenchyma 2
GGAGATGTCGCGTGCA-1,Stem F
GGAGCAAAGTGTTGTC-1,Stem D
GGAGCAACAGTGTGGA-1,Stem C
GGAGCAAGTATGTGTC-1,Parenchyma 1
GGAGCAAGTCAAACGG-1,Protonephridia
GGAGCAATCAGACAAA-1,Stem F
GGAGCAATCCACAGCG-1,Muscle 1
GGAGCAATCTGCTGAA-1,Stem B
GGAGGATAGCCAGAGT-1,Stem C
GGAGGATCATCACCAA-1,Muscle 1
GGAGGATCATGTGTCA-1,Muscle 2
GGAGGATGTCAAAGAT-1,Protonephridia
GGAGGATTCACTCTTA-1,Muscle 1
GGAGGATTCCTCACTG-1,Stem D
GGAGGATTCGCTGTCT-1,Stem B
GGAGGATTCTCAGTCC-1,Parenchyma 2
GGAGGTAAGCATCCCG-1,Stem F
GGAGGTAAGGAGCAAA-1,Tegument
GGAGGTAAGTCACAGG-1,Parenchyma 2
GGAGGTACACAAGCCC-1,Stem D
GGAGGTACATACACCA-1,Stem A
GGAGGTACATCTAGAC-1,Muscle 2
GGAGGTACATGACGGA-1,Stem A
GGAGGTAGTGCTCCGA-1,Stem C
GGAGGTATCCTTATAC-1,Stem E
GGAGGTATCTCCACTG-1,Protonephridia
GGATCTAAGCCAACCC-1,Muscle 1
GGATCTAAGCTCATAC-1,Stem C
GGATCTAAGTGATCGG-1,Stem F
GGATCTAAGTGGTGAC-1,Stem F
GGATCTACAATTGTGC-1,Muscle 1
GGATCTACACCTGCAG-1,Stem F
GGATCTAGTGACACAG-1,Stem C
GGATCTAGTGGGCTTC-1,Stem C
GGATCTAGTGGTAATA-1,Stem C
GGATCTATCCCAATAG-1,Protonephridia
GGATCTATCCCATACC-1,Parenchyma 2
GGATCTATCTACTCAT-1,Stem B
GGATCTATCTCTTGCG-1,Stem B
GGATGTTAGGGCCCTT-1,Stem E
GGATGTTCAGTGGTGA-1,Muscle 1
GGATGTTTCATCTCTA-1,Stem D
GGCACGTAGCCGGAAT-1,Stem B
GGCACGTAGGGTATAT-1,Neuron 1
GGCACGTCAATCTCTT-1,Stem D
GGCACGTCACACTTAG-1,Stem F
GGCACGTCAGAGATTA-1,Stem D
GGCACGTCAGCTTCCT-1,Muscle 1
GGCACGTCATAGAAAC-1,Muscle 1
GGCACGTGTCGGTGTC-1,Stem C
GGCACGTGTGCTCGTG-1,Neuron 1
GGCACGTTCACTACTT-1,Stem E
GGCAGTCAGCTTGTGT-1,Stem B
GGCAGTCAGGTCGTAG-1,Protonephridia
GGCAGTCAGTCGAAGC-1,Stem C
GGCAGTCGTAATTGGA-1,Stem C
GGCAGTCGTCGCTGCA-1,Stem F
GGCAGTCTCTGACCCT-1,Stem F
GGCGTCAAGCCTGACC-1,Stem F
GGCGTCACAACCGTAT-1,Stem C
GGCGTCACACGGTGAA-1,Parenchyma 1
GGCGTCACAGCTATTG-1,Stem C
GGCGTCACATTCCTCG-1,Stem C
GGCGTCAGTGACTGTT-1,Stem C
GGCGTCATCATTTCGT-1,Stem D
GGCGTCATCCGTCCTA-1,Neuron 5
GGCGTCATCCGTGGCA-1,Stem B
GGCGTCATCGAGAAAT-1,Stem F
GGCTGTGAGTTACTCG-1,Muscle 1
GGCTGTGCAACCCTCT-1,Stem C
GGCTGTGCAGAGTTGG-1,Stem F
GGCTGTGGTCCCGTGA-1,Stem C
GGCTGTGGTCCTTTGC-1,Parenchyma 1
GGCTGTGTCAGAGCGA-1,Neuron 1
GGCTGTGTCCAACACA-1,Stem C
GGCTGTGTCGATGCTA-1,Stem C
GGCTGTGTCTTACCAT-1,Stem C
GGCTTGGAGGGCAGGA-1,Stem E
GGCTTGGAGGGCCTCT-1,Stem F
GGCTTGGAGGTTTACC-1,Stem B
GGCTTGGCACCGGTCA-1,Muscle 1
GGCTTGGCAGACCAGA-1,Stem E
GGCTTGGCAGTCCCGA-1,Muscle 2
GGCTTGGGTTTAGTCG-1,Protonephridia
GGCTTTCAGCACTGGA-1,Stem C
GGCTTTCCAGTTGGTT-1,Muscle 1
GGCTTTCCATAATCGC-1,Muscle 1
GGCTTTCGTCCGTACG-1,Neuron 1
GGCTTTCTCACAAGAA-1,Stem C
GGCTTTCTCCAGCCTT-1,Neuron 1
GGGAAGTAGCAATAGT-1,Muscle 1
GGGAAGTAGCCTCTGG-1,Stem D
GGGAAGTCACCCTAAA-1,Stem C
GGGAAGTTCGGACAAG-1,Stem F
GGGACAAAGAGACAAG-1,Stem D
GGGACAAAGGGCGAGA-1,Muscle 1
GGGACAACAAACCGGA-1,Parenchyma 1
GGGACAACACCGTCTT-1,Muscle 1
GGGACAACAGAGGAAA-1,Stem F
GGGACAACAGAGGTAC-1,Stem F
GGGACAACATTGCCTC-1,Stem B
GGGACAAGTAGAGACC-1,Stem A
GGGACAAGTCGCAGTC-1,Stem G
GGGACAAGTTCTCTAT-1,Neuron 1
GGGACAATCATACAGC-1,Parenchyma 2
GGGACAATCTACGCAA-1,Stem A
GGGACAATCTGATTCT-1,Stem B
GGGACCTAGGCCTTCG-1,Stem D
GGGACCTCACAATTCG-1,Stem B
GGGACCTTCACAAGAA-1,Muscle 1
GGGACCTTCCTCTAGC-1,Stem F
GGGACCTTCTCTCAAT-1,Muscle 1
GGGACTCAGATTCGCT-1,Ciliary plate
GGGACTCAGCTACTAC-1,Muscle 1
GGGACTCAGCTGCCTG-1,Stem F
GGGACTCAGGCAGCTA-1,Stem A
GGGACTCAGTATTGCC-1,Neuron 5
GGGACTCCAACGGCTC-1,Parenchyma 1
GGGACTCGTACTCGAT-1,Parenchyma 1
GGGACTCGTCTACTGA-1,Stem D
GGGACTCGTGGTGATG-1,Stem D
GGGACTCTCCATCCGT-1,Neuron 4
GGGACTCTCTCTCTAA-1,Parenchyma 2
GGGACTCTCTGTGCTC-1,Stem F
GGGAGATCACCGTGGT-1,Stem F
GGGAGATCAGCTGTAT-1,Stem C
GGGAGATGTTTCGATG-1,Parenchyma 1
GGGAGATTCATCCCGT-1,Muscle 1
GGGAGTAAGGGAGGTG-1,Stem A
GGGAGTAGTTTAGACC-1,Neuron 1
GGGATCCAGTCCTACA-1,Parenchyma 2
GGGATCCGTTAATCGC-1,Muscle 2
GGGATCCTCCGTAATG-1,Stem B
GGGATCCTCGCATTGA-1,Stem F
GGGATGAAGTTGTACC-1,Parenchyma 1
GGGATGACACGTAACT-1,Stem C
GGGATGAGTCGCCTAG-1,Stem F
GGGCCATAGAGCGACT-1,Stem A
GGGCCATAGCCATCCG-1,Parenchyma 1
GGGCCATAGCTCCGAC-1,Stem D
GGGCCATAGGGTTTCT-1,Stem A
GGGCCATCAAGCCCAC-1,Stem D
GGGCCATCATGTGTCA-1,Parenchyma 1
GGGCCATGTAGGCTCC-1,Stem B
GGGCCATTCAAAGCCT-1,Stem F
GGGCCATTCAGTCATG-1,Muscle 1
GGGCCATTCGGCCAAC-1,Stem E
GGGCCATTCTGCAGCG-1,Neuron 1
GGGCGTTAGCCGTAAG-1,Stem A
GGGCGTTGTATGTGTC-1,Stem F
GGGCGTTGTGCAATAA-1,Stem C
GGGCTACAGGAACGAA-1,Stem C
GGGCTACGTAACCAGG-1,Stem D
GGGCTACGTCTAACGT-1,Neuron 1
GGGCTACGTTACCCTC-1,Stem B
GGGCTACGTTCGGTTA-1,Stem D
GGGCTACTCCCAGTGG-1,Stem B
GGGCTACTCCTGTAAG-1,Stem D
GGGCTCACAATAAGGT-1,Stem B
GGGCTCACACAAGGTG-1,Stem C
GGGCTCAGTGCTTATG-1,Neuron 1
GGGCTCATCTCGTCAC-1,Protonephridia
GGGTAGAAGGTCCTGC-1,Stem F
GGGTAGACATAACGGG-1,Parenchyma 1
GGGTAGAGTGCGTCGT-1,Stem C
GGGTAGAGTTATAGCC-1,Muscle 1
GGGTAGAGTTGGGAAC-1,Parenchyma 2
GGGTAGATCCTGTTAT-1,Stem A
GGGTATTAGGACATCG-1,Parenchyma 1
GGGTATTCAGGAAGTC-1,Stem D
GGGTATTCAGTGCGCT-1,Stem C
GGGTATTGTGGATACG-1,Stem C
GGGTATTTCCGCTTAC-1,Stem C
GGGTATTTCGCTCATC-1,Stem E
GGGTATTTCGTTCTCG-1,Stem A
GGGTCACAGAAGGCTC-1,Stem A
GGGTCACAGAATGTTG-1,Stem A
GGGTCACAGGAGCTGT-1,Parenchyma 2
GGGTCACCAGTCAGAG-1,Stem C
GGGTCACCAGTCGAGA-1,Muscle 1
GGGTCACCAGTTGCGC-1,Stem F
GGGTCACGTAGCGCTC-1,Stem B
GGGTCACGTCCTGTTC-1,Parenchyma 2
GGGTCACGTCTGATCA-1,Muscle 2
GGGTCACGTCTGCGCA-1,Stem A
GGGTCACGTGTCCGTG-1,Stem C
GGGTCACTCACCTGGG-1,Parenchyma 1
GGGTCACTCCGTTGGG-1,Stem B
GGGTCACTCGACTCCT-1,Stem F
GGGTCTGAGAGAATCT-1,Neuron 2
GGGTCTGAGCCTCCAG-1,Muscle 1
GGGTCTGAGGACTAAT-1,Stem F
GGGTCTGCACATACGT-1,Stem C
GGGTCTGGTGATAGAT-1,Neuron 1
GGGTCTGTCGCCGTGA-1,Parenchyma 1
GGGTGAACAGCTGTAT-1,Muscle 1
GGGTGAAGTCGAGCAA-1,Neuron 1
GGGTGAAGTCGTAATC-1,Stem D
GGGTGAAGTGGGTCAA-1,Muscle 1
GGGTGAAGTGTGGACA-1,Stem A
GGGTGAAGTTCTCCCA-1,Stem C
GGGTGAATCTCTCCGA-1,Stem F
GGGTGTCAGGCTATCT-1,Parenchyma 2
GGGTGTCAGTTTGTCG-1,Parenchyma 1
GGGTGTCCAATAGGGC-1,Stem F
GGGTGTCCACCCTAGG-1,Stem D
GGGTGTCCACTACCCT-1,Stem C
GGGTGTCCAGGACTTT-1,Stem A
GGGTGTCGTTTACTTC-1,Stem A
GGGTGTCTCAGCTAGT-1,Muscle 1
GGGTGTCTCTCTCTTC-1,Stem D
GGGTTATAGAGCTTTC-1,Muscle 1
GGGTTATCAACCCGCA-1,Stem D
GGGTTATCACTCAAGT-1,Parenchyma 2
GGGTTATGTCCGGTCA-1,Muscle 1
GGGTTATGTCCTTAAG-1,Parenchyma 1
GGGTTATGTTAAGGGC-1,Neuron 4
GGGTTATTCACGGAGA-1,Stem D
GGGTTATTCGGCTGAC-1,Stem C
GGGTTTAAGTGCGACA-1,Neuron 1
GGGTTTACACAGCTTA-1,Muscle 1
GGGTTTACAGGATCTT-1,Muscle 1
GGGTTTACAGTCGCTG-1,Parenchyma 1
GGGTTTAGTGAATTGA-1,Stem F
GGGTTTAGTTCGTGCG-1,Stem F
GGGTTTATCCCGTTGT-1,Stem B
GGTAACTAGAATTGCA-1,Neuron 2
GGTAACTAGAGGTTTA-1,Stem A
GGTAACTAGGGTAATT-1,Neuron 1
GGTAACTCACACCGAC-1,Parenchyma 1
GGTAACTCAGATGCGA-1,Stem B
GGTAACTCAGTAGGAC-1,Stem C
GGTAACTGTCCAGCCA-1,Stem E
GGTAACTTCCTCTCGA-1,Muscle 1
GGTAATCAGACAACTA-1,Muscle 1
GGTAATCAGCAGGTCA-1,Parenchyma 1
GGTAATCCATCCGTGG-1,Muscle 1
GGTAATCGTGCCTGCA-1,Stem B
GGTAATCGTTACACTG-1,Stem F
GGTAATCTCCATTCAT-1,Muscle 1
GGTAATCTCCGTATGA-1,Stem E
GGTAATCTCGACATCA-1,Muscle 1
GGTAGAGAGAGCCTGA-1,Stem A
GGTAGAGCATAGAGGC-1,Stem C
GGTAGAGGTCTCACGG-1,Parenchyma 2
GGTAGAGTCGGCTTCT-1,Stem F
GGTAGAGTCGTTAGTG-1,Tegument
GGTCACGAGGAGGCAG-1,Stem F
GGTCACGAGGGCAAGG-1,Stem B
GGTCACGCATGATGCT-1,Stem F
GGTCACGGTCGTAATC-1,Stem F
GGTCACGTCAAAGCCT-1,Muscle 1
GGTCTGGAGGATGGCT-1,Stem D
GGTCTGGAGGCTTTCA-1,Protonephridia
GGTCTGGGTCTACAGT-1,Stem A
GGTCTGGGTGACAACG-1,Stem C
GGTCTGGTCACCATCC-1,Muscle 1
GGTGAAGAGACTGGGT-1,Stem C
GGTGAAGAGCATCCCG-1,Stem D
GGTGAAGCACATAGCT-1,Muscle 1
GGTGAAGCAGTATACC-1,Stem A
GGTGAAGGTGGCTGCT-1,Muscle 2
GGTGAAGGTTCAGCTA-1,Stem F
GGTGAAGGTTCCTAGA-1,Stem B
GGTGAAGTCTGGGAGA-1,Stem A
GGTGATTAGAGAAGGT-1,Stem F
GGTGATTAGTGGACGT-1,Muscle 1
GGTGATTCAGCCGGTT-1,Stem B
GGTGATTGTCAGGAGT-1,Muscle 1
GGTGATTTCCACAGCG-1,Stem F
GGTGATTTCCCAAGCG-1,Stem B
GGTGATTTCGAACGGA-1,Stem B
GGTGATTTCTCCGATC-1,Stem D
GGTGATTTCTTCGTGC-1,Muscle 1
GGTGGCTAGCATCCCG-1,Stem D
GGTGGCTCAAATCGGG-1,Stem B
GGTGGCTCAACCACGC-1,Stem B
GGTGGCTCAGGCTTGC-1,Stem A
GGTGGCTCATAATGCC-1,Stem F
GGTGGCTGTAATTGGA-1,Stem A
GGTGTCGAGCGGTATG-1,Protonephridia
GGTGTCGAGTCCCAAT-1,Parenchyma 1
GGTGTCGGTAGGAGGG-1,Stem D
GGTGTCGGTATCGCTA-1,Stem F
GGTGTCGGTGCCTACG-1,Stem A
GGTGTCGTCGCCATAA-1,Muscle 1
GGTGTTAAGATGGTAT-1,Stem E
GGTGTTAAGGTACTGG-1,Stem A
GGTGTTAAGTCGAGGT-1,Stem B
GGTGTTAAGTCGGGAT-1,Neuron 1
GGTGTTACACAAGTTC-1,Stem C
GGTGTTAGTTCGCGTG-1,Stem D
GGTGTTATCATTGCTT-1,Stem C
GGTGTTATCCATCGTC-1,Muscle 1
GGTGTTATCGGCATCG-1,Stem C
GGTTAACAGAGAAGGT-1,Stem F
GGTTAACAGATGAATC-1,Muscle 1
GGTTAACCACTCCGAG-1,Muscle 2
GGTTAACGTATGTCCA-1,Stem F
GGTTAACGTCGACGCT-1,Muscle 2
GGTTAACTCAGTGGGA-1,Stem C
GGTTAACTCGGCATAT-1,Stem F
GGTTAACTCGTCGATA-1,Muscle 1
GGTTCTCAGGCAGGGA-1,Stem B
GGTTCTCCAAGACGAC-1,Muscle 1
GGTTCTCCAAGCTCTA-1,Stem D
GGTTCTCCACCAGCCA-1,Stem E
GGTTCTCCAGTTGAAA-1,Stem C
GGTTCTCGTCAGCTTA-1,Stem A
GGTTCTCTCCCGAGAC-1,Neuron 5
GGTTCTCTCCTGGGTG-1,Stem D
GGTTGTAAGCTGTGCC-1,Stem A
GGTTGTACAAGAGGTC-1,Stem A
GGTTGTACAGAGTAAT-1,Stem E
GGTTGTAGTAACACCT-1,Neuron 1
GGTTGTAGTTGCTTGA-1,Stem A
GTAACACAGCGTGTCC-1,Muscle 1
GTAACACAGTATGGCG-1,Stem A
GTAACACGTTACACTG-1,Stem A
GTAACACGTTAGGCCC-1,Stem D
GTAACACTCGAAGCCC-1,Stem A
GTAACACTCTCGACGG-1,Stem C
GTAACACTCTGAGGCC-1,Stem C
GTAACCAAGGGCATGT-1,Muscle 1
GTAACCACAGATCACT-1,Parenchyma 1
GTAACCACATTATGCG-1,Stem D
GTAACCAGTACCAGAG-1,Muscle 2
GTAACCAGTGAGTAAT-1,Stem A
GTAAGTCAGCATAGGC-1,Parenchyma 1
GTAAGTCCAACTGCTA-1,Stem C
GTAAGTCCATCACCAA-1,Muscle 1
GTAAGTCTCAAGAGTA-1,Protonephridia
GTAAGTCTCATGCCAA-1,Parenchyma 1
GTAAGTCTCTAGTGAC-1,Stem A
GTAATCGAGCACTGGA-1,Stem C
GTAATCGCAGGATCTT-1,Stem D
GTAATCGGTTACCGTA-1,Stem A
GTAATCGGTTAGTTCG-1,Parenchyma 2
GTAATCGTCACCGACG-1,Stem D
GTAATCGTCTGTACAG-1,Stem F
GTAATGCCACGCGCTA-1,Stem D
GTAATGCCAGAACCGA-1,Stem A
GTAATGCGTAGCTTAC-1,Stem B
GTAATGCGTTCTATCT-1,Stem C
GTAATGCTCGCTTGCT-1,Stem F
GTAATGCTCGGAGTGA-1,Stem F
GTACAACAGGCCCAAA-1,Parenchyma 1
GTACAACAGTAAACAC-1,Muscle 1
GTACAACCAATTAGGA-1,Stem A
GTACAACCACATATGC-1,Parenchyma 1
GTACAACCACTCAGAT-1,Stem F
GTACAACCATAACCCA-1,Stem F
GTACAACGTACCGTGC-1,Stem F
GTACAACGTAGCTGAG-1,Stem F
GTACAACGTGCAATGG-1,Muscle 1
GTACAACGTGCCCAGT-1,Stem F
GTACAACGTGGTCCCA-1,Muscle 1
GTACAACTCCGAACGC-1,Muscle 1
GTACAACTCCGACGGT-1,Stem A
GTACAACTCTGGGCGT-1,Stem C
GTACAGTAGCCTCCAG-1,Stem D
GTACAGTAGCTCTATG-1,Parenchyma 2
GTACAGTAGGGCCTCT-1,Stem A
GTACAGTAGTATTGCC-1,Stem G
GTACAGTGTCAAAGTA-1,Muscle 1
GTACAGTTCAACCTTT-1,Stem F
GTACAGTTCACAAGAA-1,Stem F
GTACAGTTCTGCATGA-1,Muscle 1
GTACAGTTCTTGGTGA-1,Protonephridia
GTAGAAAAGCTCGAAG-1,Protonephridia
GTAGAAACAAGCGCTC-1,Stem D
GTAGAAAGTCTATGAC-1,Stem C
GTAGAAATCGACACCG-1,Stem F
GTAGAGGAGTCATGCT-1,Stem A
GTAGAGGCAGTCAGCC-1,Stem E
GTAGAGGGTCCGATCG-1,Stem D
GTAGAGGGTGAGCGAT-1,Stem F
GTAGAGGTCCCGAATA-1,Stem F
GTAGAGGTCTAGGAAA-1,Stem A
GTAGATCAGCAATAGT-1,Stem B
GTAGATCAGTGGAATT-1,Protonephridia
GTAGATCCAACAAGAT-1,Stem F
GTAGATCCAAGCACCC-1,Stem A
GTAGATCCAAGTGATA-1,Muscle 2
GTAGATCGTGTCATTG-1,Parenchyma 2
GTAGCTAAGTCTGGTT-1,Stem B
GTAGCTACAAGCCCAC-1,Stem B
GTAGCTACACGATAGG-1,Stem C
GTAGCTACATCCTAAG-1,Stem F
GTAGCTAGTTAGGGTG-1,Muscle 1
GTAGCTATCCAAGCTA-1,Stem A
GTAGCTATCCATGAGT-1,Stem C
GTAGGAGCACAAGCAG-1,Stem D
GTAGGAGCACTCTGCT-1,Parenchyma 2
GTAGGAGCAGCAGTTT-1,Stem B
GTAGGAGTCCCGTGTT-1,Parenchyma 1
GTAGGAGTCTCCAATT-1,Muscle 1
GTAGGTTAGTCCTGTA-1,Muscle 2
GTAGGTTAGTGGTTGG-1,Stem C
GTAGTACAGCTTGTTG-1,Stem F
GTAGTACAGGATGCGT-1,Parenchyma 1
GTAGTACAGGCTTTCA-1,Muscle 1
GTAGTACCAACCGTAT-1,Stem A
GTAGTACCAGGGTTGA-1,Stem F
GTAGTACGTAATGCTC-1,Stem A
GTAGTACTCGCGGACT-1,Muscle 1
GTAGTACTCTGCGATA-1,Neuron 1
GTATTGGAGAAATCCA-1,Stem E
GTATTGGAGTAGTCTC-1,Stem D
GTATTGGCACGCGCAT-1,Stem C
GTATTGGCATTCCTCG-1,Stem A
GTATTGGGTATTTCTC-1,Stem F
GTATTGGGTGCGAACA-1,Stem E
GTATTGGTCCACACAA-1,Stem D
GTATTGGTCCGCTAGG-1,Stem F
GTATTGGTCTACGCGG-1,Stem C
GTATTTCAGCAAATGT-1,Muscle 1
GTATTTCAGCCTTTGA-1,Stem A
GTATTTCAGGTAAGTT-1,Muscle 1
GTATTTCAGGTCGAGT-1,Stem C
GTATTTCCAACTCCCT-1,Protonephridia
GTATTTCCACTTACAG-1,Muscle 1
GTATTTCGTTGCGGAA-1,Stem D
GTATTTCTCACCTGTC-1,Stem F
GTCAAACAGAGCAAGA-1,Stem B
GTCAAACAGGTTGAGC-1,Parenchyma 1
GTCAAACAGTAGCCAG-1,Stem F
GTCAAACCACACCGAC-1,Muscle 1
GTCAAACGTACTCCCT-1,Muscle 2
GTCAAACGTATACAGA-1,Neuron 1
GTCAAACGTTCCACAA-1,Stem C
GTCAAACTCAAATAGG-1,Protonephridia
GTCAAACTCAATGTCG-1,Stem D
GTCAAGTAGAGTTGCG-1,Stem C
GTCAAGTAGCGTCAGA-1,Stem A
GTCAAGTAGGGCGAAG-1,Stem D
GTCAAGTAGTAAGACT-1,Stem F
GTCAAGTAGTGATAAC-1,Parenchyma 2
GTCAAGTCACTTCTCG-1,Stem C
GTCAAGTGTAAGCAAT-1,Neuron 1
GTCAAGTGTCATCGCG-1,Stem B
GTCAAGTGTTGTACGT-1,Stem D
GTCAAGTTCAAAGCCT-1,Stem C
GTCAAGTTCAAGTGGG-1,Stem C
GTCAAGTTCCCTCTAG-1,Stem A
GTCAAGTTCCTTGGAA-1,Stem D
GTCAAGTTCGTGAGAG-1,Stem C
GTCACGGAGCCGGATA-1,Stem A
GTCACGGAGTATAGAC-1,Protonephridia
GTCACGGAGTCCCTAA-1,Stem F
GTCACGGCAATGTTGC-1,Neuron 1
GTCACGGCAGAGATGC-1,Stem D
GTCACGGGTCGAAACG-1,Parenchyma 1
GTCACGGTCATCACTT-1,Stem B
GTCACGGTCGCGTGAC-1,Tegument
GTCACGGTCGGCTCTT-1,Muscle 1
GTCACTCAGCGGTAGT-1,Muscle 1
GTCACTCAGCGTGCTC-1,Stem F
GTCACTCAGTTGAAAC-1,Stem B
GTCACTCCAAGTATCC-1,Neuron 4
GTCACTCCACGAAGAC-1,Muscle 2
GTCACTCGTACCCAGC-1,Neuron 1
GTCACTCGTATTTCTC-1,Stem C
GTCAGCGAGAGTCACG-1,Stem D
GTCAGCGAGCTGTACT-1,Stem D
GTCAGCGCAAACTAGA-1,Stem D
GTCAGCGCAGACCAGA-1,Stem C
GTCAGCGCAGGGCTTC-1,Parenchyma 2
GTCAGCGGTACTCCCT-1,Stem A
GTCATCCAGCAGCCTC-1,Stem A
GTCATCCAGCGGTAGT-1,Neuron 1
GTCATCCAGCTGTCCG-1,Parenchyma 2
GTCATCCAGGACGCAT-1,Stem C
GTCATCCCACAACATC-1,Muscle 1
GTCATCCGTAAGATAC-1,Stem D
GTCATCCTCCTAGCGG-1,Stem F
GTCATCCTCCTTATGT-1,Protonephridia
GTCATGACAAGAGAGA-1,Stem F
GTCATGACAGGTACGA-1,Protonephridia
GTCATGAGTCGATTTG-1,Stem F
GTCATGAGTCTAACGT-1,Stem B
GTCATGAGTGTCCAAT-1,Neuron 4
GTCATGATCCGTAGTA-1,Tegument
GTCATGATCGGTGCAC-1,Parenchyma 1
GTCATTTAGAGGTATT-1,Muscle 1
GTCATTTAGGTACAGC-1,Stem A
GTCATTTCACCGTGGT-1,Stem C
GTCATTTCACTCACTC-1,Muscle 1
GTCATTTGTGGTTCTA-1,Stem C
GTCATTTTCACTGTTT-1,Neuron 5
GTCATTTTCGTTTACT-1,Muscle 1
GTCCACTAGGTAGACC-1,Muscle 2
GTCCACTAGTAGTGCG-1,Stem A
GTCCACTGTCCCGTGA-1,Stem D
GTCCACTGTCTTGAAC-1,Muscle 1
GTCCACTTCATGAAAG-1,Parenchyma 1
GTCCCATCAAAGCTCT-1,Protonephridia
GTCCCATCATGGAGAC-1,Stem F
GTCCCATTCCCTATTA-1,Muscle 1
GTCCCATTCTAACGGT-1,Stem F
GTCCTCAAGAGTGAAG-1,Parenchyma 1
GTCCTCACAAATCAGA-1,Parenchyma 1
GTCCTCACATGATGCT-1,Protonephridia
GTCCTCAGTCGTACAT-1,Stem A
GTCCTCATCTGCCTGT-1,Stem F
GTCGAATAGAAGCGCT-1,Stem D
GTCGAATAGATGCAGC-1,Stem B
GTCGAATAGATGCTTC-1,Muscle 1
GTCGAATAGTTGCGAG-1,Stem D
GTCGAATGTACCGGAA-1,Stem D
GTCGAATTCCAATCTT-1,Stem A
GTCGAATTCCATCTCG-1,Protonephridia
GTCGCGAGTCATAAAG-1,Stem D
GTCGCGAGTCGTGCCA-1,Stem B
GTCGCGAGTGAGATAT-1,Stem A
GTCGCGAGTGAGCCAA-1,Stem F
GTCGCGAGTGATACAA-1,Stem C
GTCGCGAGTTCTAACG-1,Stem D
GTCGTAAAGGGAGGGT-1,Muscle 1
GTCGTAAGTACTCAAC-1,Stem A
GTCGTAAGTGGTAACG-1,Muscle 2
GTCGTAAGTGTCACAT-1,Stem D
GTCGTAAGTTCTGACA-1,Stem C
GTCGTAATCGCTCTCA-1,Muscle 2
GTCGTAATCGGTGAAG-1,Stem C
GTCGTAATCTCCGTGT-1,Stem D
GTCGTTCAGCCGCACT-1,Stem C
GTCGTTCAGCCGGATA-1,Parenchyma 2
GTCGTTCCAAGAGGTC-1,Stem C
GTCGTTCCACTTGAAC-1,Stem C
GTCGTTCCATGACACT-1,Stem D
GTCGTTCGTCGTACAT-1,Stem B
GTCGTTCGTTATCTGG-1,Stem B
GTCGTTCTCATTGAGC-1,Stem A
GTCGTTCTCCACGGAC-1,Stem A
GTCGTTCTCCGTGTGG-1,Stem F
GTCTACCAGAATACAC-1,Neuron 4
GTCTACCAGTTATGGA-1,Stem D
GTCTACCCAACGGTAG-1,Stem C
GTCTACCCAAGGTCAG-1,Stem D
GTCTACCCAATACAGA-1,Stem B
GTCTACCCATCCAACA-1,Muscle 1
GTCTACCCATGAGATA-1,Muscle 1
GTCTACCGTCTGTAAC-1,Stem F
GTCTACCGTCTGTTAG-1,Muscle 1
GTCTACCGTGAGAGGG-1,Stem F
GTCTACCGTTAAGAAC-1,Muscle 1
GTCTAGAAGATGTTGA-1,Stem C
GTCTAGAAGGATTCAA-1,Muscle 1
GTCTAGACACATACGT-1,Stem A
GTCTAGACAGCTATTG-1,Muscle 1
GTCTAGAGTAACGCGA-1,Muscle 1
GTCTAGAGTCTCGACG-1,Stem A
GTCTAGATCGAAATCC-1,Stem F
GTCTAGATCGCTCTCA-1,Muscle 1
GTCTCACAGTAAGCAT-1,Stem F
GTCTCACCAACGACTT-1,Muscle 2
GTCTCACCAAGAGAGA-1,Stem F
GTCTCACCAGAGTCTT-1,Muscle 1
GTCTCACCATTGCTTT-1,Muscle 1
GTCTCACGTATTGAGA-1,Stem F
GTCTCACTCCATGATG-1,Muscle 1
GTCTGTCAGCACAAAT-1,Stem C
GTCTGTCAGTACAGAT-1,Protonephridia
GTCTGTCAGTATGATG-1,Stem B
GTCTGTCCAATAGAGT-1,Stem A
GTCTGTCGTCGATTTG-1,Stem C
GTCTGTCGTTGGCTAT-1,Neuron 1
GTCTGTCTCCTTCTTC-1,Stem F
GTCTTTAAGAGTCGAC-1,Stem A
GTCTTTAAGCGATGAC-1,Stem D
GTCTTTAAGTGCTAGG-1,Neuron 1
GTCTTTACAACTCCCT-1,Stem A
GTCTTTACACACACTA-1,Parenchyma 2
GTCTTTACAGGGAATC-1,Stem D
GTCTTTATCCACCTGT-1,Stem E
GTCTTTATCCCTCTCC-1,Muscle 1
GTCTTTATCGCGTGAC-1,Neuron 4
GTGACGCAGCCTCATA-1,Stem D
GTGACGCCAAATGAGT-1,Stem D
GTGACGCGTCCCGGTA-1,Stem C
GTGACGCGTCTCTCCA-1,Stem F
GTGACGCTCTACGCGG-1,Stem F
GTGACGCTCTTCCTAA-1,Parenchyma 1
GTGAGCCAGGTAAACT-1,Muscle 1
GTGAGCCCATTACGGT-1,Muscle 1
GTGAGCCGTCCTGGTG-1,Muscle 1
GTGAGCCGTCGACGCT-1,Stem E
GTGAGCCGTGACTGAG-1,Parenchyma 1
GTGAGCCTCACGAGGA-1,Protonephridia
GTGAGCCTCATTCATC-1,Protonephridia
GTGAGCCTCCTGTAAG-1,Protonephridia
GTGAGCCTCGCATTGA-1,Protonephridia
GTGAGGACAACCCTAA-1,Parenchyma 2
GTGAGGACACCCTATC-1,Stem A
GTGAGGAGTAAGTAGT-1,Stem F
GTGAGGAGTTAAGTCC-1,Stem C
GTGAGGAGTTGGCCGT-1,Tegument
GTGAGGATCAGACATC-1,Stem C
GTGAGTTAGATAGTCA-1,Muscle 1
GTGAGTTAGCCATTCA-1,Neuron 5
GTGAGTTAGCCGTTGC-1,Muscle 1
GTGAGTTAGCGAGAAA-1,Parenchyma 2
GTGAGTTCATATCGGT-1,Stem A
GTGAGTTGTACGGCAA-1,Stem A
GTGATGTAGAACGCGT-1,Stem C
GTGATGTAGCTGAGCA-1,Stem F
GTGATGTCACAAGTGG-1,Stem C
GTGATGTCACTACCGG-1,Stem B
GTGATGTCAGGACTTT-1,Muscle 1
GTGATGTCAGGCGATA-1,Stem D
GTGATGTTCAGCGGAA-1,Stem D
GTGCACGAGACATATG-1,Stem C
GTGCACGAGACTGTTC-1,Stem C
GTGCACGAGTGGATTA-1,Muscle 1
GTGCACGGTTTCCATT-1,Muscle 1
GTGCACGTCATGACAC-1,Stem D
GTGCACGTCTCAACCC-1,Muscle 1
GTGCAGCAGAGTGAAG-1,Stem B
GTGCAGCAGGCATCAG-1,Stem D
GTGCAGCGTTGCTCCT-1,Stem B
GTGCAGCTCATCGTAG-1,Parenchyma 1
GTGCAGCTCCGATTAG-1,Muscle 1
GTGCGTGAGCGCCCAT-1,Stem B
GTGCGTGAGTGGAAAG-1,Muscle 1
GTGCGTGCAAGAGTAT-1,Stem A
GTGCGTGTCAAGGAGC-1,Stem A
GTGCGTGTCCTCACCA-1,Stem A
GTGCGTGTCGCTGTCT-1,Stem F
GTGCGTGTCTTCCACG-1,Stem B
GTGCTGGCAAGTCCCG-1,Stem D
GTGCTGGCACACTGGC-1,Muscle 1
GTGCTGGCAGCACAAG-1,Stem A
GTGCTGGGTGATCATC-1,Stem B
GTGCTGGTCGCTCATC-1,Stem F
GTGCTTCAGTAAACAC-1,Stem C
GTGCTTCCAATAGTCC-1,Neuron 1
GTGCTTCCACTCATAG-1,Stem A
GTGCTTCGTACACGTT-1,Stem C
GTGCTTCGTTCTTGCC-1,Muscle 1
GTGGAAGAGCTTTCTT-1,Stem F
GTGGAAGAGGAGCTGT-1,Parenchyma 1
GTGGAAGCAGTGTACT-1,Stem F
GTGGAAGGTACCAGAG-1,Muscle 1
GTGGAAGGTCCCACGA-1,Neuron 1
GTGGAAGGTCTAGTGT-1,Protonephridia
GTGGAAGTCGGAATTC-1,Muscle 1
GTGGAGACAACTTCTT-1,Stem F
GTGGAGACAGCTATTG-1,Stem C
GTGGAGAGTAGTGTGG-1,Stem D
GTGGAGATCCGATTAG-1,Stem F
GTGGAGATCGGTCTGG-1,Stem D
GTGGCGTAGTTGGAGC-1,Muscle 1
GTGGCGTCATGTTACG-1,Stem C
GTGGCGTGTCGCCTAG-1,Muscle 2
GTGGCGTGTGAGACGT-1,Stem C
GTGGCGTGTGGACTGA-1,Stem F
GTGGCGTGTTTACGTG-1,Muscle 2
GTGGCGTTCAGTCATG-1,Muscle 2
GTGGCGTTCTACTGCC-1,Stem E
GTGGCGTTCTGAGGTT-1,Stem C
GTGGGAAAGCTCTATG-1,Parenchyma 2
GTGGGAAAGGTCCCGT-1,Stem D
GTGGGAAAGGTGCCAA-1,Stem A
GTGGGAAAGTGGTCAG-1,Neuron 4
GTGGGAACACTAGTAC-1,Parenchyma 1
GTGGGAACACTCCTGT-1,Stem F
GTGGGAACATGATAGA-1,Stem F
GTGGGAACATGTTCAG-1,Stem C
GTGGGAAGTAGTGATA-1,Parenchyma 2
GTGGGAAGTCCTCATC-1,Muscle 1
GTGGGAAGTCGTTGCG-1,Muscle 2
GTGGGAATCATCACAG-1,Stem F
GTGGGAATCCGGACGT-1,Stem C
GTGGGAATCGGACCAC-1,Muscle 1
GTGGTTAAGAGTGGCT-1,Stem F
GTGGTTAAGCCTCTGG-1,Parenchyma 1
GTGGTTAAGGGACAGG-1,Stem C
GTGGTTACACGCCACA-1,Stem A
GTGGTTAGTACGTAGG-1,Stem B
GTGGTTAGTACTCGCG-1,Stem F
GTGGTTAGTATACAGA-1,Stem F
GTGGTTAGTTGTCAGT-1,Muscle 1
GTGGTTATCGGACCAC-1,Stem F
GTGTAACAGATGCTTC-1,Stem D
GTGTAACAGCAGCAGT-1,Stem F
GTGTAACCAAATTAGG-1,Stem E
GTGTAACGTAAGTAGT-1,Stem E
GTGTAACGTACACGTT-1,Stem F
GTGTAACGTCGTCAGC-1,Stem D
GTGTAACTCGCAGAGA-1,Stem B
GTGTCCTAGAGAGGGC-1,Stem C
GTGTCCTAGTCGTTAC-1,Protonephridia
GTGTCCTCAAGTATAG-1,Stem F
GTGTCCTCATAGGTTC-1,Stem F
GTGTCCTGTTCGAACT-1,Parenchyma 1
GTGTCCTTCATGGCCG-1,Stem C
GTGTCCTTCCTAGCTC-1,Muscle 1
GTGTCCTTCTGACCCT-1,Protonephridia
GTGTCCTTCTGCTCTG-1,Stem B
GTGTGATCATTAAAGG-1,Stem C
GTGTGATTCATTGCGA-1,Stem A
GTGTGGCAGGAAGAAC-1,Stem C
GTGTGGCAGTGATCGG-1,Muscle 1
GTGTGGCGTGAGGAAA-1,Parenchyma 1
GTGTGGCTCCAAATGC-1,Stem F
GTGTTAGCAGGGAGAG-1,Stem D
GTGTTAGCATGTCAGT-1,Stem A
GTGTTAGGTAGCGATG-1,Stem D
GTGTTAGGTAGCGCCT-1,Stem D
GTGTTAGGTGCATCTA-1,Stem D
GTGTTAGTCGGAAGGT-1,Muscle 1
GTGTTAGTCTTTCAGT-1,Parenchyma 1
GTGTTCCAGGTAATCA-1,Stem A
GTGTTCCCAAACAGGC-1,Stem D
GTGTTCCCATACAGAA-1,Stem A
GTGTTCCCATTGTCGA-1,Muscle 1
GTGTTCCGTAACTGCT-1,Stem F
GTGTTCCGTCCAGAAG-1,Stem C
GTTACAGAGTCCTACA-1,Muscle 1
GTTACAGCACGTAGAG-1,Muscle 1
GTTACAGCATAGGAGC-1,Stem C
GTTACAGGTTGGTACT-1,Protonephridia
GTTACAGGTTGTGGAG-1,Neuron 1
GTTACAGTCCGGTAGC-1,Stem C
GTTACAGTCGCCGAAC-1,Muscle 2
GTTACCCAGGGCGAGA-1,Stem B
GTTACCCAGTCGGCAA-1,Stem B
GTTACCCCAAAGGGCT-1,Muscle 1
GTTACCCCAAGCACCC-1,Stem D
GTTACCCCAAGCCATT-1,Neuron 4
GTTACCCCAGACATCT-1,Stem A
GTTACCCGTATCAAGA-1,Muscle 1
GTTACCCGTCATATGC-1,Parenchyma 2
GTTACCCGTCGAGCTC-1,Stem C
GTTACCCGTGAGGCAT-1,Stem B
GTTACCCTCCATGATG-1,Stem F
GTTACCCTCTAACGCA-1,Parenchyma 1
GTTACCCTCTGATGGT-1,Stem C
GTTACGAAGCGTGTCC-1,Stem B
GTTACGAAGCTGCCTG-1,Parenchyma 1
GTTACGACAACAGATA-1,Stem C
GTTACGACATAGAGGC-1,Stem B
GTTACGAGTACGATCT-1,Neuron 4
GTTACGAGTCCTGTTC-1,Stem C
GTTACGAGTGAGACGT-1,Muscle 2
GTTACGATCACCCTCA-1,Stem F
GTTACGATCATTGTTC-1,Parenchyma 1
GTTACGATCCTATGGA-1,Stem C
GTTAGACAGCGATCGA-1,Stem D
GTTAGACTCGGATAAA-1,Stem F
GTTAGTGAGAAGCCTG-1,Muscle 2
GTTAGTGAGGTGCTGA-1,Stem A
GTTAGTGAGTATGAAC-1,Stem C
GTTAGTGAGTGCAGGT-1,Stem A
GTTAGTGCAAATCGTC-1,Stem F
GTTAGTGGTAACATAG-1,Protonephridia
GTTAGTGGTAAGATTG-1,Neuron 1
GTTAGTGGTTGACGGA-1,Stem C
GTTAGTGGTTGAGGAC-1,Stem B
GTTATGGAGCTCACTA-1,Muscle 1
GTTATGGAGGAGTCTG-1,Stem C
GTTATGGCAGCAGTAG-1,Parenchyma 2
GTTATGGCAGGCATGA-1,Stem F
GTTATGGCATGGCACC-1,Parenchyma 1
GTTATGGGTAGCTTGT-1,Muscle 1
GTTATGGGTGCGCTCA-1,Parenchyma 1
GTTATGGGTGGTAATA-1,Stem E
GTTCATTAGGGACTGT-1,Parenchyma 2
GTTCATTAGTGCTACT-1,Neuron 4
GTTCATTCAGAGAAAG-1,Stem F
GTTCATTGTTCACGAT-1,Muscle 1
GTTCATTTCTGCGGAC-1,Stem E
GTTCCGTAGGTTCCGC-1,Stem C
GTTCCGTGTCATGACT-1,Stem D
GTTCCGTGTGTTATCG-1,Stem A
GTTCCGTTCCTGTAAG-1,Stem D
GTTCGCTAGATACAGT-1,Stem C
GTTCGCTAGCGTATGG-1,Protonephridia
GTTCGCTAGGTTATAG-1,Stem C
GTTCGCTAGTAAGGGA-1,Stem C
GTTCGCTCAGCTATTG-1,Neuron 5
GTTCGCTTCTGTGCTC-1,Stem B
GTTCTATAGCTTCTAG-1,Muscle 1
GTTCTATAGGTAAGAG-1,Stem F
GTTCTATAGTAGCATA-1,Stem F
GTTCTATCAACTTGGT-1,Stem F
GTTCTATCACGAGAAC-1,Stem A
GTTCTATGTAGTCGGA-1,Stem C
GTTCTATGTGTGTGGA-1,Stem E
GTTCTATGTGTGTTTG-1,Muscle 1
GTTCTATGTTTACCTT-1,Stem F
GTTGAACAGAGACAAG-1,Stem A
GTTGAACAGGTCCTGC-1,Stem E
GTTGAACAGTGAATAC-1,Neuron 4
GTTGAACGTCACCGAC-1,Protonephridia
GTTGAACGTTGTTGCA-1,Stem C
GTTGAACTCTCAAAGC-1,Stem A
GTTGCGGAGCCTGTGC-1,Stem C
GTTGCGGAGGCCTAAG-1,Stem F
GTTGCGGCACCAGGTC-1,Stem F
GTTGCGGCAGCTATAC-1,Muscle 1
GTTGCGGGTCTTTCTA-1,Parenchyma 2
GTTGCGGGTGCCTTCT-1,Neuron 4
GTTGCGGGTGGACTGA-1,Stem B
GTTGCTCAGATGACAT-1,Neuron 1
GTTGCTCAGCTTTGTG-1,Stem C
GTTGCTCAGGATGTTA-1,Muscle 1
GTTGCTCCAGGCACTC-1,Stem B
GTTGCTCGTTCTGAGT-1,Stem F
GTTGCTCTCAGCCTTC-1,Stem F
GTTGCTCTCTGGGCAC-1,Stem F
GTTGTAGAGATGGCAC-1,Neuron 1
GTTGTAGCAGAGTAAT-1,Parenchyma 1
GTTGTAGGTCGTTTCC-1,Protonephridia
GTTGTAGTCTACGCAA-1,Stem B
GTTGTCCAGTCATACC-1,Neuron 1
GTTGTCCCAAGCGCTC-1,Stem F
GTTGTCCCAAGTCATC-1,Parenchyma 2
GTTGTCCCATGGGTCC-1,Stem C
GTTGTCCGTACGATTC-1,Muscle 1
GTTGTCCGTCAAAGTA-1,Parenchyma 2
GTTGTCCTCAGACCTA-1,Neuron 1
GTTGTCCTCGAGTGAG-1,Stem D
GTTGTGAAGACCAAAT-1,Muscle 1
GTTGTGAAGATCGCTT-1,Muscle 1
GTTGTGAAGCACCAGA-1,Muscle 2
GTTGTGAAGGTGATCG-1,Parenchyma 2
GTTGTGACATCGTGCG-1,Muscle 1
GTTGTGATCGATACGT-1,Stem F
GTTTACTAGGCATCTT-1,Muscle 1
GTTTACTAGTGACCTT-1,Protonephridia
GTTTACTGTGTACGCC-1,Muscle 1
GTTTACTGTTTACGAC-1,Stem C
GTTTACTTCATTCGGA-1,Stem C
GTTTACTTCCTACACC-1,Neuron 4
GTTTGGAGTACCGCGT-1,Stem C
GTTTGGAGTGAACTAA-1,Stem D
GTTTGGAGTTTCGGCG-1,Stem A
GTTTGGATCTTTCAGT-1,Stem A
TAACACGAGTCTAGCT-1,Stem F
TAACACGCATGACTGT-1,Stem D
TAACACGTCATAAGGA-1,Muscle 1
TAACACGTCCACCCTA-1,Stem F
TAACACGTCCTTGGAA-1,Stem A
TAACACGTCGCGGTAC-1,Stem B
TAACACGTCTCCCATG-1,Stem D
TAACCAGAGCCGATTT-1,Stem F
TAACCAGAGCGAGAAA-1,Stem C
TAACCAGAGGCTCTAT-1,Stem C
TAACCAGCACCCTAAA-1,Neuron 1
TAACCAGGTTTATGCG-1,Stem F
TAACCAGTCATCACAG-1,Muscle 1
TAACCAGTCTGCTGAA-1,Stem E
TAACGACAGATGGCGT-1,Stem C
TAACGACAGCGTCTGC-1,Muscle 2
TAACGACAGCGTTGTT-1,Stem C
TAACGACAGGGTTAAT-1,Stem D
TAACGACAGGTAGGCT-1,Stem B
TAACGACGTTCCTACC-1,Muscle 1
TAACGACTCACTACGA-1,Stem F
TAACGACTCATGGAGG-1,Neuron 1
TAACGACTCCTGTTGC-1,Stem C
TAACGACTCTGGGCAC-1,Muscle 1
TAACTTCAGTTCCGTA-1,Stem D
TAACTTCGTTCGGGTC-1,Stem D
TAACTTCTCAACACCA-1,Muscle 1
TAACTTCTCAAGCCCG-1,Stem C
TAACTTCTCATGCGGC-1,Stem B
TAAGCACAGGCATTTC-1,Muscle 1
TAAGCACAGGTTCTTG-1,Muscle 1
TAAGCACTCCATCTAT-1,Stem A
TAAGCCAAGGCTAAAT-1,Muscle 1
TAAGCCACAACACACT-1,Tegument
TAAGCCACAACGCATT-1,Parenchyma 2
TAAGCCAGTGCCTGCA-1,Stem C
TAAGCCATCTTTGCGC-1,Tegument
TAAGCGTCAAATGAAC-1,Stem A
TAAGCGTGTCTCGGGT-1,Stem C
TAAGTCGAGCCATTCA-1,Stem A
TAAGTCGAGGTGGGTT-1,Muscle 1
TAAGTCGCATTGACTG-1,Neuron 4
TAAGTCGGTGGCTTAT-1,Stem C
TAAGTCGTCCCTTGGT-1,Muscle 1
TAATCTCAGACACACG-1,Stem B
TAATCTCAGACCTCCG-1,Stem C
TAATCTCAGGGAGGAC-1,Stem F
TAATCTCCACTGCATA-1,Stem F
TAATCTCTCCGTGGTG-1,Muscle 2
TAATCTCTCCTAACAG-1,Stem F
TAATCTCTCTGCGAGC-1,Neuron 1
TAATTCCAGAACAGGA-1,Protonephridia
TAATTCCAGACAGCGT-1,Stem D
TAATTCCAGTCTAGCT-1,Stem D
TAATTCCCAGCCGGTT-1,Protonephridia
TAATTCCCATGAAAGT-1,Neuron 1
TAATTCCTCCTTATCA-1,Stem F
TAATTCCTCGCTACAA-1,Stem F
TAATTCCTCTACACTT-1,Stem D
TACAACGAGCTCCATA-1,Stem B
TACAACGAGTGCTAGG-1,Parenchyma 1
TACAACGCAATACCCA-1,Muscle 1
TACAACGCAATAGAGT-1,Stem F
TACAACGGTAGCGAGT-1,Stem D
TACAACGGTCGCTTAA-1,Stem B
TACAACGTCCTGTACC-1,Stem A
TACAACGTCGCTACGG-1,Muscle 1
TACACCCAGGACAACC-1,Muscle 1
TACACCCAGTACTGTC-1,Neuron 5
TACACCCCAACGACAG-1,Muscle 1
TACACCCGTAAGTTGA-1,Stem F
TACACCCGTGAATATG-1,Stem C
TACACCCTCCTATGGA-1,Parenchyma 2
TACACCCTCCTGTAAG-1,Parenchyma 1
TACAGGTAGACTAGAT-1,Muscle 2
TACAGGTAGGTGAGCT-1,Stem C
TACAGGTAGTTTCAGC-1,Muscle 1
TACAGGTCAACGTTAC-1,Stem C
TACAGGTGTAGGTCAG-1,Parenchyma 2
TACAGGTGTCATAGTC-1,Tegument
TACAGGTGTTCGAAGG-1,Neuron 1
TACAGGTTCCGACGGT-1,Stem A
TACAGGTTCGAGTCCG-1,Stem C
TACAGGTTCGTAACTG-1,Muscle 1
TACATTCAGAGGGTGG-1,Stem C
TACATTCCAGGTACGA-1,Stem A
TACATTCGTCCACAGC-1,Muscle 1
TACATTCGTCCTATAG-1,Protonephridia
TACATTCGTGAGATCG-1,Stem D
TACATTCGTTGGTACT-1,Parenchyma 2
TACATTCTCCTCACTG-1,Muscle 1
TACCCACAGAGCAAGA-1,Stem B
TACCCACAGCATCGAG-1,Stem F
TACCCACGTAGGACCA-1,Stem A
TACCCACTCGTAGAGG-1,Stem A
TACCCACTCGTTATCT-1,Stem B
TACCCGTAGCTTCGTA-1,Neuron 1
TACCCGTAGGGACACT-1,Stem C
TACCCGTAGGGATCTG-1,Stem A
TACCCGTCAAATCGGG-1,Stem F
TACCCGTCACGGCACT-1,Neuron 1
TACCCGTCATCGAAGG-1,Stem C
TACCCGTGTCCCGTGA-1,Muscle 1
TACCCGTGTCCGGTCA-1,Stem C
TACCCGTGTCTGTGAT-1,Stem D
TACCCGTGTGGCTCTG-1,Stem F
TACCCGTTCAGTCATG-1,Protonephridia
TACCCGTTCCCTCATG-1,Stem C
TACCCGTTCCTACACC-1,Muscle 1
TACCCGTTCGCCTTTG-1,Stem C
TACCGAAAGAGATTCA-1,Stem B
TACCGAAAGATCCCGC-1,Muscle 2
TACCGAAAGGTCCAGA-1,Parenchyma 1
TACCGAAAGGTGAGAA-1,Stem C
TACCGAACAATCGCGC-1,Stem F
TACCGAACATGCCGAC-1,Stem E
TACCGAAGTGTGGACA-1,Stem C
TACCGAATCCGATGCG-1,Stem B
TACCGAATCGTAACCA-1,Muscle 1
TACCGAATCTCCGTGT-1,Neuron 1
TACCGGGAGCCAGTAG-1,Stem D
TACCGGGGTACAAGTA-1,Protonephridia
TACCGGGGTAGATTAG-1,Neuron 1
TACCGGGGTAGTCGGA-1,Stem C
TACCGGGGTCAATCTG-1,Muscle 2
TACCGGGGTGAGATTA-1,Stem D
TACCGGGTCATAGACC-1,Stem A
TACCGGGTCGTACCTC-1,Stem C
TACCTCGAGAGAATCT-1,Stem F
TACCTCGAGCCTGGAA-1,Stem F
TACCTCGAGCGATGAC-1,Stem C
TACCTCGAGTTGTACC-1,Muscle 1
TACCTCGCATATGGCT-1,Parenchyma 2
TACCTCGGTACTGCCG-1,Neuron 1
TACCTCGGTATTGAGA-1,Stem A
TACCTCGGTTCAGGTT-1,Protonephridia
TACCTCGGTTTCCATT-1,Stem C
TACCTGCAGACATAGT-1,Stem F
TACCTGCAGCGTTGTT-1,Stem A
TACCTGCCACAAGGTG-1,Stem A
TACCTGCGTAACAGGC-1,Stem C
TACCTGCGTCCAGCCA-1,Parenchyma 1
TACCTGCGTCTGTGTA-1,Stem C
TACCTGCGTGCGTTTA-1,Muscle 1
TACCTGCGTTACTCAG-1,Parenchyma 2
TACCTGCTCAAGTCTG-1,Stem E
TACCTGCTCCCAATAG-1,Stem F
TACGCTCAGAAAGCGA-1,Stem D
TACGCTCAGACTTAAG-1,Muscle 1
TACGCTCAGCGTGTTT-1,Stem A
TACGCTCCAACTCCCT-1,Stem A
TACGCTCCACGCCACA-1,Stem F
TACGCTCGTCGCGTCA-1,Stem C
TACGCTCGTGACCGAA-1,Stem A
TACGCTCGTGCAATAA-1,Stem B
TACGCTCTCACGGTCG-1,Tegument
TACGCTCTCAGGACGA-1,Stem D
TACGGGCAGAGTCGAC-1,Stem F
TACGGGCCAATACCTG-1,Muscle 2
TACGGGCCACCATATG-1,Stem B
TACGGGCGTCCGAAGA-1,Stem A
TACGGGCGTGTGTTTG-1,Stem A
TACGGGCTCTAATTCC-1,Muscle 2
TACGGTAAGCACTGGA-1,Stem B
TACGGTAAGCTCCACG-1,Stem D
TACGGTAAGTTGAAAC-1,Stem D
TACGGTACACAATGAA-1,Stem F
TACGGTACACTTCATT-1,Stem E
TACGGTATCATTACGG-1,Stem A
TACGGTATCGTTATCT-1,Parenchyma 2
TACGTCCAGCTAGCCC-1,Stem D
TACGTCCCAGACGGAT-1,Stem A
TACGTCCGTATGCTTG-1,Parenchyma 1
TACGTCCTCAGCTGTA-1,Stem A
TACGTCCTCATTTCGT-1,Stem F
TACGTCCTCCTACGAA-1,Muscle 1
TACGTCCTCGACCATA-1,Stem B
TACTGCCCAAGAATGT-1,Muscle 1
TACTGCCCAATTCTCT-1,Parenchyma 1
TACTGCCCATGAATAG-1,Stem B
TACTGCCGTCCTCAGG-1,Parenchyma 2
TACTGCCTCTATGCCC-1,Tegument
TACTGCCTCTTACCAT-1,Muscle 1
TACTTACAGCGGATCA-1,Neuron 5
TACTTACAGGATAATC-1,Muscle 1
TACTTACAGGCTTTCA-1,Muscle 1
TACTTACCAGCTTCGG-1,Protonephridia
TACTTACCATCAACCA-1,Muscle 1
TACTTACGTGACCGTC-1,Stem D
TACTTACGTGTCCACG-1,Protonephridia
TACTTACGTTCGGTCG-1,Stem F
TACTTACTCCGTCACT-1,Stem C
TACTTACTCCTCTGCA-1,Stem F
TACTTACTCGCACGGT-1,Stem C
TACTTCAAGCAATAAC-1,Protonephridia
TACTTCAAGGAACATT-1,Muscle 2
TACTTCACAAGCCCAC-1,Muscle 1
TACTTCACATGCCGAC-1,Stem F
TACTTCAGTCGTCGGT-1,Stem F
TACTTCATCCTGGTCT-1,Stem D
TACTTCATCTATCACT-1,Muscle 1
TACTTCATCTTCGGTC-1,Stem F
TACTTGTAGGCCTTGC-1,Stem F
TACTTGTAGTCTTGGT-1,Muscle 1
TACTTGTCACAGTCGC-1,Stem C
TACTTGTCACGCGTCA-1,Parenchyma 1
TACTTGTGTTTATGCG-1,Stem C
TACTTGTTCAAGCCAT-1,Stem C
TACTTGTTCCCTAGGG-1,Parenchyma 1
TAGACCAAGACGACGT-1,Stem D
TAGACCAAGAGCAAGA-1,Stem A
TAGACCAAGATCGCTT-1,Stem C
TAGACCAAGTGTACAA-1,Stem C
TAGACCACAGCAGTAG-1,Stem F
TAGACTGAGAGCAGTC-1,Parenchyma 1
TAGACTGAGTACAACA-1,Neuron 1
TAGACTGAGTTGTAGA-1,Stem D
TAGACTGCAGGAATCG-1,Neuron 5
TAGACTGGTGCTCGTG-1,Parenchyma 1
TAGAGTCAGTTCAACC-1,Stem B
TAGAGTCCAGGGCTTC-1,Stem F
TAGAGTCCATACTTTC-1,Stem F
TAGAGTCCATCCGAGC-1,Stem F
TAGAGTCCATGAGATA-1,Stem C
TAGAGTCTCATTGTGG-1,Stem E
TAGATCGAGGTTCACT-1,Stem D
TAGATCGCAAGTATCC-1,Parenchyma 1
TAGATCGGTGACAGCA-1,Stem E
TAGATCGGTGCCGTTG-1,Stem F
TAGATCGGTTGTGGAG-1,Stem B
TAGATCGGTTTGTTCT-1,Stem C
TAGATCGTCAACCGAT-1,Stem D
TAGATCGTCACTCCGT-1,Stem C
TAGATCGTCCCAAGTA-1,Stem C
TAGATCGTCGACTCCT-1,Stem F
TAGCACAAGAAACCCG-1,Stem B
TAGCACAAGAGTCAAT-1,Stem A
TAGCACACAGTCGTTA-1,Stem A
TAGCACAGTCTGTCCT-1,Stem F
TAGCACAGTGTAAATG-1,Parenchyma 2
TAGCACATCAGCGTCG-1,Stem F
TAGCACATCCCTTGGT-1,Stem F
TAGGAGGCAACCGACC-1,Stem F
TAGGAGGCAGCGGTCT-1,Stem A
TAGGAGGCAGGAGACT-1,Stem C
TAGGAGGCAGTAACAA-1,Stem C
TAGGAGGGTACCCGCA-1,Stem B
TAGGAGGGTGCCGAAA-1,Stem B
TAGGAGGGTTAGGGAC-1,Muscle 1
TAGGAGGGTTATCTTC-1,Stem C
TAGGAGGGTTCGTGCG-1,Stem D
TAGGAGGTCCGCTAGG-1,Muscle 1
TAGGAGGTCGGTAGAG-1,Stem F
TAGGAGGTCGTTGCCT-1,Muscle 1
TAGGGTTAGGATGGCT-1,Stem D
TAGGGTTCAATCGCAT-1,Muscle 1
TAGGGTTCAGGCACTC-1,Stem F
TAGGGTTGTCCTCAGG-1,Stem F
TAGGGTTTCTATGTGG-1,Muscle 1
TAGGTACAGCGTATGG-1,Stem C
TAGGTACAGGTGCCAA-1,Stem B
TAGGTACCACGCTATA-1,Stem B
TAGGTACCAGCAAGAC-1,Stem C
TAGGTACCAGCGACAA-1,Muscle 2
TAGGTACCAGTGTATC-1,Parenchyma 1
TAGGTACCATCACGGC-1,Stem B
TAGGTACCATCCTATT-1,Tegument
TAGGTACGTGTATTGC-1,Stem C
TAGGTACGTTGCATGT-1,Stem D
TAGGTACGTTTAAGGA-1,Ciliary plate
TAGGTACTCATTCGGA-1,Muscle 2
TAGGTACTCGAGTCTA-1,Stem C
TAGGTTGAGCTAGAGC-1,Stem D
TAGGTTGCAGACCATT-1,Stem B
TAGGTTGGTACCTAAC-1,Neuron 4
TAGGTTGGTAGCCAGA-1,Stem C
TAGGTTGGTAGTTACC-1,Muscle 1
TAGGTTGGTGATTCTG-1,Stem D
TAGTGCAAGCATGATA-1,Stem C
TAGTGCAAGTGCAAAT-1,Stem E
TAGTGCACATGGACAG-1,Stem B
TAGTGCAGTACGACAG-1,Parenchyma 1
TAGTGCAGTGAAGCGT-1,Stem A
TAGTGCATCCGAAGGA-1,Stem C
TAGTGCATCGATTGGT-1,Stem F
TAGTGCATCGCGTAGC-1,Stem A
TATACCTAGACAGCTG-1,Muscle 2
TATACCTAGAGGGTGG-1,Muscle 1
TATACCTAGTTCTCTT-1,Stem F
TATACCTCAGAGCGTA-1,Stem F
TATACCTCAGATAAAC-1,Neuron 1
TATACCTCAGTTAAAG-1,Muscle 1
TATACCTGTGGTCCGT-1,Neuron 1
TATATCCAGAGGTTTA-1,Stem D
TATATCCAGGTTGGTG-1,Stem C
TATATCCCATCGGAAG-1,Muscle 1
TATCAGGAGAGCAGTC-1,Stem B
TATCAGGAGGCGAACT-1,Stem C
TATCAGGAGGGCCAAT-1,Protonephridia
TATCAGGAGGTCCGAA-1,Stem F
TATCAGGGTCGATGCC-1,Stem B
TATCAGGTCGCCTCTA-1,Stem A
TATCCTAAGACCACGA-1,Muscle 1
TATCCTAAGCATTGTC-1,Parenchyma 1
TATCCTACAACACAAA-1,Stem F
TATCCTACACGCGCTA-1,Stem C
TATCCTAGTTGAGAGC-1,Stem B
TATCCTATCGGTCATA-1,Parenchyma 2
TATCGCCAGCGTCGAA-1,Stem F
TATCGCCAGGGATGTC-1,Muscle 2
TATCGCCCAGTCAACT-1,Muscle 1
TATCGCCCATCCAACA-1,Stem A
TATCGCCGTCTTGTCC-1,Stem F
TATCGCCTCGCAGTCG-1,Neuron 1
TATCGCCTCTCCGTGT-1,Muscle 1
TATCGCCTCTGGTTGA-1,Stem D
TATCTGTGTATGACAA-1,Muscle 1
TATCTGTGTCCACACG-1,Muscle 1
TATCTGTTCCCGTTCA-1,Parenchyma 1
TATCTGTTCCGTGGTG-1,Parenchyma 1
TATCTGTTCGTGGACC-1,Stem F
TATCTTGAGAGCATCG-1,Parenchyma 1
TATCTTGAGCAACTTC-1,Stem D
TATCTTGGTACCCGAC-1,Parenchyma 2
TATCTTGGTATAGCTC-1,Stem F
TATCTTGGTATAGGGC-1,Stem B
TATCTTGGTGCGTTTA-1,Muscle 1
TATCTTGTCGACTCCT-1,Neuron 5
TATCTTGTCGCTCTAC-1,Stem A
TATGTTCAGAAATCCA-1,Neuron 4
TATGTTCAGATCGCCC-1,Neuron 1
TATGTTCAGCATCTTG-1,Muscle 1
TATGTTCAGCGGTAGT-1,Stem F
TATGTTCAGGGTACAC-1,Protonephridia
TATGTTCAGTAGCATA-1,Stem F
TATGTTCCAACGGTAG-1,Parenchyma 2
TATGTTCCAAGGTCTT-1,Stem D
TATGTTCGTGCATTTG-1,Muscle 1
TATGTTCTCTATTTCG-1,Stem A
TATGTTCTCTGAGTCA-1,Neuron 4
TATTCCAGTACAGTTC-1,Stem D
TATTCCAGTAGCACAG-1,Muscle 2
TATTCCAGTAGGCAGT-1,Muscle 1
TATTCCAGTATGGAAT-1,Stem B
TATTCCAGTCGGAACA-1,Muscle 2
TATTCCATCTGGGCAC-1,Stem F
TATTCCATCTTCTCAA-1,Stem B
TATTGCTAGAGCCGTA-1,Stem C
TATTGCTCAAAGCACG-1,Muscle 2
TATTGCTCACATTCGA-1,Muscle 1
TATTGCTCACTGGAAG-1,Tegument
TATTGCTCAGTCGGAA-1,Stem F
TATTGCTCATTCATCT-1,Parenchyma 1
TATTGCTGTCTGTTAG-1,Muscle 2
TATTGCTGTGGTACAG-1,Stem D
TATTGCTGTTAGGGAC-1,Neuron 1
TATTGCTTCAGGAACG-1,Stem A
TATTGCTTCGCAACAT-1,Muscle 1
TATTGCTTCGCACTCT-1,Muscle 1
TATTGGGCAACCGACC-1,Stem F
TATTGGGCAAGGTTGG-1,Muscle 1
TATTGGGCAATAACGA-1,Muscle 1
TATTGGGCAGCCGGTT-1,Stem C
TATTGGGTCATTGAGC-1,Muscle 1
TATTGGGTCCATAAGC-1,Stem C
TATTGGGTCTCACCCA-1,Neuron 1
TATTTCGAGCAGCCTC-1,Stem C
TATTTCGAGCGATTCT-1,Stem C
TATTTCGAGGGCAGTT-1,Stem B
TATTTCGCAAGTGGGT-1,Stem A
TATTTCGGTGAGTGAC-1,Stem C
TATTTCGTCCTGGGAC-1,Stem B
TATTTCGTCTTAGTTC-1,Stem C
TCAAGACAGAGAGGTA-1,Stem C
TCAAGACAGCTACTAC-1,Muscle 1
TCAAGACAGGGACTGT-1,Stem D
TCAAGACAGTACGAGC-1,Stem C
TCAAGACCAACACAGG-1,Muscle 1
TCAAGACGTCGTGATT-1,Stem D
TCAAGACTCAAGCCGC-1,Stem F
TCAAGACTCACGACTA-1,Stem D
TCAAGCAAGATTCGAA-1,Stem F
TCAAGCAAGTCACTCA-1,Stem C
TCAAGCACAAGTGGCA-1,Stem A
TCAAGCATCAGCAATC-1,Stem B
TCAAGCATCTCTAAGG-1,Stem C
TCAAGCATCTTCGGTC-1,Stem A
TCAAGTGAGAACTTCC-1,Neuron 1
TCAAGTGAGAGAGTGA-1,Muscle 1
TCAAGTGAGGACGCTA-1,Muscle 1
TCAAGTGAGGTTTACC-1,Muscle 2
TCAAGTGCAAGTCCCG-1,Stem B
TCAAGTGTCAGGACAG-1,Muscle 1
TCAAGTGTCGTCAAAC-1,Stem C
TCAATCTAGCAGTACG-1,Muscle 1
TCAATCTGTCCACGCA-1,Stem E
TCAATCTGTCGGCCTA-1,Stem C
TCAATCTGTGGTCTGC-1,Muscle 1
TCAATCTTCGCTGACG-1,Neuron 1
TCAATCTTCTGTTCAT-1,Muscle 1
TCAATTCCAGGCATGA-1,Stem D
TCAATTCGTCAAATCC-1,Muscle 1
TCAATTCGTTGCATTG-1,Stem D
TCAATTCTCCTACACC-1,Stem F
TCAATTCTCGACATTG-1,Neuron 1
TCACAAGGTCCAGAAG-1,Parenchyma 2
TCACAAGTCCTAAACG-1,Stem C
TCACAAGTCGATACGT-1,Muscle 1
TCACACCAGAAACACT-1,Muscle 2
TCACACCAGGCTGTAG-1,Muscle 1
TCACACCCACTATCCC-1,Stem D
TCACACCCATCTCAAG-1,Muscle 1
TCACACCGTATGACAA-1,Protonephridia
TCACACCGTTCGGCGT-1,Stem D
TCACACCGTTGGTACT-1,Parenchyma 1
TCACACCTCGTTCTAT-1,Stem E
TCACATTAGTAGTGCG-1,Stem D
TCACATTCAGTCTACA-1,Muscle 2
TCACGCTAGCAACTCT-1,Parenchyma 1
TCACGCTAGTTACGTC-1,Neuron 4
TCACGCTCATGTCGTA-1,Parenchyma 2
TCACGCTGTAAGGAGA-1,Neuron 1
TCACGCTGTATTGACC-1,Muscle 1
TCACGCTGTCACGTGC-1,Parenchyma 1
TCACGCTTCCATCGTC-1,Stem D
TCACGGGAGGTGATAT-1,Stem F
TCACGGGAGTCCCGAC-1,Muscle 1
TCACGGGCAGCATTGT-1,Stem F
TCACGGGCATTGCTGA-1,Stem F
TCACGGGGTTGCCTAA-1,Protonephridia
TCACGGGTCACAAGAA-1,Stem E
TCACGGGTCCTTCGAC-1,Stem F
TCACTATAGTAGCTCT-1,Parenchyma 2
TCACTATCACAAATCC-1,Stem F
TCACTATCACGTATAC-1,Stem F
TCACTATCACGTCGTG-1,Stem F
TCACTATGTACACGCC-1,Protonephridia
TCACTATGTACCACGC-1,Muscle 1
TCACTATGTCATGACT-1,Protonephridia
TCACTATGTCTCGGAC-1,Stem C
TCACTATGTGTTCATG-1,Stem D
TCACTATTCGGCTATA-1,Parenchyma 1
TCACTCGAGGAACATT-1,Stem D
TCACTCGCAATCTCGA-1,Stem C
TCACTCGCACAAGGTG-1,Tegument
TCACTCGCACTGTCGG-1,Stem B
TCACTCGCAGCGTGCT-1,Muscle 1
TCACTCGCATGCCATA-1,Stem B
TCACTCGGTGTTCATG-1,Stem B
TCACTCGTCACTACTT-1,Stem E
TCACTCGTCAGTGGGA-1,Neuron 1
TCACTCGTCCTCTCGA-1,Parenchyma 1
TCACTCGTCGAGAAAT-1,Stem C
TCAGCAACACACTTAG-1,Stem D
TCAGCAACAGCGCGTT-1,Stem F
TCAGCAATCAGCAGAG-1,Stem C
TCAGCAATCTTCCAGC-1,Stem F
TCAGCAATCTTCGCTG-1,Muscle 1
TCAGCCTGTGTTTGCA-1,Stem F
TCAGCCTGTTCAAAGA-1,Stem C
TCAGGGCAGGAAAGTG-1,Muscle 1
TCAGGGCAGGCGAACT-1,Stem A
TCAGGGCAGGTAGCCA-1,Stem A
TCAGGGCCAACTACGT-1,Stem C
TCAGGTAAGATCGCCC-1,Stem D
TCAGGTAAGCATTTCG-1,Stem F
TCAGGTACAAATCGTC-1,Stem A
TCAGGTAGTAGAAACT-1,Neuron 1
TCAGGTAGTCATCACA-1,Stem C
TCAGGTAGTGCACAAG-1,Stem C
TCAGGTAGTGTTCATG-1,Stem A
TCAGGTATCCACGTAA-1,Stem F
TCAGGTATCCCTGTTG-1,Neuron 1
TCAGGTATCCGGTAAT-1,Stem A
TCAGTCCAGGCATGGT-1,Stem A
TCAGTCCGTAGGCTCC-1,Stem F
TCAGTCCGTGGCCTCA-1,Stem C
TCAGTCCTCCCGTTGT-1,Stem D
TCAGTCCTCTCTGGTC-1,Stem D
TCAGTGAAGCATCCCG-1,Stem F
TCAGTGAAGGTGCCTC-1,Muscle 1
TCAGTGAAGTTCTCTT-1,Stem F
TCAGTGACAATCGCGC-1,Stem A
TCAGTGACAATGAGCG-1,Parenchyma 1
TCAGTGAGTACATACC-1,Stem A
TCAGTGAGTGACCGAA-1,Parenchyma 1
TCAGTGATCCCTCATG-1,Muscle 2
TCAGTGATCGTCGGGT-1,Parenchyma 2
TCAGTTTCAACTTCTT-1,Neuron 1
TCAGTTTCATCAGCTA-1,Stem C
TCAGTTTGTCCAAATC-1,Stem F
TCAGTTTGTGTGATGG-1,Stem F
TCATACTAGCTATCTG-1,Muscle 1
TCATACTAGGAATTAC-1,Muscle 1
TCATACTCAAGTATAG-1,Stem F
TCATACTCACCCGTAG-1,Stem C
TCATACTGTCCTTGTC-1,Stem F
TCATATCAGAAATGGG-1,Stem C
TCATATCAGGAGCTGT-1,Muscle 1
TCATATCCAACGACAG-1,Stem A
TCATATCGTATACCCA-1,Stem F
TCATATCGTCGATTCA-1,Stem D
TCATATCGTGGATCAG-1,Stem D
TCATATCGTGTACGCC-1,Stem F
TCATATCTCATGCCAA-1,Muscle 1
TCATCATGTACACGTT-1,Muscle 1
TCATCATGTTGCCTAA-1,Stem F
TCATCATTCGGAATGG-1,Protonephridia
TCATCATTCTACGGGC-1,Stem C
TCATCCGAGAACTTCC-1,Neuron 1
TCATCCGGTCGTACAT-1,Stem C
TCATCCGGTGGTCTCG-1,Stem A
TCATCCGGTGTCGATT-1,Stem D
TCATCCGGTTCTCGTC-1,Stem A
TCATGAGAGAGCCGAT-1,Protonephridia
TCATGAGAGGGCCTCT-1,Neuron 1
TCATGAGCAGAAGTTA-1,Stem A
TCATGAGGTAATACCC-1,Parenchyma 2
TCATGCCAGAGCCGTA-1,Parenchyma 1
TCATGCCCAACATCGT-1,Stem F
TCATGCCGTAATTAGG-1,Muscle 1
TCATGCCGTATTCTCT-1,Muscle 1
TCATGCCTCCGACAGC-1,Stem F
TCATGGAAGCCTTGAT-1,Muscle 1
TCATGGAAGGCGCTTC-1,Parenchyma 2
TCATGGACAACGTATC-1,Stem F
TCATGGACAGCAGAAC-1,Parenchyma 2
TCATGGAGTAGTCTTG-1,Protonephridia
TCATGGAGTCTGCCTT-1,Stem A
TCATGTTAGAGTCAGC-1,Neuron 1
TCATGTTAGTCAAGCG-1,Muscle 1
TCATGTTCATCCGGTG-1,Protonephridia
TCATGTTGTGGCGTAA-1,Parenchyma 1
TCATGTTGTGTCTTAG-1,Stem E
TCATTACAGAGTGAAG-1,Stem D
TCATTACAGTGGTGGT-1,Muscle 1
TCATTACCAGAACCGA-1,Protonephridia
TCATTACCAGGCCCTA-1,Parenchyma 1
TCATTACCAGGTATGG-1,Stem C
TCATTACGTAGATCCT-1,Parenchyma 2
TCATTACGTGCCCTTT-1,Parenchyma 2
TCATTCACAATCGCAT-1,Muscle 1
TCATTCACAGATTAAG-1,Muscle 1
TCATTCACATCCTCAC-1,Stem A
TCATTCAGTATGCGGA-1,Parenchyma 1
TCATTCAGTCGGTGAA-1,Stem F
TCATTCAGTGGTACAG-1,Muscle 1
TCATTCATCATCACAG-1,Parenchyma 1
TCATTCATCGCTTGAA-1,Muscle 1
TCATTGTAGCAGAAAG-1,Neuron 1
TCATTGTGTTGGAGAC-1,Stem A
TCATTGTTCATAGCAC-1,Protonephridia
TCATTGTTCCAAGCTA-1,Muscle 1
TCATTGTTCCATTCGC-1,Muscle 1
TCATTGTTCCCTTGTG-1,Muscle 1
TCATTGTTCTGCGGGT-1,Parenchyma 2
TCATTTGTCCAAGCTA-1,Parenchyma 2
TCCACCAAGAGTCCGA-1,Muscle 1
TCCACCAAGTCCCGGT-1,Protonephridia
TCCACCACATTGGATC-1,Stem D
TCCACCAGTAGGTAGC-1,Stem C
TCCACCAGTCCGGTGT-1,Neuron 1
TCCACCATCAAGCCAT-1,Stem F
TCCACCATCATAGAGA-1,Muscle 1
TCCACCATCTGCATAG-1,Neuron 1
TCCACGTAGCTGAGTG-1,Stem C
TCCACGTCAATGAGCG-1,Stem C
TCCACGTCAATTGAGA-1,Stem F
TCCACGTGTACGGATG-1,Stem C
TCCACGTGTAGACGTG-1,Stem D
TCCACGTGTGAGAGGG-1,Stem C
TCCAGAAAGAGGGCGA-1,Stem D
TCCAGAAAGCGCTGAA-1,Protonephridia
TCCAGAAAGTGGTGAC-1,Stem C
TCCAGAAAGTTTCAGC-1,Stem F
TCCAGAACAGTCCGTG-1,Stem B
TCCAGAATCAGTAGGG-1,Muscle 1
TCCATCGAGCGAACTG-1,Stem E
TCCATCGAGGAATGTT-1,Stem A
TCCATCGAGGATCATA-1,Stem F
TCCATCGAGTAAACTG-1,Stem F
TCCATCGCATAGAAAC-1,Muscle 1
TCCATCGGTAGGAGTC-1,Stem A
TCCATCGGTGAGAGGG-1,Stem F
TCCATCGGTTCCAGGC-1,Stem D
TCCATCGTCAAAGACA-1,Muscle 1
TCCATCGTCCATAGGT-1,Stem A
TCCATCGTCCATCAGA-1,Stem D
TCCATCGTCTCACGAA-1,Stem F
TCCATCGTCTGGGAGA-1,Stem C
TCCATGCAGAAGTGTT-1,Stem D
TCCATGCAGACTAAGT-1,Protonephridia
TCCATGCAGCAATTAG-1,Stem B
TCCATGCCACACCTGG-1,Parenchyma 1
TCCATGCTCCTGTAAG-1,Muscle 1
TCCATGCTCGAGAAGC-1,Stem D
TCCATGCTCTGAGCAT-1,Parenchyma 1
TCCCACAAGTTTCAGC-1,Stem F
TCCCACAGTAACAAGT-1,Parenchyma 2
TCCCACAGTCTTTCTA-1,Neuron 4
TCCCACAGTGGACCAA-1,Stem A
TCCCACAGTGTACGCC-1,Muscle 1
TCCCACATCACAGAGG-1,Stem F
TCCCACATCCAGCAAT-1,Muscle 1
TCCCAGTAGGCTTAAA-1,Neuron 1
TCCCAGTCAAAGTATG-1,Protonephridia
TCCCAGTCAGCAAGAC-1,Muscle 1
TCCCAGTCAGGTCCGT-1,Stem A
TCCCAGTCAGTAACGG-1,Neuron 4
TCCCAGTCATCTTAGG-1,Stem A
TCCCAGTGTAGATTAG-1,Stem C
TCCCAGTGTGAGAGGG-1,Stem F
TCCCATGAGACCTCAT-1,Stem C
TCCCATGAGGTTTACC-1,Stem A
TCCCATGCACAGAGAC-1,Muscle 1
TCCCATGGTCGTAATC-1,Stem C
TCCCATGTCCACGGGT-1,Stem C
TCCCATGTCGCATAGT-1,Protonephridia
TCCCATGTCGGCACTG-1,Stem D
TCCGAAAAGGATTCAA-1,Protonephridia
TCCGAAAAGGTCCTGC-1,Muscle 1
TCCGAAAAGTGGCGAT-1,Muscle 1
TCCGAAAAGTTGGAGC-1,Stem D
TCCGAAACAAACCATC-1,Stem A
TCCGAAACACCCTGAG-1,Muscle 1
TCCGAAACAGCTGCCA-1,Stem D
TCCGAAAGTGAGTGAC-1,Stem F
TCCGAAAGTGCTCGTG-1,Stem F
TCCGAAAGTGGTCCCA-1,Muscle 1
TCCGAAATCGTACCTC-1,Protonephridia
TCCGATCAGACCATGG-1,Stem B
TCCGATCAGCTCGTGC-1,Stem F
TCCGATCAGGAACGAA-1,Stem E
TCCGATCAGGCTGTAG-1,Stem E
TCCGATCAGTCTAACC-1,Parenchyma 1
TCCGATCCACCAACAT-1,Stem F
TCCGATCGTCGTACTA-1,Parenchyma 2
TCCGATCGTGGCACTC-1,Neuron 1
TCCGATCGTTTGGAAA-1,Muscle 1
TCCGATCTCCAACTAG-1,Stem F
TCCGATCTCGACCCAG-1,Stem D
TCCGGGAAGTGGACTG-1,Protonephridia
TCCGGGACAGCAATTC-1,Stem B
TCCGGGACAGCTCGGT-1,Stem A
TCCGGGAGTCAACATC-1,Stem C
TCCGGGAGTGGACTGA-1,Stem F
TCCGGGAGTGTCCATA-1,Protonephridia
TCCGGGATCCCTGGTT-1,Stem F
TCCGGGATCTGTGTGA-1,Stem B
TCCGTGTCAACGGCCT-1,Parenchyma 1
TCCGTGTCACTGCGAC-1,Muscle 1
TCCGTGTGTTTCAGAC-1,Muscle 1
TCCGTGTTCGCAGTTA-1,Protonephridia
TCCGTGTTCGTGGTAT-1,Stem C
TCCTAATAGAGAGCAA-1,Parenchyma 1
TCCTAATAGAGAGCGG-1,Stem C
TCCTAATAGGGCAGGA-1,Protonephridia
TCCTAATCAACCGACC-1,Stem A
TCCTAATCAATTGCAC-1,Stem F
TCCTAATCATCCGGCA-1,Stem D
TCCTAATGTCTAGTGT-1,Stem F
TCCTAATGTTCGTTCC-1,Stem C
TCCTCCCAGCGTCTGC-1,Muscle 2
TCCTCCCAGGCATTTC-1,Stem F
TCCTCCCAGTACTGTC-1,Stem F
TCCTCCCAGTCACACT-1,Stem F
TCCTCCCCACATACTG-1,Stem C
TCCTCCCCACGTAACT-1,Stem C
TCCTCCCCAGCTTTGA-1,Stem A
TCCTCCCTCGTAATGC-1,Stem F
TCCTCGACAGAAGTGC-1,Muscle 1
TCCTCGATCGCATGAT-1,Stem E
TCCTCGATCGCCTATC-1,Muscle 2
TCCTCTTAGGGTCACA-1,Muscle 1
TCCTCTTAGGTGCTTT-1,Stem B
TCCTCTTCAATTAGGA-1,Stem F
TCCTCTTGTCCCTCAT-1,Muscle 1
TCCTCTTGTGTAAATG-1,Stem F
TCCTCTTTCCGAGAAG-1,Neuron 1
TCCTCTTTCGGTGTAT-1,Stem F
TCCTCTTTCTAAGGAA-1,Stem E
TCCTGCAAGTGCCGAA-1,Muscle 1
TCCTGCACAATTGCGT-1,Stem B
TCCTGCAGTACTGCGC-1,Stem F
TCCTGCAGTTCCGCGA-1,Stem E
TCCTGCATCGAGCCAC-1,Stem E
TCCTTCTAGGTAAGGA-1,Stem F
TCCTTCTCAAGAGGCT-1,Stem F
TCCTTCTCAAGTGCTT-1,Stem A
TCCTTCTCACTAGGTT-1,Muscle 2
TCCTTCTGTTACACAC-1,Stem F
TCCTTCTTCCAGCTCT-1,Muscle 1
TCCTTCTTCCCTCTAG-1,Stem F
TCCTTCTTCGGTAACT-1,Stem A
TCCTTTCCAACTCGAT-1,Muscle 1
TCCTTTCCACTTACAG-1,Stem A
TCCTTTCCAGAGATGC-1,Stem D
TCCTTTCGTGGCTAGA-1,Protonephridia
TCCTTTCTCCACCTCA-1,Muscle 1
TCCTTTCTCGTGGGTC-1,Stem B
TCGAACAAGGTCCCGT-1,Stem C
TCGAACACAATGAGCG-1,Stem C
TCGAACACACAAGCAG-1,Stem B
TCGAACACATCTGTTT-1,Parenchyma 2
TCGAACAGTCTGTGTA-1,Muscle 1
TCGAACATCCAGCCTT-1,Muscle 1
TCGAAGTTCCTGGGTG-1,Stem F
TCGAAGTTCTAGTCAG-1,Stem A
TCGACCTAGATACCAA-1,Stem A
TCGACCTAGGCCACTC-1,Stem F
TCGACCTCAAATGGTA-1,Stem B
TCGACCTCAAGGCAAC-1,Stem F
TCGACCTCACCGGAAA-1,Stem A
TCGACCTCACTCCCTA-1,Stem D
TCGACCTGTTCCGGTG-1,Stem F
TCGACGGAGAGTGAAG-1,Stem A
TCGACGGAGGTACAAT-1,Stem F
TCGACGGAGTATGTAG-1,Stem D
TCGACGGAGTTTGAGA-1,Muscle 1
TCGACGGCACCGTCGA-1,Stem B
TCGACGGCACTGGCCA-1,Stem C
TCGACGGGTCTAACTG-1,Neuron 1
TCGACGGGTCTGCCTT-1,Stem F
TCGATTTAGGAGCTGT-1,Stem F
TCGATTTAGGTAGATT-1,Stem B
TCGATTTCACTTGTGA-1,Stem B
TCGATTTGTACGATTC-1,Stem A
TCGATTTGTCAATCTG-1,Protonephridia
TCGATTTTCAGTGTGT-1,Muscle 1
TCGATTTTCCCGTAAA-1,Stem A
TCGATTTTCTTCGACC-1,Stem A
TCGCACTAGAATCTAG-1,Parenchyma 1
TCGCACTAGCTCCGAC-1,Stem D
TCGCACTCAGCAGACA-1,Stem F
TCGCACTCATCGTTCC-1,Stem A
TCGCACTTCCTTTAGT-1,Stem C
TCGCAGGAGTATGGAT-1,Stem B
TCGCAGGAGTCTAGAA-1,Stem B
TCGCAGGAGTCTTCCC-1,Stem A
TCGCAGGCACCAGGTC-1,Stem C
TCGCAGGGTAGAGATT-1,Parenchyma 2
TCGCAGGGTCCAGCAC-1,Stem A
TCGCAGGGTGAGAACC-1,Stem E
TCGCAGGGTTCAAACC-1,Stem B
TCGCAGGGTTGAGAGC-1,Stem D
TCGCAGGTCGTAGAGG-1,Parenchyma 1
TCGCAGGTCTAAGGAA-1,Stem F
TCGCTCAAGCGATGAC-1,Stem D
TCGCTCAAGGAAAGAC-1,Stem A
TCGCTCAAGGCTTAAA-1,Muscle 2
TCGCTCACAAACCACT-1,Stem D
TCGCTCACAGAGCGTA-1,Muscle 2
TCGCTCACAGAGGCTA-1,Stem C
TCGCTCAGTATCAGGG-1,Stem C
TCGCTCATCATTTGTC-1,Stem C
TCGCTCATCCATCCGT-1,Parenchyma 2
TCGCTCATCGTGGGAA-1,Muscle 1
TCGCTCATCTGGGCGT-1,Tegument
TCGCTTGAGGGCTTCC-1,Stem D
TCGCTTGGTCGATTAC-1,Stem A
TCGCTTGGTGTGTGGA-1,Muscle 1
TCGGATAAGTCTCGTA-1,Stem C
TCGGATAGTGAGTTTC-1,Muscle 1
TCGGATATCCGATCTC-1,Stem C
TCGGGACAGAGTTGAT-1,Parenchyma 1
TCGGGACCAACTGGTT-1,Parenchyma 1
TCGGGACCACTCACTC-1,Stem F
TCGGGACCACTCCTTG-1,Stem F
TCGGGACGTATACAGA-1,Stem C
TCGGGACGTGCATGTT-1,Stem C
TCGGGACGTGCTGCAC-1,Stem D
TCGGGCACAGCATTGT-1,Stem D
TCGGGCACAGCGATTT-1,Stem B
TCGGGCACATCGAACT-1,Stem A
TCGGGCAGTCTTTCAT-1,Protonephridia
TCGGGCAGTGCATGTT-1,Stem B
TCGGGCAGTTCCCAAA-1,Muscle 1
TCGGGCAGTTGTGTTG-1,Stem F
TCGGGTGAGCCGCACT-1,Stem E
TCGGGTGAGGATTACA-1,Stem E
TCGGGTGAGTACCATC-1,Stem C
TCGGGTGCACATACGT-1,Stem D
TCGGGTGGTACGTGTT-1,Stem A
TCGGTCTAGCAATAAC-1,Tegument
TCGGTCTAGCCGCTTG-1,Stem C
TCGGTCTAGTGCGCTC-1,Stem B
TCGGTCTAGTGTCATC-1,Parenchyma 2
TCGGTCTCAATTGAAG-1,Parenchyma 2
TCGGTCTCACTAGGCC-1,Stem F
TCGGTCTCACTGGAAG-1,Stem D
TCGGTCTGTATTGGCT-1,Parenchyma 1
TCGGTCTGTCCCTCAT-1,Stem C
TCGGTCTGTCTAGTGT-1,Parenchyma 1
TCGGTCTGTGCCCGTA-1,Muscle 1
TCGGTCTGTGTCCTAA-1,Tegument
TCGGTCTTCAGGGTAG-1,Stem C
TCGGTCTTCGTACACA-1,Stem F
TCGGTCTTCTCGAACA-1,Stem D
TCGTAGAAGAAACCAT-1,Muscle 2
TCGTAGAGTATGGAGC-1,Stem C
TCGTAGAGTCATGGCC-1,Stem D
TCGTAGAGTTGTTTGG-1,Muscle 2
TCGTAGATCCCTTGGT-1,Stem B
TCGTAGATCGTCTACC-1,Stem F
TCGTCCAAGGCACTCC-1,Stem C
TCGTCCACAATTCACG-1,Neuron 5
TCGTCCAGTGTCCCTT-1,Muscle 1
TCGTCCATCCATCGTC-1,Stem F
TCGTCCATCGCCGAAC-1,Stem F
TCGTCCATCTCCGATC-1,Parenchyma 1
TCGTCCATCTGGCCGA-1,Muscle 1
TCGTGCTAGCTTAGTC-1,Stem C
TCGTGCTCACAATTCG-1,Stem D
TCGTGCTCAGTTGGTT-1,Stem E
TCGTGCTCAGTTGTTG-1,Stem D
TCGTGCTGTAAGAACT-1,Stem F
TCGTGCTTCCCAGGCA-1,Parenchyma 2
TCGTGGGAGACCGTTT-1,Stem C
TCGTGGGAGCATGCGA-1,Stem F
TCGTGGGCACATTACG-1,Stem A
TCGTGGGGTCCCTGAG-1,Muscle 1
TCGTGGGGTTAGGGTG-1,Stem A
TCGTGGGTCAACACGT-1,Stem B
TCGTGGGTCTATTCGT-1,Stem E
TCTAACTAGATCACCT-1,Neuron 1
TCTAACTCAAGCGAAC-1,Parenchyma 1
TCTAACTGTATACCTG-1,Stem D
TCTAACTGTCGACGCT-1,Stem F
TCTAACTTCGGCTCTT-1,Stem C
TCTAACTTCGTTAGTG-1,Stem D
TCTAACTTCGTTGTGA-1,Muscle 1
TCTAACTTCTCTATAC-1,Stem F
TCTACATAGCCGATAG-1,Stem C
TCTACATAGTAGTCTC-1,Stem D
TCTACATGTACGGATG-1,Stem F
TCTACATGTAGTGATA-1,Stem D
TCTACATTCCAGGACC-1,Stem A
TCTACCGAGATTGATG-1,Stem C
TCTACCGAGGAGAATG-1,Protonephridia
TCTACCGCAAAGCGTG-1,Stem F
TCTACCGCATCCAATG-1,Stem E
TCTACCGGTTGGACCC-1,Stem B
TCTACCGTCCACCTCA-1,Protonephridia
TCTACCGTCCGCAAAT-1,Stem A
TCTACCGTCCTAAACG-1,Parenchyma 2
TCTATACAGCCGGATA-1,Stem F
TCTATACCAATGTTGC-1,Muscle 1
TCTATACCAGCACCCA-1,Stem B
TCTATACGTGTCTCCT-1,Muscle 1
TCTATACGTTCATCGA-1,Parenchyma 1
TCTATACGTTCTCAGA-1,Parenchyma 1
TCTATACTCTTGGCTC-1,Stem B
TCTATCACAAGTACCT-1,Stem B
TCTATCACAGTGGGTA-1,Stem F
TCTCACGCAACGACTT-1,Muscle 1
TCTCACGCAATGTCTG-1,Parenchyma 1
TCTCACGCACTTGGCG-1,Neuron 4
TCTCAGCAGACGATAT-1,Stem C
TCTCAGCAGCGGATCA-1,Tegument
TCTCAGCAGGGTTTCT-1,Stem B
TCTCAGCAGGTAGTAT-1,Stem E
TCTCAGCCAAGCTACT-1,Muscle 2
TCTCAGCCAAGGCTTT-1,Muscle 1
TCTCAGCCACACAGCC-1,Stem F
TCTCAGCGTCATAACC-1,Muscle 2
TCTCAGCGTGCACAAG-1,Stem D
TCTCAGCGTGCCTGAC-1,Muscle 1
TCTCAGCTCAAAGACA-1,Stem F
TCTCAGCTCACATTGG-1,Neuron 1
TCTCAGCTCGGACTTA-1,Stem C
TCTCCGAAGATCGACG-1,Neuron 1
TCTCCGACATCCGCGA-1,Protonephridia
TCTCCGAGTAGTGTGG-1,Stem F
TCTCCGATCAAGATAG-1,Muscle 1
TCTCCGATCCCTCAAC-1,Stem F
TCTCCGATCTAAGGAA-1,Stem C
TCTCTGGAGTAGGGTC-1,Stem C
TCTCTGGCAAGGGTCA-1,Stem C
TCTCTGGGTAGCTTGT-1,Muscle 1
TCTCTGGGTGAGATTA-1,Muscle 1
TCTCTGGTCACCGACG-1,Stem D
TCTCTGGTCCAAGGGA-1,Stem D
TCTCTGGTCCTGCCAT-1,Stem A
TCTGCCAAGGAGAATG-1,Stem D
TCTGCCAAGGTTCATC-1,Stem F
TCTGCCAAGTGGAAAG-1,Stem C
TCTGCCAGTCACCGCA-1,Parenchyma 1
TCTGCCATCGACCAAT-1,Stem C
TCTGCCATCTCCCAAC-1,Stem F
TCTGGCTAGAATCGAT-1,Muscle 2
TCTGGCTCAAAGTATG-1,Stem C
TCTGGCTCAACTAGAA-1,Stem F
TCTGGCTCAGTGCGCT-1,Stem C
TCTGGCTGTCTCACAA-1,Stem C
TCTGGCTGTGAGCAGT-1,Stem A
TCTGGCTGTGGTCTGC-1,Stem C
TCTGGCTTCAATCCGA-1,Stem D
TCTGGCTTCCTTCAGC-1,Muscle 1
TCTGGCTTCTCAGGCG-1,Muscle 1
TCTGTCGAGGGCAAGG-1,Stem C
TCTGTCGAGTTGGCGA-1,Stem C
TCTGTCGCACTCCGGA-1,Stem A
TCTGTCGCAGGACTAG-1,Stem F
TCTGTCGGTGACACAG-1,Muscle 1
TCTGTCGTCGAGAGAC-1,Neuron 1
TCTGTCGTCTTAGCTT-1,Stem C
TCTTAGTCACGACAAG-1,Muscle 1
TCTTAGTCAGTACTAC-1,Stem F
TCTTAGTGTCGCATGC-1,Stem F
TCTTAGTTCCGTCACT-1,Stem F
TCTTAGTTCGCCAGAC-1,Muscle 1
TCTTAGTTCTAACGCA-1,Neuron 1
TCTTAGTTCTCCTGAC-1,Muscle 2
TCTTAGTTCTTTGCAT-1,Stem F
TCTTCCTAGCTTAGTC-1,Stem F
TCTTCCTGTCGCACGT-1,Muscle 1
TCTTCCTTCGAACCAT-1,Muscle 2
TCTTCCTTCGAGCACC-1,Parenchyma 2
TCTTCCTTCTGGGTCG-1,Stem D
TCTTCCTTCTTGTGCC-1,Stem F
TCTTGCGAGCATCTTG-1,Muscle 1
TCTTGCGAGGGAGTTC-1,Neuron 1
TCTTGCGCATTACGGT-1,Stem F
TCTTGCGGTACGTGAG-1,Muscle 1
TCTTGCGGTCTGTAGT-1,Protonephridia
TCTTGCGTCCCTGTTG-1,Stem D
TCTTTGAAGGTTCTAC-1,Muscle 1
TCTTTGACAATTGCTG-1,Stem C
TCTTTGACACACGGTC-1,Muscle 2
TCTTTGAGTTCTGACA-1,Parenchyma 1
TCTTTGATCGCAGTCG-1,Muscle 1
TCTTTGATCGCCGAAC-1,Stem C
TGAACGTAGAGTCAGC-1,Protonephridia
TGAACGTAGGAAAGGT-1,Stem C
TGAACGTCAGGACAGT-1,Muscle 1
TGAACGTTCCAAATGC-1,Stem A
TGAATCGAGCTCGTGC-1,Stem F
TGAATCGCAATCAGCT-1,Stem C
TGAATCGCACAAAGCG-1,Stem B
TGAATCGCAGGACATG-1,Stem C
TGAATCGGTACCTAGT-1,Stem B
TGAATCGGTTGAGAGC-1,Stem F
TGAATCGTCACAATGC-1,Stem A
TGAATCGTCACATCAG-1,Stem A
TGAATCGTCATGACAC-1,Muscle 1
TGAATGCAGGTCCCTG-1,Muscle 2
TGAATGCAGTGATTCC-1,Parenchyma 2
TGAATGCTCGAGTCCG-1,Stem C
TGAATGCTCGCGTTTC-1,Muscle 1
TGAATGCTCTCGCCTA-1,Stem D
TGACAGTAGCCATCCG-1,Muscle 1
TGACAGTAGTGGATAT-1,Stem D
TGACAGTCAGCTCTGG-1,Stem D
TGACAGTGTAGCACGA-1,Muscle 1
TGACAGTGTCTGCATA-1,Neuron 4
TGACAGTGTGATGTAA-1,Neuron 1
TGACAGTGTTCTTGTT-1,Stem F
TGACAGTGTTGAATCC-1,Stem F
TGACAGTGTTGGGCCT-1,Parenchyma 1
TGACAGTTCTAGTCAG-1,Stem B
TGACAGTTCTATCGCC-1,Muscle 1
TGACCCTAGACCATTC-1,Parenchyma 2
TGACCCTCAACCGTGC-1,Muscle 1
TGACCCTCATAGAAAC-1,Neuron 1
TGACCCTCATGTTCGA-1,Stem F
TGACCCTGTTGTCATG-1,Stem A
TGACCCTTCACCCTTG-1,Stem A
TGACCCTTCTAACACG-1,Stem C
TGACGCGAGGGACTGT-1,Neuron 1
TGACGCGCAACTAGAA-1,Stem D
TGACGCGCATGGGAAC-1,Parenchyma 1
TGACGCGTCCGTAATG-1,Stem A
TGACTCCAGATCGCTT-1,Stem F
TGACTCCGTATGATCC-1,Stem F
TGACTCCGTCGGCCTA-1,Parenchyma 1
TGACTCCTCACTACTT-1,Stem F
TGACTCCTCCATAGGT-1,Muscle 2
TGAGACTAGCGAATGC-1,Stem D
TGAGACTAGGAGATAG-1,Stem B
TGAGACTAGGGTGAAA-1,Parenchyma 1
TGAGACTCAGCCCAGT-1,Stem C
TGAGACTCATATGAAG-1,Stem F
TGAGACTTCCAACTAG-1,Parenchyma 2
TGAGACTTCGACGATT-1,Muscle 1
TGAGCATAGCAACAAT-1,Stem C
TGAGCATAGTGGACGT-1,Neuron 1
TGAGCATGTCATCACA-1,Stem C
TGAGCATTCGTGTCAA-1,Stem C
TGAGCGCAGGGCGAAG-1,Stem D
TGAGCGCAGTAGCAAT-1,Stem C
TGAGCGCCACAGCCAC-1,Stem C
TGAGCGCCACATACGT-1,Stem A
TGAGCGCGTTGCTTGA-1,Stem C
TGAGCGCGTTTGGGTT-1,Parenchyma 1
TGAGCGCTCGGAGTGA-1,Stem B
TGAGGAGAGGGATCAC-1,Stem C
TGAGGAGCAACACGTT-1,Stem B
TGAGGAGCACCCATAA-1,Stem B
TGAGGAGCATCGCTGG-1,Stem C
TGAGGAGGTCGCATTA-1,Stem D
TGAGGAGGTGTCCGGT-1,Stem C
TGAGGAGGTTCCAAAC-1,Parenchyma 1
TGAGGAGTCCGGTAGC-1,Stem D
TGAGGGAAGCGACATG-1,Parenchyma 2
TGAGGGAGTCTGTAGT-1,Stem F
TGAGGGAGTGACTGTT-1,Stem B
TGAGGGATCTTTACAC-1,Parenchyma 2
TGAGGTTAGCGTGCCT-1,Stem F
TGAGGTTAGTATTCCG-1,Stem C
TGAGGTTCAACCCTCT-1,Muscle 1
TGAGGTTGTAAGGTCG-1,Stem C
TGAGGTTGTGCATGAG-1,Stem C
TGAGGTTGTGCCTACG-1,Stem D
TGAGGTTTCACTCCGT-1,Muscle 1
TGAGGTTTCCGAGTGC-1,Stem E
TGAGGTTTCGCTATTT-1,Stem F
TGAGTCAAGGTTGTTC-1,Muscle 2
TGAGTCAAGTATAGAC-1,Stem F
TGAGTCACAGTTCACA-1,Neuron 1
TGAGTCACATCGAACT-1,Stem D
TGAGTCACATGAAGGC-1,Stem C
TGAGTCAGTCAGTTTG-1,Stem C
TGAGTCAGTTCGGCCA-1,Muscle 2
TGAGTCAGTTGCCGAC-1,Stem F
TGAGTCAGTTGTTTGG-1,Muscle 1
TGAGTCATCCCTCGAT-1,Parenchyma 2
TGAGTCATCGCCATAA-1,Stem B
TGATCAGAGAGCCCAA-1,Stem D
TGATCAGAGCGCCCAT-1,Parenchyma 1
TGATCAGAGTGGTTAA-1,Stem C
TGATCAGGTATCGAGG-1,Stem F
TGATCAGGTCCACTCT-1,Neuron 4
TGATCAGTCGTTCTGC-1,Muscle 2
TGATCAGTCTACTTCA-1,Muscle 1
TGATCTTAGCGCGTTC-1,Muscle 1
TGATCTTAGCTGAGTG-1,Protonephridia
TGATCTTAGTCGAAGC-1,Stem D
TGATCTTCAACGGCTC-1,Stem A
TGATCTTCAGACTCTA-1,Stem B
TGATCTTGTCGCATCG-1,Stem C
TGATCTTGTGACGCCT-1,Stem E
TGATCTTGTTCCGCAG-1,Stem F
TGATCTTTCACACGAT-1,Stem D
TGATCTTTCCACCCTA-1,Stem E
TGATGCAAGACAAGCC-1,Muscle 2
TGATGCACAATACGAA-1,Stem F
TGATGCACAATCAGCT-1,Neuron 4
TGATGCACAATGAACA-1,Stem E
TGATGCACAATTAGGA-1,Neuron 1
TGATGCAGTCATAGTC-1,Stem D
TGATGCAGTGACAACG-1,Neuron 1
TGATGCATCAAACGAA-1,Stem F
TGATGCATCCGCACGA-1,Stem C
TGATGCATCTTCGTGC-1,Muscle 1
TGATGGTAGGTTGAGC-1,Parenchyma 1
TGATGGTAGTGCAACG-1,Stem A
TGATGGTGTAATCAGA-1,Muscle 1
TGATGGTGTCAGGAGT-1,Parenchyma 2
TGATGGTGTCCGGTGT-1,Stem C
TGATGGTGTGTTGAGG-1,Neuron 4
TGATGGTTCGACACTA-1,Stem C
TGATGGTTCGTGCAGC-1,Muscle 1
TGATTCTAGCAGGGAG-1,Stem A
TGATTCTCACTCATAG-1,Muscle 1
TGATTCTCATACTGAC-1,Stem F
TGATTCTGTGCGAACA-1,Stem B
TGATTCTGTGTCCCTT-1,Stem A
TGATTCTGTGTGATGG-1,Stem B
TGATTTCAGCTCCACG-1,Parenchyma 2
TGATTTCAGTTATGGA-1,Stem D
TGATTTCCATGTCGTA-1,Stem A
TGATTTCGTATGCTTG-1,Muscle 1
TGATTTCGTCAGCTTA-1,Stem C
TGATTTCTCTAGACCA-1,Parenchyma 1
TGCACGGAGCAAATCA-1,Neuron 4
TGCACGGCACCTGAAT-1,Muscle 1
TGCACGGCAGCTGAGA-1,Stem D
TGCACGGCATGGGATG-1,Stem E
TGCACGGGTATCAGGG-1,Protonephridia
TGCACGGGTGGAACCA-1,Parenchyma 2
TGCACGGTCAGCTTCC-1,Stem D
TGCAGATAGTACCATC-1,Parenchyma 1
TGCAGATTCGACGCGT-1,Stem B
TGCAGATTCTTACCAT-1,Neuron 1
TGCAGGCAGCTCGAAG-1,Stem F
TGCAGGCAGTGGAAGA-1,Stem A
TGCAGGCCATCGGTTA-1,Stem C
TGCAGGCCATGAGGGT-1,Tegument
TGCAGGCGTAGTGCGA-1,Muscle 1
TGCAGGCTCAGCGCGT-1,Stem B
TGCAGGCTCCTGGGTG-1,Stem C
TGCAGGCTCTGTCCCA-1,Tegument
TGCAGTAAGCATCAGG-1,Muscle 1
TGCAGTAAGGCTAACG-1,Muscle 1
TGCAGTACAGTCGGAA-1,Stem C
TGCAGTACATCTCAAG-1,Stem F
TGCAGTAGTTGGGTTT-1,Muscle 1
TGCAGTAGTTTCGGCG-1,Stem A
TGCAGTATCACCTTGC-1,Parenchyma 1
TGCAGTATCCATCACC-1,Parenchyma 2
TGCATCCAGAAGCGAA-1,Stem B
TGCATCCAGCTGACAG-1,Parenchyma 1
TGCATCCAGGCCTTCG-1,Stem C
TGCATCCAGTTATGGA-1,Parenchyma 1
TGCATCCCACTCATAG-1,Stem A
TGCATCCCAGACGATG-1,Stem F
TGCATCCGTCAGACTT-1,Stem A
TGCATCCTCATCCTGC-1,Muscle 1
TGCATGAAGACGCTCC-1,Stem A
TGCATGAAGATCACCT-1,Stem F
TGCATGAAGATGGCGT-1,Stem C
TGCATGACAACGACTT-1,Muscle 1
TGCATGACAGCAATTC-1,Stem A
TGCATGATCAAATGAG-1,Stem C
TGCATGATCCGAACGC-1,Stem F
TGCATGATCCGCTAGG-1,Stem F
TGCCGAGAGTAGAGTT-1,Stem A
TGCCGAGCACTGCACG-1,Stem D
TGCCGAGGTATCAGGG-1,Stem D
TGCCGAGTCCTCACGT-1,Parenchyma 2
TGCCGAGTCGGAATTC-1,Stem D
TGCCGAGTCGGTTAGT-1,Parenchyma 1
TGCGACGAGCCTAGGA-1,Tegument
TGCGACGAGCGCCTTG-1,Neuron 5
TGCGACGCACTGGCCA-1,Stem C
TGCGACGCAGCATTGT-1,Parenchyma 1
TGCGACGGTACCCGAC-1,Muscle 1
TGCGACGGTCCTTGTC-1,Stem F
TGCGACGGTGCACGCT-1,Stem B
TGCGACGGTTCTCCAC-1,Stem B
TGCGACGTCCCATGGG-1,Stem D
TGCGACGTCTTCCCAG-1,Stem D
TGCGATAAGACTTCAC-1,Stem D
TGCGATAAGCCGGATA-1,Stem F
TGCGATAAGCCTGAGA-1,Stem B
TGCGATAAGTGTAGTA-1,Muscle 1
TGCGATAGTAAGCGGT-1,Stem A
TGCGATAGTGTCTTGA-1,Muscle 1
TGCGATAGTTGACGGA-1,Stem C
TGCGATATCCTCAGGG-1,Stem D
TGCGATATCTGACAGT-1,Stem A
TGCGATATCTTCGTAT-1,Stem F
TGCGGCAAGACTGGGT-1,Parenchyma 1
TGCGGCAAGAGCAGCT-1,Stem D
TGCGGCAAGATCCGAG-1,Stem F
TGCGGCAAGATGCAGC-1,Stem D
TGCGGCAAGTGTACCT-1,Parenchyma 1
TGCGGCAAGTTCATGC-1,Stem F
TGCGGCACAGAGTAAT-1,Stem C
TGCGGCAGTACTGCGC-1,Stem C
TGCGGCATCTTAATCC-1,Stem D
TGCGGGTAGAACTGAT-1,Stem E
TGCGGGTAGCCATCCG-1,Stem A
TGCGGGTCAAATAGCA-1,Muscle 1
TGCGGGTCACTGCATA-1,Stem C
TGCGGGTGTAACAAGT-1,Stem A
TGCGGGTGTCCATCTC-1,Stem C
TGCGGGTGTGAGTCAG-1,Stem A
TGCGGGTGTGGAACAC-1,Stem C
TGCTCCAAGCCTCATA-1,Stem C
TGCTCCACAGACCATT-1,Stem F
TGCTCCAGTACTCGCG-1,Stem F
TGCTCCAGTCACAGAG-1,Stem D
TGCTCGTAGGGAGAAT-1,Stem E
TGCTCGTGTACGAGCA-1,Stem F
TGCTCGTTCTCCGAAA-1,Muscle 1
TGCTGAAAGCCTGAGA-1,Stem C
TGCTGAAAGGACTAAT-1,Stem E
TGCTGAAAGGTAGATT-1,Muscle 1
TGCTGAACAATCAAGA-1,Muscle 1
TGCTGAACAATCCAGT-1,Stem F
TGCTGAACAGCTACCG-1,Stem C
TGCTGAACATCGCTGG-1,Parenchyma 1
TGCTGAAGTAGCCCTG-1,Stem F
TGCTGAAGTGGTCCCA-1,Stem F
TGCTGAATCCGGACTG-1,Stem F
TGCTTCGAGAGTACCG-1,Muscle 1
TGCTTCGAGCCGGATA-1,Stem C
TGCTTCGAGCGAGAAA-1,Stem A
TGCTTCGCAACGGCCT-1,Parenchyma 2
TGCTTCGCAGACCATT-1,Stem A
TGCTTCGTCACCTCGT-1,Stem E
TGCTTCGTCCCAGGAC-1,Stem A
TGCTTCGTCGTCTCAC-1,Stem A
TGCTTCGTCTATACTC-1,Parenchyma 2
TGCTTCGTCTCCGAGG-1,Stem F
TGCTTGCAGTCGTCTA-1,Muscle 1
TGCTTGCCATACAGGG-1,Stem D
TGCTTGCGTCTCTCAC-1,Stem B
TGCTTGCGTGCCAAGA-1,Stem D
TGCTTGCTCGCCACTT-1,Stem F
TGCTTGCTCGTCACCT-1,Parenchyma 1
TGGAACTAGCAAGGAA-1,Parenchyma 1
TGGAACTAGCCTGAGA-1,Stem E
TGGAACTAGTAGTCTC-1,Parenchyma 1
TGGAACTAGTCATACC-1,Stem B
TGGAACTAGTGCAAAT-1,Stem E
TGGAACTCACTGTCGG-1,Stem A
TGGAACTCATAGCTGT-1,Stem D
TGGAACTGTCGAATTC-1,Muscle 1
TGGAACTGTCTTGCTC-1,Neuron 1
TGGAACTTCCACGGGT-1,Parenchyma 1
TGGAACTTCCAGCAAT-1,Stem A
TGGAGAGCATGTGCTA-1,Tegument
TGGAGAGGTATCACGT-1,Parenchyma 1
TGGAGAGGTTGGCCGT-1,Stem F
TGGAGAGTCCGAAATC-1,Muscle 1
TGGAGAGTCCTAGCCT-1,Muscle 1
TGGAGGAAGCTTACGT-1,Muscle 1
TGGAGGACACAACATC-1,Parenchyma 2
TGGAGGACACGCACCA-1,Stem F
TGGAGGACACTCGATA-1,Parenchyma 2
TGGAGGACAGACCCGT-1,Stem F
TGGAGGAGTCCACAGC-1,Stem F
TGGAGGAGTCGATTTG-1,Muscle 1
TGGAGGATCACTGTCC-1,Stem C
TGGAGGATCATCCTAT-1,Stem E
TGGAGGATCATGCAGT-1,Stem A
TGGAGGATCCATTTCA-1,Protonephridia
TGGAGGATCGACGTCG-1,Stem A
TGGATCAAGAGCCCAA-1,Stem C
TGGATCACAATACGAA-1,Stem D
TGGATCACATCGGCCA-1,Stem C
TGGATCAGTACACGTT-1,Neuron 1
TGGATCAGTAGTTACC-1,Neuron 5
TGGATCAGTTTACCAG-1,Stem B
TGGATGTAGATTAGAC-1,Stem B
TGGATGTAGCTGAGTG-1,Parenchyma 1
TGGATGTAGGGCGAGA-1,Parenchyma 1
TGGATGTCACCGTCTT-1,Stem D
TGGATGTCATACAGGG-1,Muscle 1
TGGATGTTCAGTGTTG-1,Neuron 1
TGGATGTTCGATACAC-1,Stem B
TGGCGTGAGCAAATGT-1,Parenchyma 2
TGGCGTGAGTATAGGT-1,Stem A
TGGCGTGGTACGATTC-1,Stem A
TGGCGTGGTAGTTCCA-1,Stem C
TGGCGTGGTCTTGGTA-1,Stem D
TGGCGTGGTGAACCGA-1,Protonephridia
TGGCGTGTCACCATCC-1,Muscle 1
TGGGAAGAGGTCTACT-1,Stem C
TGGGAAGCAAACTAGA-1,Protonephridia
TGGGAAGCAAAGCTCT-1,Muscle 1
TGGGAAGCAACTGGTT-1,Protonephridia
TGGGAAGCATCATTGG-1,Muscle 1
TGGGAAGGTCTCGGAC-1,Muscle 1
TGGGAAGTCAGCTGAT-1,Stem F
TGGGAAGTCCGATGTA-1,Stem A
TGGGAAGTCCTTGACC-1,Stem C
TGGGAAGTCGTCAGAT-1,Stem B
TGGGAGAAGTGCAAAT-1,Stem E
TGGGAGAAGTGGAATT-1,Stem D
TGGGAGACACCGGTCA-1,Stem A
TGGGAGACATCAGCGC-1,Stem D
TGGGAGAGTAAGCGGT-1,Stem F
TGGGAGAGTCGTCTCT-1,Stem E
TGGGAGAGTGGTCTAT-1,Muscle 1
TGGGAGAGTTAAGGGC-1,Stem F
TGGGAGATCCTCGCAT-1,Stem D
TGGGAGATCGGATTAC-1,Stem C
TGGGATTAGCAACTCT-1,Stem F
TGGGATTAGCCATTGT-1,Stem D
TGGGATTAGTCATCGT-1,Stem E
TGGGATTCACAATGAA-1,Muscle 1
TGGGATTGTCGCCTAG-1,Stem C
TGGGCGTAGGCTGAAC-1,Stem F
TGGGCGTCACCAGTAT-1,Stem F
TGGGCGTCATTAAGCC-1,Stem A
TGGGCGTGTAGATCGG-1,Stem C
TGGGCGTTCCAATGCA-1,Stem C
TGGGCGTTCCCAGGAC-1,Stem D
TGGGCTGCACACCTTC-1,Parenchyma 1
TGGGCTGCAGGGACTA-1,Parenchyma 1
TGGGCTGGTCCCAAAT-1,Stem F
TGGGCTGGTCTACAGT-1,Stem C
TGGGCTGGTTAGGCCC-1,Parenchyma 1
TGGGTTAAGCAAATCA-1,Muscle 1
TGGGTTAAGTTGCCCG-1,Stem D
TGGGTTAAGTTGCTCA-1,Protonephridia
TGGGTTACACATATGC-1,Stem F
TGGGTTAGTCGAGTGA-1,Muscle 2
TGGGTTAGTCTCGGAC-1,Stem F
TGGGTTAGTGTGTCGC-1,Stem B
TGGTACAAGACTTCAC-1,Stem C
TGGTACAAGCATTGAA-1,Stem A
TGGTACAGTAGCGTCC-1,Stem F
TGGTACAGTAGCTCGC-1,Stem B
TGGTACAGTCGTGCCA-1,Stem A
TGGTACAGTCTACGAT-1,Stem B
TGGTACAGTGCTGTCG-1,Stem B
TGGTACATCTGCGGGT-1,Stem C
TGGTAGTAGACGTCGA-1,Stem C
TGGTAGTCAGTGTGCC-1,Muscle 1
TGGTAGTGTATCAGGG-1,Stem A
TGGTAGTGTCGCAGTC-1,Protonephridia
TGGTAGTGTCGCTGCA-1,Stem F
TGGTAGTGTTGACGGA-1,Stem D
TGGTAGTGTTGTACGT-1,Stem F
TGGTGATGTATTTCCT-1,Parenchyma 2
TGGTGATGTCTGCCTT-1,Muscle 2
TGGTTAGAGCGCACAA-1,Stem B
TGGTTAGCAAACTCGT-1,Muscle 1
TGGTTAGCAACAGATA-1,Muscle 1
TGGTTAGCAACTTCTT-1,Stem F
TGGTTAGTCAGGGATG-1,Parenchyma 1
TGGTTAGTCTGAACGT-1,Stem F
TGTAACGAGGTTATAG-1,Muscle 1
TGTAACGAGTAGGGTC-1,Muscle 1
TGTAACGTCATGAGTC-1,Stem A
TGTAACGTCCATTGTT-1,Stem A
TGTAACGTCTGCTCTG-1,Stem A
TGTAAGCCAAGTGGAC-1,Stem C
TGTAAGCCACTCCACT-1,Protonephridia
TGTAAGCTCAAGAATG-1,Stem E
TGTAAGCTCTACAGGT-1,Stem C
TGTACAGAGAGCATCG-1,Muscle 1
TGTACAGCACAGTCCG-1,Muscle 1
TGTACAGGTGGCTCTG-1,Stem C
TGTACAGGTTAAGAAC-1,Muscle 1
TGTACAGTCAGCTGAT-1,Stem F
TGTACAGTCTTAGCAG-1,Muscle 1
TGTAGACAGAGTGTTA-1,Stem C
TGTAGACAGTGTTCCA-1,Stem A
TGTAGACCATTCTCCG-1,Muscle 1
TGTAGACCATTGTAGC-1,Stem B
TGTAGACGTGTAACGG-1,Stem F
TGTAGACTCTTCCCGA-1,Parenchyma 1
TGTAGACTCTTTACAC-1,Neuron 1
TGTCAGAAGCCAGTAG-1,Stem D
TGTCAGAAGGAGCAAA-1,Stem C
TGTCAGAAGGCTAGCA-1,Stem F
TGTCAGAGTCCAAATC-1,Stem F
TGTCAGATCAAATGAG-1,Stem C
TGTCAGATCCCAAGCG-1,Stem A
TGTCCACAGCTAATCC-1,Protonephridia
TGTCCACCAGTCGTTA-1,Stem F
TGTCCACGTACCATAC-1,Stem C
TGTCCACGTTACGCCG-1,Parenchyma 1
TGTCCACGTTAGTTCG-1,Stem F
TGTCCACGTTGGGATG-1,Parenchyma 2
TGTCCACTCTCCGTGT-1,Stem A
TGTCCCAAGACTGTTC-1,Stem F
TGTCCCAAGCTGCCAC-1,Stem F
TGTCCCACACGGAAGT-1,Stem D
TGTCCCAGTACAAGCG-1,Stem B
TGTCCCAGTTATAGCC-1,Stem F
TGTCCCATCCTTGAAG-1,Stem D
TGTCCCATCGTAGCCG-1,Stem C
TGTCCTGAGAAACTGT-1,Stem D
TGTCCTGAGACTGGGT-1,Muscle 1
TGTCCTGGTGCACGCT-1,Stem A
TGTCCTGTCGTAGGGA-1,Stem B
TGTGAGTAGCGAGAAA-1,Muscle 1
TGTGAGTCAGCTATTG-1,Stem A
TGTGAGTCAGCTTCCT-1,Neuron 1
TGTGAGTCATTCGATG-1,Stem F
TGTGAGTGTGACACGA-1,Stem C
TGTGAGTGTTAAACCC-1,Stem D
TGTGAGTTCGCCTTTG-1,Stem B
TGTGAGTTCTCCTGTG-1,Stem D
TGTGATGAGATGGTAT-1,Stem A
TGTGATGAGCATCCTA-1,Stem D
TGTGATGAGGTCCTGC-1,Stem F
TGTGATGGTCCTGGGT-1,Stem D
TGTGATGGTCGAACAG-1,Neuron 1
TGTGATGGTTACACAC-1,Stem F
TGTGATGGTTATAGAG-1,Stem F
TGTGATGGTTCAGCTA-1,Muscle 1
TGTGCGGAGGAGAATG-1,Parenchyma 2
TGTGCGGAGGCATCTT-1,Muscle 1
TGTGCGGCACTAAACC-1,Stem A
TGTGCGGGTGCAGGAT-1,Stem A
TGTGCGGGTTCGGTCG-1,Neuron 1
TGTGGCGAGTCAGCGA-1,Neuron 1
TGTGGCGAGTCTAACC-1,Stem C
TGTGGCGAGTGAGTTA-1,Stem C
TGTGGCGCAACACTAC-1,Stem B
TGTGGCGCAGGCAATG-1,Stem F
TGTGGCGGTCACAGTT-1,Neuron 1
TGTGGCGTCCGCAAAT-1,Stem F
TGTGGCGTCGATGCTA-1,Stem F
TGTGGCGTCGTGGCGT-1,Muscle 1
TGTGTGACACATTCGA-1,Protonephridia
TGTGTGACAGCAGACA-1,Stem F
TGTGTGACATATGAAG-1,Muscle 1
TGTGTGACATCCGTTC-1,Stem A
TGTGTGAGTCCCGCAA-1,Stem C
TGTGTGAGTCCGAAAG-1,Stem F
TGTGTGAGTCTTCATT-1,Muscle 1
TGTGTGATCAGCGCAC-1,Stem B
TGTGTGATCTTGCAGA-1,Stem D
TGTTACTAGTGATTCC-1,Stem D
TGTTACTCACACCGAC-1,Stem C
TGTTACTCACCGGAAA-1,Stem F
TGTTACTCAGTTAGGG-1,Parenchyma 1
TGTTACTGTCCTCCAT-1,Parenchyma 1
TGTTACTGTGGCAGAT-1,Stem F
TGTTACTGTTCCTACC-1,Stem F
TGTTACTGTTCGAAGG-1,Stem B
TGTTACTTCCCACAGG-1,Neuron 1
TGTTCATAGAGACAAG-1,Stem A
TGTTCATCAACACGAG-1,Stem A
TGTTCATGTAGGACTG-1,Parenchyma 1
TGTTCATTCGAGTCCG-1,Muscle 1
TGTTCATTCGTGGGAA-1,Stem F
TGTTCCGAGCATTTGC-1,Parenchyma 1
TGTTCCGAGCGCCCAT-1,Stem C
TGTTCCGAGGGTCAAC-1,Stem C
TGTTCCGAGTTGGACG-1,Stem A
TGTTCCGCACAACATC-1,Stem A
TGTTCCGCACCTGCGA-1,Stem C
TGTTCCGTCTCCTGCA-1,Stem C
TGTTCTAAGCACTGGA-1,Stem A
TGTTCTACATCTGTTT-1,Muscle 2
TGTTCTAGTGTTGACT-1,Muscle 2
TGTTCTAGTTAATGAG-1,Protonephridia
TGTTCTATCCAGCCTT-1,Stem C
TGTTCTATCGCATTAG-1,Stem F
TGTTGAGAGAATTGCA-1,Parenchyma 2
TGTTGAGAGGATGTTA-1,Stem B
TGTTGAGCAAGTGCTT-1,Stem F
TGTTGAGGTCTCCCTA-1,Stem F
TGTTGAGTCAGCGCGT-1,Stem C
TGTTGGAAGACCTGGA-1,Stem D
TGTTGGAAGCACGATG-1,Protonephridia
TGTTGGAAGGCTTCCG-1,Stem B
TGTTGGACAAGTCCAT-1,Stem E
TGTTGGACAGACAAGC-1,Stem D
TGTTGGACAGAGCCCT-1,Stem F
TGTTGGACAGAGCGTA-1,Stem D
TGTTGGAGTGACCGTC-1,Stem C
TGTTGGAGTTGCGGAA-1,Muscle 1
TGTTGGATCATGACAC-1,Muscle 1
TGTTTGTCAAGATCCT-1,Parenchyma 1
TGTTTGTCAGCGGTTC-1,Stem A
TGTTTGTCATTGACAC-1,Muscle 1
TGTTTGTGTCCGGCAT-1,Stem C
TGTTTGTGTGCAATGG-1,Stem A
TGTTTGTGTTGCTAGT-1,Stem F
TGTTTGTTCTCGCGTT-1,Muscle 1
TGTTTGTTCTTCTCAA-1,Muscle 1
TTAATCCAGCCGAACA-1,Stem A
TTAATCCAGGTCGTCC-1,Stem F
TTAATCCAGTCGGCCT-1,Stem F
TTAATCCAGTGATAGT-1,Stem F
TTAATCCCAATCAAGA-1,Neuron 4
TTAATCCGTAACAGGC-1,Muscle 1
TTAATCCGTATCGATC-1,Stem F
TTAATCCGTCTGTAAC-1,Stem C
TTAATCCGTTGCGGCT-1,Stem E
TTAATCCTCCCGAACG-1,Muscle 1
TTACAGGAGCAGCAGT-1,Stem C
TTACAGGAGTGCGTCC-1,Stem C
TTACAGGCACGAGAAC-1,Stem F
TTACAGGCAGAGCTAG-1,Stem A
TTACAGGGTCACTACA-1,Parenchyma 2
TTACAGGTCCTTACCG-1,Protonephridia
TTACCATAGGAAGTAG-1,Stem A
TTACCATAGGTTCATC-1,Stem F
TTACCATCACCATATG-1,Stem F
TTACCATGTGACAGGT-1,Parenchyma 1
TTACCATGTTACCCAA-1,Muscle 1
TTACCATTCACCTACC-1,Muscle 1
TTACCGCAGAGAGTTT-1,Stem E
TTACCGCAGTAGTCCT-1,Parenchyma 2
TTACCGCGTGGTGATG-1,Muscle 1
TTACGCCAGACATATG-1,Neuron 1
TTACGCCAGAGTACCG-1,Stem F
TTACGCCAGAGTTGAT-1,Neuron 4
TTACGCCAGCGAGTCA-1,Stem C
TTACGCCAGGCTCAAG-1,Stem C
TTACGCCGTGACACAG-1,Stem F
TTACGCCTCACTAGCA-1,Stem C
TTACGCCTCGCTCCTA-1,Stem F
TTACGCCTCTTCTCAA-1,Muscle 1
TTACGTTAGTTTCTTC-1,Muscle 1
TTACGTTCAACAGCCC-1,Stem C
TTACGTTCACCATTCC-1,Stem F
TTACGTTCAGAAACCG-1,Stem C
TTACGTTGTCTACACA-1,Stem A
TTACGTTGTGAAAGTT-1,Stem E
TTACGTTGTTATGGTC-1,Muscle 2
TTACGTTGTTGCCGAC-1,Parenchyma 2
TTACGTTGTTTCGGCG-1,Stem C
TTACGTTTCCGCACGA-1,Protonephridia
TTACGTTTCCTGATAG-1,Neuron 1
TTACGTTTCTCATTTG-1,Parenchyma 1
TTACGTTTCTCGCTTG-1,Muscle 1
TTACTGTAGAGGGTAA-1,Stem F
TTACTGTCAACCGTAT-1,Stem F
TTACTGTCACCCTATC-1,Stem B
TTACTGTCAGGAGACT-1,Parenchyma 1
TTACTGTGTAGACTGG-1,Stem F
TTACTGTGTTACAGCT-1,Muscle 1
TTACTGTTCCATATGG-1,Stem D
TTACTGTTCTATGCCC-1,Stem F
TTAGGCAAGAAGCGCT-1,Protonephridia
TTAGGCAAGTATGACA-1,Muscle 2
TTAGGCACACTGTTCC-1,Stem A
TTAGGCACAGGCGATA-1,Stem D
TTAGGCATCGCGGACT-1,Stem E
TTAGGCATCGTTTACT-1,Parenchyma 2
TTAGGGTAGATTGATG-1,Stem D
TTAGGGTAGCTGGCCT-1,Stem D
TTAGGGTAGTCATCCA-1,Stem D
TTAGGGTAGTCGGCAA-1,Stem C
TTAGGGTCACTTGTCC-1,Parenchyma 1
TTAGGGTCATACCATG-1,Muscle 1
TTAGGGTGTGGCCTCA-1,Muscle 1
TTAGGGTTCCAAACCA-1,Stem C
TTAGTCTAGAGGTATT-1,Stem C
TTAGTCTAGCAGGGAG-1,Muscle 1
TTAGTCTCAGTAGGAC-1,Stem F
TTAGTCTGTCAGGCAA-1,Stem D
TTAGTCTTCCATTTGT-1,Parenchyma 1
TTAGTCTTCGCCACTT-1,Stem D
TTAGTCTTCGGCTTCT-1,Stem F
TTAGTCTTCTCCACTG-1,Parenchyma 1
TTATTGCGTAACGCGA-1,Stem A
TTATTGCGTCCACAGC-1,Stem C
TTATTGCGTGTCGATT-1,Stem D
TTATTGCTCTAACACG-1,Stem C
TTATTGCTCTGTTGGA-1,Stem F
TTCAATCAGGTGCATG-1,Stem D
TTCAATCCAAATGATG-1,Stem A
TTCAATCCAAGCAATA-1,Stem A
TTCAATCCACACCGAC-1,Parenchyma 2
TTCAATCCACCTCTGT-1,Muscle 2
TTCAATCCACTACAGT-1,Parenchyma 1
TTCAATCCAGATCCTA-1,Muscle 2
TTCAATCCAGTAGAAT-1,Muscle 1
TTCAATCGTATCATGC-1,Stem B
TTCAATCGTCAAGCCC-1,Stem C
TTCAATCGTTATGACC-1,Stem A
TTCAATCTCTACCAGA-1,Parenchyma 1
TTCAATCTCTGATTCT-1,Protonephridia
TTCACCGCATGTGTCA-1,Parenchyma 2
TTCACCGGTACGGATG-1,Muscle 1
TTCACCGTCCACACAA-1,Parenchyma 1
TTCACCGTCGAAGTGG-1,Muscle 1
TTCACGCAGAGGCGTT-1,Stem C
TTCACGCAGGAACGCT-1,Stem A
TTCACGCAGTCACTGT-1,Stem A
TTCACGCGTTCGTTCC-1,Stem C
TTCACGCTCGGTAACT-1,Stem F
TTCACGCTCGTCTAAG-1,Stem C
TTCAGGAAGTAGCATA-1,Muscle 1
TTCAGGACAATCACGT-1,Stem F
TTCAGGACATCCGTTC-1,Stem D
TTCAGGAGTAAGGTCG-1,Parenchyma 2
TTCAGGATCGCCTTTG-1,Stem E
TTCATGTCAGTCCGTG-1,Stem B
TTCATGTCATAGTCAC-1,Muscle 1
TTCATGTGTAATCAAG-1,Muscle 1
TTCATGTGTACAACGG-1,Neuron 1
TTCATGTGTCCAAAGG-1,Stem D
TTCATGTGTGCCGTTG-1,Stem C
TTCATGTTCAAACTGC-1,Muscle 1
TTCATGTTCACGTCCT-1,Protonephridia
TTCATGTTCGATACTG-1,Muscle 1
TTCATGTTCGTGTCAA-1,Parenchyma 1
TTCATTGAGACGGTTG-1,Stem F
TTCATTGAGGGCATGT-1,Stem E
TTCATTGAGGGCTTCC-1,Stem C
TTCATTGAGTGGCAGT-1,Muscle 1
TTCATTGCAATTCGTG-1,Stem A
TTCATTGGTATGAGCG-1,Stem A
TTCATTGGTGAGCAGT-1,Muscle 1
TTCATTGTCAGGAGAC-1,Parenchyma 2
TTCATTGTCCAGTGTA-1,Neuron 1
TTCATTGTCGAATGCT-1,Stem A
TTCATTGTCGCGTGCA-1,Stem F
TTCCAATAGAAGGATG-1,Stem A
TTCCAATCATTCGATG-1,Stem B
TTCCAATGTATCGAAA-1,Stem A
TTCCAATTCCAAGCTA-1,Stem B
TTCCAATTCGCGGACT-1,Stem F
TTCCACGCACGCAAAG-1,Muscle 1
TTCCACGCAGATCCTA-1,Stem C
TTCCACGGTTAGAGTA-1,Stem C
TTCCACGGTTCAGCTA-1,Parenchyma 1
TTCCACGTCGCGCCAA-1,Muscle 1
TTCCGGTCATAACAGA-1,Stem B
TTCCGGTCATCCGCGA-1,Parenchyma 2
TTCCGGTGTACAGTAA-1,Parenchyma 1
TTCCGGTTCCGCCTAT-1,Neuron 1
TTCCGGTTCCGTGGCA-1,Stem E
TTCCGGTTCCTCAGGG-1,Parenchyma 1
TTCCGTGAGCAAGTCG-1,Stem A
TTCCGTGCATGGAACG-1,Stem C
TTCCGTGGTATTTCGG-1,Stem A
TTCCGTGTCCTAAACG-1,Muscle 1
TTCCTAAAGGAGTACC-1,Stem C
TTCCTAAAGGATACCG-1,Muscle 1
TTCCTAAAGGATATAC-1,Protonephridia
TTCCTAACATTCACCC-1,Muscle 1
TTCCTAATCTCCAAGA-1,Muscle 1
TTCCTCTCAGAGATTA-1,Muscle 2
TTCCTCTGTACAGCGA-1,Neuron 1
TTCCTCTGTAGGCAGT-1,Stem D
TTCCTCTGTGAAGCTG-1,Muscle 1
TTCCTCTTCAGCGCAC-1,Stem B
TTCCTCTTCCGTCCTA-1,Neuron 1
TTCCTCTTCCTAGCCT-1,Stem F
TTCCTCTTCCTTCTAA-1,Stem D
TTCCTCTTCGAACCTA-1,Stem D
TTCCTTCAGGTAATCA-1,Stem D
TTCCTTCCAGTAGTGG-1,Stem C
TTCGATTCAGCGTAGA-1,Muscle 2
TTCGATTCATGCAGCC-1,Muscle 1
TTCGATTGTTCGGTAT-1,Stem C
TTCGATTTCTTCGGAA-1,Neuron 1
TTCGCTGAGCAATAAC-1,Stem F
TTCGCTGAGGCGCTCT-1,Stem C
TTCGCTGAGTTGTCGT-1,Stem D
TTCGCTGCAAGTGCAG-1,Muscle 1
TTCGCTGCAGTCGCAC-1,Stem A
TTCGCTGGTGTCATGT-1,Stem B
TTCGCTGTCCCTCGTA-1,Muscle 1
TTCGGTCAGTGTTCAC-1,Stem E
TTCGGTCGTAAGTTAG-1,Neuron 4
TTCGGTCGTATAGGAT-1,Muscle 1
TTCGGTCGTGTGATGG-1,Stem B
TTCGGTCTCAAACCCA-1,Stem B
TTCGGTCTCCCTCAAC-1,Parenchyma 2
TTCGGTCTCCGTGGTG-1,Stem A
TTCTAACAGAGCATAT-1,Muscle 1
TTCTAACCAAACTCGT-1,Stem B
TTCTAACCACCTTCCA-1,Muscle 1
TTCTAACCAGAAGCGT-1,Stem A
TTCTAACGTAATGATG-1,Stem F
TTCTAACGTTCTCCAC-1,Stem C
TTCTAACTCATACAGC-1,Stem B
TTCTAACTCGTGGCTG-1,Neuron 1
TTCTAACTCTCTTCAA-1,Stem B
TTCTAGTAGCCTCGTG-1,Stem D
TTCTAGTAGGCACCAA-1,Stem E
TTCTAGTAGGCATGGT-1,Stem C
TTCTAGTCATGTTCAG-1,Muscle 1
TTCTAGTTCGTGACTA-1,Protonephridia
TTCTAGTTCTGCACCT-1,Neuron 4
TTCTCTCAGAGGTGCT-1,Stem F
TTCTCTCAGGGAGTTC-1,Stem F
TTCTCTCCAGCTGTGC-1,Muscle 1
TTCTCTCCATGCAGGA-1,Muscle 1
TTCTCTCCATGCCGCA-1,Muscle 1
TTCTCTCTCGTCCATC-1,Stem E
TTCTGTAAGAAGAGCA-1,Stem A
TTCTGTAAGCATCGAG-1,Stem D
TTCTGTAAGGATTCCT-1,Parenchyma 1
TTCTGTACACACTGGC-1,Stem E
TTCTGTACACATATGC-1,Muscle 1
TTCTGTACATCTAACG-1,Neuron 4
TTCTGTATCAAATGAG-1,Muscle 1
TTCTGTATCCGCTGTT-1,Stem F
TTCTTCCAGAACTCCT-1,Stem A
TTCTTCCCACCCTTGT-1,Stem A
TTCTTCCGTGTCACAT-1,Stem C
TTCTTCCTCAGGAGAC-1,Parenchyma 2
TTCTTCCTCCTCTTTC-1,Stem A
TTCTTGACACATATCG-1,Stem C
TTCTTGACACGGGCTT-1,Muscle 1
TTCTTGACACGTATAC-1,Muscle 1
TTCTTGACATTGAAAG-1,Muscle 1
TTCTTGATCATCACCC-1,Stem A
TTGAACGCAATAGAGT-1,Parenchyma 2
TTGAACGCATACCGTA-1,Stem A
TTGAACGCATCCTATT-1,Protonephridia
TTGAACGGTAGAGACC-1,Stem D
TTGAACGGTCCACTTC-1,Stem B
TTGAACGGTGACTGAG-1,Stem B
TTGAACGTCACGGGAA-1,Protonephridia
TTGACCCAGGGTTAGC-1,Stem F
TTGACCCAGTGCGTCC-1,Stem B
TTGACCCCAACGCCCA-1,Stem F
TTGACCCCACACAGAG-1,Muscle 1
TTGACCCCACTGATTG-1,Stem B
TTGACCCCATCATTTC-1,Protonephridia
TTGACCCTCAGTGGGA-1,Stem C
TTGACCCTCCTTTAGT-1,Muscle 1
TTGAGTGAGCCTGAGA-1,Stem B
TTGAGTGCAGAGAAAG-1,Stem E
TTGAGTGTCACTGTTT-1,Stem F
TTGAGTGTCCCTGGTT-1,Stem B
TTGAGTGTCGAACCTA-1,Stem D
TTGAGTGTCGCAGTTA-1,Stem C
TTGAGTGTCGCATTAG-1,Stem D
TTGAGTGTCGTACCTC-1,Stem E
TTGAGTGTCTGCGGCA-1,Stem E
TTGATGGAGAACTGAT-1,Stem A
TTGATGGAGTCGGCAA-1,Parenchyma 1
TTGATGGGTAGAATAC-1,Muscle 2
TTGATGGGTAGTAAGT-1,Stem A
TTGATGGGTGGCTCTG-1,Stem F
TTGATGGTCATTTGTC-1,Stem F
TTGATGGTCCTAAACG-1,Stem C
TTGATGGTCGACCCAG-1,Stem A
TTGCATTCACTGGACC-1,Muscle 1
TTGCATTCATCGTCCT-1,Stem F
TTGCATTGTACACGCC-1,Muscle 1
TTGCATTGTCCTTGTC-1,Stem F
TTGCATTGTCTAACGT-1,Stem F
TTGCATTGTCTTACAG-1,Muscle 1
TTGCATTGTGGTTCTA-1,Stem A
TTGCATTGTTAAAGTG-1,Muscle 1
TTGCATTGTTTACTTC-1,Stem D
TTGCATTTCATACGAC-1,Muscle 2
TTGCATTTCCATAAGC-1,Stem B
TTGCATTTCCGCAGTG-1,Protonephridia
TTGCCTGAGAGAGCCT-1,Stem B
TTGCCTGAGCACGGAT-1,Stem A
TTGCCTGCAAGGCGTA-1,Stem F
TTGCCTGCAGTCCGTG-1,Muscle 1
TTGCCTGTCGAGAGAC-1,Stem D
TTGCCTGTCTACACTT-1,Stem A
TTGCGTCCAACTCGAT-1,Stem D
TTGCGTCCACCATTCC-1,Stem D
TTGCGTCCACCCAACG-1,Stem F
TTGCGTCCATGTTCGA-1,Stem D
TTGCGTCTCGCGGACT-1,Stem C
TTGCTGCAGACATGCG-1,Stem C
TTGCTGCAGCTGCCAC-1,Parenchyma 2
TTGCTGCTCAACTTTC-1,Stem D
TTGCTGCTCTGAGGCC-1,Parenchyma 2
TTGGATGAGATGGTAT-1,Muscle 1
TTGGATGAGCTTGTGT-1,Stem B
TTGGATGCAACCGTAT-1,Stem D
TTGGATGGTAACGGTG-1,Parenchyma 2
TTGGATGTCGCGTGAC-1,Stem D
TTGGATGTCGTTGTTT-1,Stem F
TTGGGATCAACACAAA-1,Stem F
TTGGGATGTAGCTGTT-1,Tegument
TTGGGATGTAGGCAAC-1,Stem F
TTGGGATTCGAGGCAA-1,Neuron 1
TTGGGATTCGTCAGAT-1,Neuron 1
TTGGGCGAGCAAGCCA-1,Stem D
TTGGGCGAGTTGTCAC-1,Parenchyma 1
TTGGGCGCAACCTAAC-1,Stem D
TTGGGCGCACAGCTGC-1,Stem D
TTGGGCGCAGCATACT-1,Stem D
TTGGGCGGTACGTGAG-1,Stem C
TTGGGCGGTCCACACG-1,Stem E
TTGGGCGGTTACACTG-1,Stem D
TTGGGCGTCGACCTAA-1,Parenchyma 1
TTGGGCGTCTGATTCT-1,Stem D
TTGGGTAAGGAACTAT-1,Parenchyma 1
TTGGGTAAGGGTATAT-1,Muscle 1
TTGGGTAAGTTGAAGT-1,Neuron 1
TTGGGTACACGGTGTC-1,Stem F
TTGGGTAGTAACTTCG-1,Stem A
TTGGGTAGTAAGCGGT-1,Stem D
TTGGGTAGTCAGGTAG-1,Muscle 1
TTGGGTAGTGCCGTTG-1,Stem F
TTGGGTATCACGATAC-1,Protonephridia
TTGGGTATCATGACAC-1,Stem F
TTGGGTATCGTGGCGT-1,Stem F
TTGGGTATCTCACTCG-1,Stem F
TTGGTTTAGTAAACGT-1,Parenchyma 1
TTGGTTTCACATAGCT-1,Stem C
TTGGTTTCACGCTATA-1,Stem D
TTGGTTTCACTGATTG-1,Stem B
TTGGTTTCAGATACCT-1,Muscle 1
TTGGTTTTCAGACAAA-1,Stem F
TTGGTTTTCGTAGTGT-1,Parenchyma 2
TTGGTTTTCTGTGCAA-1,Stem D
TTGTGGAAGGATTCCT-1,Stem C
TTGTGGACATAGACTC-1,Stem D
TTGTGGAGTCGTTCAA-1,Stem D
TTGTGGATCCACTGAA-1,Stem A
TTGTGGATCCATTGCC-1,Stem D
TTGTGGATCTCAACGA-1,Stem B
TTGTGTTAGCACACCC-1,Neuron 4
TTGTGTTAGGGCCTCT-1,Stem F
TTGTGTTCATCATTGG-1,Muscle 1
TTGTGTTGTGATATAG-1,Parenchyma 1
TTGTGTTTCACGAACT-1,Stem C
TTGTGTTTCGACGTCG-1,Stem F
TTGTGTTTCGGAATTC-1,Muscle 1
TTGTTCAAGGGTACAC-1,Muscle 1
TTGTTCACAGTATTCG-1,Muscle 2
TTGTTCATCCGTTGAA-1,Muscle 2
TTGTTGTAGAGCATCG-1,Stem E
TTGTTGTAGAGTCTGG-1,Protonephridia
TTGTTGTCAAGAATAC-1,Muscle 1
TTGTTGTCACACCTAA-1,Stem A
TTGTTGTGTCAGTCCG-1,Protonephridia
TTGTTGTTCATTGCCC-1,Stem A
TTGTTGTTCCAACCAA-1,Muscle 1
TTGTTGTTCCCATGGG-1,Neuron 1
TTGTTTGCAAGGCCTC-1,Stem D
TTGTTTGCACACACGC-1,Stem C
TTGTTTGCAGATACTC-1,Stem F
TTGTTTGCAGCAGTTT-1,Stem A
TTGTTTGCATCGGTTA-1,Muscle 1
TTGTTTGGTAGGGAGG-1,Stem C
TTGTTTGGTCATCCCT-1,Stem F
TTGTTTGGTCTGATAC-1,Stem C
TTGTTTGGTGATTAGA-1,Muscle 2
TTGTTTGGTTATGGTC-1,Stem F
TTGTTTGTCATGACAC-1,Muscle 1
TTGTTTGTCTATACTC-1,Parenchyma 2
TTGTTTGTCTATCGCC-1,Stem F
TTTACCAGTACGCGTC-1,Parenchyma 2
TTTACCAGTATCTTCT-1,Muscle 1
TTTACCAGTCAAAGCG-1,Stem A
TTTACCAGTCTAATCG-1,Parenchyma 1
TTTACCAGTGTCCTAA-1,Stem D
TTTACCATCCGAAGGA-1,Stem C
TTTACCATCCTTATCA-1,Parenchyma 1
TTTACCATCTTCCGTG-1,Neuron 1
TTTACCATCTTCGATT-1,Neuron 4
TTTACCATCTTGCAGA-1,Parenchyma 1
TTTACGTAGCCGATTT-1,Stem B
TTTACGTCAACCTAAC-1,Stem C
TTTACGTGTGCGCTCA-1,Stem C
TTTACGTGTGGCTGCT-1,Parenchyma 2
TTTACTGCATGGGTCC-1,Parenchyma 1
TTTACTGGTCCGTACG-1,Tegument
TTTACTGGTGCCGTTG-1,Stem C
TTTACTGTCAGTCACA-1,Neuron 4
TTTACTGTCCGGACGT-1,Stem F
TTTAGTCAGCACCTGC-1,Stem A
TTTAGTCAGTAAACGT-1,Muscle 1
TTTAGTCAGTGGGAAA-1,Stem A
TTTAGTCAGTTCTCTT-1,Stem B
TTTAGTCCACGGTCTG-1,Stem E
TTTAGTCGTATGGAGC-1,Parenchyma 2
TTTAGTCGTCTCTCCA-1,Muscle 2
TTTAGTCGTTACTCAG-1,Muscle 1
TTTAGTCTCAGCGGAA-1,Neuron 4
TTTAGTCTCTGCTGAA-1,Protonephridia
TTTATGCAGCACACAG-1,Parenchyma 1
TTTATGCCAACGTATC-1,Stem A
TTTATGCGTAACAAGT-1,Muscle 2
TTTATGCTCTCAACCC-1,Muscle 1
TTTCACAAGAGTCGAC-1,Stem D
TTTCACAAGATCCCAT-1,Muscle 1
TTTCACAAGCTAAATG-1,Stem D
TTTCACAAGTATTAGG-1,Stem F
TTTCACACAGCGCGTT-1,Stem A
TTTCACACAGTTCACA-1,Muscle 1
TTTCACACATCGATAC-1,Stem B
TTTCACAGTCTCGGAC-1,Stem A
TTTCACAGTTCCGCAG-1,Stem D
TTTCACAGTTTCTATC-1,Stem D
TTTCACATCATGAGGG-1,Muscle 2
TTTCACATCCACACCT-1,Stem B
TTTCACATCGTTCCCA-1,Muscle 1
TTTCAGTCAAAGGAGA-1,Stem C
TTTCAGTTCAGACCTA-1,Stem F
TTTCATGAGCGCTGCT-1,Stem A
TTTCATGAGGCTCCCA-1,Muscle 1
TTTCATGAGTGAACAT-1,Muscle 1
TTTCATGCAAGCACCC-1,Muscle 1
TTTCATGGTTACGTAC-1,Stem A
TTTCCTCAGATGAATC-1,Muscle 1
TTTCCTCCAGCGTATT-1,Stem B
TTTCCTCGTATGAAAC-1,Stem G
TTTCCTCTCCCGAGGT-1,Stem C
TTTCCTCTCCGGACTG-1,Muscle 1
TTTCGATAGCAACAGC-1,Stem F
TTTCGATAGTTGTACC-1,Muscle 1
TTTCGATCACGCAAAG-1,Muscle 1
TTTCGATCAGTAGATA-1,Stem E
TTTCGATGTATTCCGA-1,Parenchyma 2
TTTCGATTCACCGGGT-1,Parenchyma 1
TTTGACTAGAGCAGTC-1,Muscle 1
TTTGACTAGCCAGTAG-1,Muscle 1
TTTGACTAGCTCTGTA-1,Muscle 1
TTTGACTAGGTTCTTG-1,Stem F
TTTGACTAGTAGGGTC-1,Stem F
TTTGACTAGTTTGTCG-1,Muscle 2
TTTGACTCAGTGCCTG-1,Neuron 1
TTTGACTGTTCGGTAT-1,Stem C
TTTGACTTCAATCTCT-1,Stem F
TTTGATCAGAGAGGTA-1,Parenchyma 1
TTTGATCAGCAGTACG-1,Stem F
TTTGATCTCAAGCCAT-1,Stem A
TTTGATCTCACCGGTG-1,Stem B
TTTGGAGAGTCTGCGC-1,Muscle 1
TTTGGAGCATGAGGGT-1,Stem E
TTTGGAGCATTGGATC-1,Stem D
TTTGGAGGTGTATACC-1,Stem E
TTTGGAGTCTAAACGC-1,Protonephridia
TTTGGTTAGACCGTTT-1,Stem E
TTTGGTTAGGATTTGA-1,Neuron 1
TTTGGTTAGTGTAGAT-1,Stem C
TTTGGTTCAAATCAAG-1,Tegument
TTTGGTTGTCTATGAC-1,Stem C
TTTGGTTTCTCACGAA-1,Muscle 1
TTTGTTGAGTATTCCG-1,Protonephridia
TTTGTTGGTGGTCTCG-1,Stem A
TTTGTTGGTTCAGCTA-1,Stem B
TTTGTTGGTTCGTACA-1,Stem E
TTTGTTGGTTGGATCT-1,Stem B
TTTGTTGTCCATAAGC-1,Protonephridia
TTTGTTGTCGCGGTAC-1,Parenchyma 1
