cell_barcode,Cluster
AAACCCAAGATACGAT-1,Neuron 1
AAACCCAAGGGTCAAC-1,Stem D
AAACCCAGTAGAAACT-1,Stem E
AAACGAACAGCCCACA-1,Neuron 3
AAACGCTAGAACGTGC-1,Parenchyma 1
AAACGCTAGAGGTTTA-1,Muscle 1
AAACGCTCATCCTAAG-1,Muscle 1
AAAGAACAGGTTACAA-1,Stem A
AAAGAACAGTCGCGAA-1,Parenchyma 1
AAAGAACCAATAACCC-1,Muscle 2
AAAGAACGTCACAATC-1,Stem B
AAAGAACGTGCATGTT-1,Stem E
AAAGAACTCGGAACTT-1,Stem D
AAAGAACTCTTCGCTG-1,Stem C
AAAGGATTCGTTATCT-1,Neuron 1
AAAGGATTCTTGCAAG-1,Stem D
AAAGGGCCAAATGGAT-1,Stem B
AAAGGGCCACTTGGCG-1,Parenchyma 1
AAAGGGCGTCATGGCC-1,Stem B
AAAGGGCTCACGATCA-1,Stem D
AAAGGGCTCTACAGGT-1,Neuron 3
AAAGGTAAGCTGTCCG-1,Neuron 1
AAAGGTAAGGCAGTCA-1,Stem E
AAAGGTACAGACCCGT-1,Stem A
AAAGGTAGTCCAATCA-1,Muscle 2
AAAGGTATCCGTTGAA-1,Stem F
AAAGGTATCCTACCAC-1,Muscle 1
AAAGGTATCTAACACG-1,Muscle 2
AAAGTCCAGCGCCTAC-1,Stem C
AAAGTCCGTAGATCGG-1,Stem D
AAAGTCCGTGGCGTAA-1,Stem D
AAAGTCCGTTAAAGTG-1,Stem B
AAAGTGAAGACTGTTC-1,Parenchyma 1
AAAGTGACAGCTCGGT-1,Neuron 1
AAAGTGAGTAACATGA-1,Stem A
AAAGTGATCCGATTAG-1,Neuron 4
AAATGGAAGGCATCGA-1,Stem C
AAATGGAGTTGGTGTT-1,Stem D
AACAAAGCACCTCTAC-1,Muscle 1
AACAACCCACTACCGG-1,Neuron 4
AACAACCCATAACTCG-1,Stem B
AACAACCGTCTGTAGT-1,Stem F
AACAAGAGTGCATCTA-1,Neuron 2
AACAAGAGTGCGTTTA-1,Stem F
AACAAGATCGGACTTA-1,Stem D
AACACACAGATCGACG-1,Stem C
AACACACCAACCAACT-1,Neuron 4
AACACACCAGTTAGAA-1,Stem D
AACACACTCGTGCGAC-1,Stem A
AACACACTCTTGGAAC-1,Stem D
AACAGGGAGTCATGCT-1,Stem C
AACAGGGCAAGACTGG-1,Stem C
AACAGGGCATAGCACT-1,Neuron 4
AACAGGGTCCATTTGT-1,Stem D
AACAGGGTCCTACCAC-1,Neuron 1
AACAGGGTCTAGCAAC-1,Stem B
AACCAACAGATGTTAG-1,Stem E
AACCAACAGGTGCAGT-1,Tegument
AACCAACCAGCTCATA-1,Stem B
AACCAACGTTGTAAAG-1,Neuron 4
AACCACAGTATCTTCT-1,Stem D
AACCACATCTCTATGT-1,Muscle 2
AACCATGCACAGCTTA-1,Neuron 1
AACCATGCAGCGTGAA-1,Muscle 2
AACCATGCATGTCAGT-1,Stem G
AACCATGTCACTGATG-1,Neuron 1
AACCATGTCGAGATAA-1,Muscle 2
AACCATGTCTACACTT-1,Stem A
AACCCAAGTCTGTAGT-1,Neuron 4
AACCCAAGTCTGTTAG-1,Muscle 1
AACCCAATCAAGCCAT-1,Neuron 1
AACCCAATCGATAACC-1,Stem D
AACCCAATCTTCCTAA-1,Stem C
AACCTGAAGCCGGATA-1,Stem B
AACCTGACAACTTCTT-1,Muscle 1
AACCTGATCCCGAGAC-1,Stem A
AACCTGATCTCGCTTG-1,Neuron 1
AACCTTTAGCGTCTCG-1,Stem D
AACCTTTAGGACAGCT-1,Stem C
AACCTTTCACCTCTGT-1,Muscle 1
AACCTTTCAGAAATTG-1,Neuron 4
AACCTTTGTAGCGCTC-1,Stem D
AACGAAACAATCGCAT-1,Neuron 4
AACGAAACATTGGCAT-1,Stem D
AACGAAATCCGGCAGT-1,Neuron 2
AACGAAATCGCTATTT-1,Stem C
AACGGGAAGGGATGTC-1,Stem G
AACGGGAAGTCGGCCT-1,Parenchyma 1
AACGGGACATCCCACT-1,Stem C
AACGTCAAGTAGGAAG-1,Parenchyma 1
AACGTCACAAATCAGA-1,Muscle 2
AACGTCAGTTAGGAGC-1,Muscle 2
AACGTCAGTTCTCGCT-1,Neuron 1
AACGTCATCAGTCAGT-1,Stem B
AACTTCTGTACGTACT-1,Neuron 1
AACTTCTTCGTAGTGT-1,Neuron 1
AAGAACAAGAAACACT-1,Stem D
AAGAACAAGCTAGTTC-1,Stem A
AAGAACACATGTGCCG-1,Stem A
AAGAACACATTCTCTA-1,Neuron 4
AAGAACAGTCTACATG-1,Neuron 1
AAGAACATCACTGGTA-1,Muscle 1
AAGAACATCATCCCGT-1,Neuron 5
AAGAACATCTCAAAGC-1,Neuron 4
AAGACAAAGGGAGATA-1,Stem E
AAGACAAAGTCCTACA-1,Neuron 1
AAGACAATCGCCGAAC-1,Muscle 1
AAGACTCAGTCTTCGA-1,Tegument
AAGACTCAGTGTCATC-1,Stem C
AAGACTCTCTGAGAAA-1,Neuron 1
AAGATAGAGAATCCCT-1,Muscle 1
AAGATAGAGACGGAAA-1,Stem E
AAGATAGAGGCTAGCA-1,Muscle 1
AAGATAGAGGGAGGGT-1,Stem A
AAGATAGCAACGGCTC-1,Muscle 1
AAGATAGCAGACCAAG-1,Stem B
AAGATAGGTAGAATGT-1,Stem D
AAGATAGGTTACGCCG-1,Stem A
AAGATAGGTTGCGTAT-1,Protonephridia
AAGATAGTCCATTTGT-1,Stem C
AAGCATCTCTCTAAGG-1,Neuron 5
AAGCCATAGAGAAGGT-1,Stem A
AAGCCATAGTACAGAT-1,Neuron 2
AAGCCATCAAACCACT-1,Stem D
AAGCCATGTGAACCGA-1,Muscle 1
AAGCCATTCAGCGGAA-1,Stem B
AAGCCATTCCCATACC-1,Stem C
AAGCGAGCAATTGAAG-1,Stem B
AAGCGAGGTACCCACG-1,Stem D
AAGCGAGGTATGTCAC-1,Neuron 4
AAGCGAGTCGCCATAA-1,Stem A
AAGCGAGTCTGAATGC-1,Muscle 2
AAGCGTTAGTCATACC-1,Neuron 1
AAGCGTTCACAGTCGC-1,Neuron 1
AAGCGTTCAGTCCGTG-1,Stem D
AAGCGTTCATGACGGA-1,Neuron 1
AAGCGTTTCGCCTAGG-1,Tegument
AAGGAATCAGAGTCAG-1,Stem B
AAGGAATTCAGACTGT-1,Stem C
AAGGTAACAATAGTGA-1,Neuron 1
AAGGTAACACCCTGTT-1,Stem A
AAGGTAAGTGCCCACA-1,Stem D
AAGGTAAGTTTACTTC-1,Stem D
AAGGTAATCCGTTTCG-1,Stem A
AAGGTAATCTGACGCG-1,Stem D
AAGTACCGTTCGGGTC-1,Stem C
AAGTACCTCAAGCTGT-1,Stem D
AAGTCGTCAGTGTACT-1,Stem A
AAGTCGTGTACCGTGC-1,Stem C
AAGTCGTGTCGCTTAA-1,Stem A
AAGTCGTGTTGTGTTG-1,Stem C
AAGTCGTTCGCCTTGT-1,Muscle 1
AAGTCGTTCTCGGTCT-1,Neuron 5
AAGTGAAAGCGTGTTT-1,Neuron 2
AAGTGAAGTAGCGTTT-1,Neuron 4
AAGTGAAGTCCGTACG-1,Muscle 2
AAGTGAAGTGCGACAA-1,Muscle 1
AAGTGAATCGGCTGAC-1,Neuron 4
AAGTGAATCTCCTACG-1,Stem D
AAGTTCGAGCACGTCC-1,Stem D
AATAGAGAGACGGAAA-1,Neuron 1
AATAGAGGTAGCTCGC-1,Stem E
AATAGAGGTAGTATAG-1,Stem D
AATAGAGGTATGCAAA-1,Neuron 4
AATAGAGTCCGCTGTT-1,Tegument
AATCACGGTCGCTTGG-1,Stem C
AATCACGGTTGCGTAT-1,Muscle 1
AATCACGGTTGTACGT-1,Stem A
AATCACGTCGACCACG-1,Stem A
AATCGACAGTGGAAGA-1,Muscle 2
AATCGACCATAGTCAC-1,Neuron 4
AATCGACTCAAGCCCG-1,Stem D
AATCGACTCGTTCAGA-1,Neuron 4
AATCGTGAGCGGACAT-1,Stem B
AATCGTGCATGGCTAT-1,Neuron 4
AATCGTGGTACCTGTA-1,Stem A
AATCGTGTCGTCAGAT-1,Muscle 2
AATCGTGTCGTGTCAA-1,Stem B
AATGAAGGTTGTGGCC-1,Muscle 1
AATGAAGTCAGGGATG-1,Muscle 2
AATGACCAGATTCGCT-1,Parenchyma 1
AATGACCAGCTTCTAG-1,Stem B
AATGACCAGCTTGTGT-1,Tegument
AATGACCCAAGAGCTG-1,Muscle 1
AATGACCCAATCCAGT-1,Stem A
AATGACCCAGAGGACT-1,Stem C
AATGACCTCCCAGTGG-1,Stem D
AATGACCTCTGTTGGA-1,Stem B
AATGCCAGTAGCCCTG-1,Stem B
AATGCCAGTAGTCTTG-1,Muscle 2
AATGCCATCAAATAGG-1,Stem C
AATGCCATCCCGTAAA-1,Neuron 2
AATGCCATCGAACCTA-1,Neuron 4
AATGGAAAGCACACAG-1,Stem A
AATGGAACACACAGAG-1,Muscle 2
AATGGAATCAGTCTTT-1,Parenchyma 1
AATGGAATCGACGAGA-1,Stem F
AATGGCTCACGCCACA-1,Neuron 1
AATGGCTGTGCAACAG-1,Stem D
AATGGCTGTTCAAACC-1,Stem D
AATGGCTTCTGCCTGT-1,Stem C
AATTCCTAGCGATCGA-1,Stem F
AATTCCTAGGCAGGTT-1,Muscle 2
AATTCCTCATCGGAGA-1,Stem C
AATTCCTGTAGATCCT-1,Muscle 1
AATTCCTGTCGGAACA-1,Stem B
AATTTCCAGGGTGGGA-1,Stem A
ACAAAGAAGCAATTCC-1,Stem D
ACAAAGACAACAACAA-1,Muscle 2
ACAAAGACAAGTGGGT-1,Stem E
ACAACCAAGGACTATA-1,Muscle 1
ACAACCACAGATCCTA-1,Protonephridia
ACAACCATCATAGAGA-1,Stem E
ACAAGCTCACCGCTGA-1,Muscle 1
ACAAGCTCAGACGCTC-1,Stem D
ACAAGCTCAGACTGCC-1,Muscle 2
ACAAGCTCATAATGAG-1,Stem A
ACAAGCTGTGTCTTAG-1,Neuron 5
ACAAGCTTCATAGGCT-1,Stem C
ACACAGTAGCGTCGAA-1,Neuron 1
ACACAGTAGTTCGGTT-1,Neuron 5
ACACAGTCATATGAAG-1,Neuron 2
ACACAGTGTGATACCT-1,Stem C
ACACCAACAGTCAGTT-1,Neuron 5
ACACCAAGTATCCTCC-1,Stem B
ACACCAAGTCGCACAC-1,Stem D
ACACGCGAGCTACAAA-1,Stem B
ACACGCGAGTCCCGGT-1,Stem A
ACACGCGCACAGAGAC-1,Neuron 2
ACACGCGCATCACGGC-1,Muscle 1
ACACGCGGTAGGAGGG-1,Neuron 1
ACACGCGGTTGTGGAG-1,Stem D
ACACGCGTCTCTCGAC-1,Stem F
ACACTGAGTTAGAAAC-1,Muscle 1
ACAGAAAAGCTAAGTA-1,Neuron 1
ACAGAAAGTGTCATTG-1,Stem E
ACAGAAAGTGTGTCGC-1,Neuron 4
ACAGCCGCATAATCGC-1,Stem C
ACAGCCGTCCACAGCG-1,Neuron 4
ACAGCCGTCTTCTAAC-1,Stem A
ACAGGGAAGTACAGCG-1,Neuron 1
ACAGGGACAAAGCAAT-1,Muscle 1
ACAGGGAGTACTCGCG-1,Neuron 1
ACAGGGATCATGGCCG-1,Stem C
ACATCCCAGCAGTACG-1,Stem E
ACATCCCCAGACAAGC-1,Stem D
ACATCCCCAGCTGTTA-1,Stem D
ACATCGAAGGCCACCT-1,Stem E
ACATCGACAAGGTCGA-1,Stem A
ACATCGAGTATTCCGA-1,Stem E
ACATCGAGTCAGTTTG-1,Stem E
ACATCGAGTGAGTTTC-1,Neuron 1
ACATCGAGTGTACATC-1,Stem E
ACATGCAAGGCCGCTT-1,Muscle 1
ACATGCACACACCGCA-1,Muscle 2
ACATGCACACTACACA-1,Stem D
ACATGCATCGTGGCGT-1,Stem B
ACATTTCCACTGCTTC-1,Stem B
ACATTTCCATCCGAGC-1,Neuron 2
ACATTTCTCCTAGAGT-1,Neuron 1
ACATTTCTCTCTATAC-1,Muscle 2
ACCAAACAGTTACTCG-1,Neuron 4
ACCAAACGTAGCTTTG-1,Stem A
ACCAAACGTCCGGTCA-1,Stem A
ACCAAACTCGATAACC-1,Neuron 2
ACCAAACTCTTGCGCT-1,Stem C
ACCAACACAAGAGGTC-1,Stem B
ACCAACACACGTAGTT-1,Stem D
ACCAACAGTGACTATC-1,Stem C
ACCAACAGTTAGGGAC-1,Stem C
ACCACAAAGTTCGCAT-1,Stem G
ACCACAAGTTCGGCCA-1,Stem C
ACCATTTAGCCTGAAG-1,Stem D
ACCATTTAGTGGAAAG-1,Muscle 1
ACCATTTGTTCAACGT-1,Muscle 1
ACCATTTTCATAGACC-1,Stem F
ACCCAAAAGGTACAGC-1,Stem A
ACCCAAAAGGTTCTAC-1,Neuron 4
ACCCAAACACTTCAAG-1,Stem A
ACCCAAAGTGACTGAG-1,Stem A
ACCCTCAAGGAGACCT-1,Stem C
ACCCTCACAGTTGAAA-1,Stem A
ACCCTCATCGCACTCT-1,Stem B
ACCCTTGCAGCGTTTA-1,Muscle 1
ACCCTTGGTCCTGGTG-1,Neuron 5
ACCCTTGTCGGCTGAC-1,Neuron 4
ACCCTTGTCGTAGGGA-1,Stem D
ACCGTTCTCATATGGC-1,Stem B
ACCGTTCTCCAGTTCC-1,Neuron 5
ACCGTTCTCTGAGGCC-1,Neuron 1
ACCTACCAGCCTAACT-1,Neuron 1
ACCTACCGTGATTCTG-1,Stem F
ACCTGAACAAGAGGCT-1,Stem C
ACCTGTCGTACTAAGA-1,Neuron 4
ACCTGTCGTAGACAAT-1,Muscle 1
ACCTGTCGTGCCTACG-1,Muscle 1
ACCTGTCGTGTTTCTT-1,Stem B
ACCTGTCGTTCAATCG-1,Neuron 1
ACCTGTCGTTCTCCAC-1,Stem A
ACCTGTCTCCGATGCG-1,Stem D
ACCTGTCTCGACTCCT-1,Muscle 2
ACGATCAAGTCACTAC-1,Neuron 5
ACGATCACAAAGCTAA-1,Parenchyma 1
ACGATCAGTCTACTGA-1,Stem C
ACGATCATCGCTCATC-1,Stem A
ACGATGTCAAGAAATC-1,Stem D
ACGATGTCAAGCAATA-1,Neuron 4
ACGATGTCAGTGTATC-1,Stem C
ACGCACGAGCATACTC-1,Neuron 5
ACGCACGAGGTTTACC-1,Stem C
ACGCACGCAACTCATG-1,Neuron 1
ACGCACGCACACTTAG-1,Neuron 4
ACGCACGCACCTGTCT-1,Neuron 1
ACGCACGCATAATCCG-1,Neuron 1
ACGCACGCATACGCAT-1,Neuron 4
ACGCACGGTACTAACC-1,Muscle 2
ACGCACGGTGAATGTA-1,Stem C
ACGGAAGAGCATTTGC-1,Stem C
ACGGAAGAGGTAGTCG-1,Muscle 2
ACGGAAGAGTTTAGGA-1,Stem D
ACGGAAGTCGTTTACT-1,Muscle 2
ACGGGTCAGTTTGCTG-1,Stem E
ACGGTCGGTCAGCTTA-1,Stem A
ACGGTCGTCCGACATA-1,Stem D
ACGGTTAAGGTGATAT-1,Stem A
ACGGTTAGTCCCTCAT-1,Parenchyma 1
ACGGTTAGTTGTCCCT-1,Parenchyma 1
ACGTAACAGGTAAGAG-1,Stem D
ACGTACAAGACTACCT-1,Muscle 2
ACGTACAAGTGGAAGA-1,Stem D
ACGTACACAGGTCCGT-1,Stem E
ACGTACAGTCGGTGTC-1,Stem B
ACGTAGTCACACCAGC-1,Muscle 1
ACGTAGTGTTCTTAGG-1,Stem D
ACGTCCTAGAATTCAG-1,Muscle 1
ACGTCCTAGAGCCGTA-1,Stem A
ACGTCCTCAAAGCTAA-1,Stem D
ACGTCCTGTATCGTAC-1,Stem B
ACGTCCTTCATTACGG-1,Muscle 2
ACGTCCTTCGGAAGGT-1,Neuron 1
ACGTTCCTCGGCCAAC-1,Muscle 2
ACTACGAAGCGCCTAC-1,Muscle 2
ACTACGACACACACGC-1,Stem B
ACTATCTAGCCAAGTG-1,Stem D
ACTATCTGTATCGTAC-1,Muscle 2
ACTATCTGTGGTTCTA-1,Stem C
ACTATCTTCTCACTCG-1,Neuron 3
ACTATGGAGCATACTC-1,Tegument
ACTATGGAGCTGACCC-1,Stem C
ACTATGGAGGTAAACT-1,Stem E
ACTATGGCACAGCCAC-1,Muscle 1
ACTATGGCATGCGTGC-1,Neuron 4
ACTATGGGTAGCTGCC-1,Tegument
ACTATTCCAATGCAGG-1,Muscle 2
ACTATTCCAGCTGTGC-1,Neuron 5
ACTATTCGTAACAAGT-1,Muscle 2
ACTATTCGTACAGTTC-1,Muscle 2
ACTATTCGTAGCGCCT-1,Stem A
ACTATTCGTCTTGAAC-1,Stem E
ACTCCCACAACAAGAT-1,Muscle 2
ACTCCCATCCGTCCTA-1,Neuron 4
ACTCTCGAGACTCCGC-1,Stem F
ACTCTCGAGAGGTCGT-1,Stem B
ACTCTCGAGCACTCGC-1,Stem D
ACTCTCGAGGGATGTC-1,Parenchyma 1
ACTCTCGAGGTAGGCT-1,Neuron 2
ACTCTCGCAACTCATG-1,Stem C
ACTCTCGGTCGTTTCC-1,Neuron 1
ACTCTCGGTTTGAACC-1,Neuron 4
ACTCTCGTCAGGAAGC-1,Stem C
ACTCTCGTCGAAGCAG-1,Neuron 1
ACTCTCGTCGGAAACG-1,Stem C
ACTGATGAGTCCCGAC-1,Stem C
ACTGATGCACTGCATA-1,Stem A
ACTGATGGTAGTCGGA-1,Neuron 2
ACTGATGTCCATAGAC-1,Muscle 1
ACTGCAAAGGCATCGA-1,Stem C
ACTGCAAAGGGCAACT-1,Stem C
ACTGCAAAGTCTCTGA-1,Stem A
ACTGCAACAACCACAT-1,Stem E
ACTGCAATCAGTGCGC-1,Muscle 1
ACTGTCCAGAACCGCA-1,Stem D
ACTGTCCAGAATAGTC-1,Parenchyma 1
ACTGTCCAGTCTACCA-1,Stem C
ACTGTCCCAATCGCAT-1,Neuron 2
ACTGTCCGTCCTGTCT-1,Muscle 1
ACTGTCCTCATGAGAA-1,Tegument
ACTGTCCTCGGCCAAC-1,Stem B
ACTGTCCTCTCTCGCA-1,Muscle 1
ACTGTGAAGATGAAGG-1,Protonephridia
ACTGTGAAGGCATCGA-1,Stem B
ACTGTGAGTAGTGGCA-1,Stem A
ACTGTGATCGAATCCA-1,Stem D
ACTTAGGCAGAAGCTG-1,Stem B
ACTTAGGGTGGGAGAG-1,Neuron 5
ACTTAGGTCTCGCTTG-1,Stem D
ACTTATCAGCTAGAAT-1,Neuron 1
ACTTATCCAAAGCTCT-1,Neuron 2
ACTTATCCAAATTGCC-1,Stem E
ACTTATCGTGCGTTTA-1,Neuron 1
ACTTCCGAGCACCAGA-1,Neuron 4
ACTTCCGCAACTGCCG-1,Neuron 4
ACTTCCGGTCAGGAGT-1,Stem C
ACTTCCGGTTGACGGA-1,Stem A
ACTTCCGTCTGCTAGA-1,Neuron 4
ACTTCCGTCTGTTGGA-1,Protonephridia
ACTTCCGTCTTCCACG-1,Stem G
ACTTCGCCAAGGCCTC-1,Stem C
ACTTCGCGTCCAAAGG-1,Muscle 2
ACTTCGCTCCATAGAC-1,Stem B
ACTTCGCTCCGCACGA-1,Neuron 1
ACTTTCAAGTAGGATT-1,Stem B
ACTTTCACAGCCTTCT-1,Neuron 1
ACTTTCACATCATCCC-1,Muscle 1
ACTTTCACATCTTAGG-1,Stem C
ACTTTCAGTGGTTTAC-1,Neuron 1
ACTTTCATCTTCGACC-1,Muscle 1
ACTTTGTCAGTAACAA-1,Stem B
ACTTTGTTCATAGAGA-1,Stem C
ACTTTGTTCGGCACTG-1,Stem C
AGAAATGCAGAAGTTA-1,Neuron 4
AGAAATGGTCGTTTCC-1,Stem B
AGAAATGGTGTCGATT-1,Stem D
AGAACAAAGCGTCAGA-1,Parenchyma 2
AGAACCTAGAAGCCAC-1,Stem C
AGAACCTAGTTTGAGA-1,Muscle 2
AGAACCTCACAAGTGG-1,Neuron 5
AGAACCTGTACTTGTG-1,Neuron 4
AGAACCTGTTAGGACG-1,Stem F
AGAACCTGTTCAGTAC-1,Muscle 2
AGAACCTTCTACAGGT-1,Stem A
AGAAGCGAGTAAACGT-1,Neuron 2
AGAAGCGAGTGTGTTC-1,Stem A
AGAAGCGCAACACTAC-1,Stem E
AGAAGCGCACGGCTAC-1,Stem E
AGAAGCGGTACCCACG-1,Stem D
AGAAGCGGTATACGGG-1,Stem E
AGAAGCGTCGATTCCC-1,Stem G
AGAAGTAAGCTAGATA-1,Stem A
AGAAGTAGTATGCTAC-1,Muscle 1
AGAAGTATCAATGCAC-1,Stem A
AGAAGTATCGACTCCT-1,Parenchyma 1
AGAAGTATCTAAGCCA-1,Stem E
AGACAAAAGCTGAAGC-1,Tegument
AGACAAACACGAGGAT-1,Stem C
AGACAAAGTCCCACGA-1,Stem E
AGACACTAGAATTCAG-1,Muscle 1
AGACACTAGGCTTCCG-1,Muscle 1
AGACACTAGGTCGCCT-1,Stem A
AGACACTCATAATCGC-1,Stem D
AGACACTGTAGTATAG-1,Stem C
AGACACTGTTGTCATG-1,Neuron 4
AGACAGGAGAGCATAT-1,Stem C
AGACAGGCAAACCATC-1,Tegument
AGACAGGCAATACCTG-1,Stem A
AGACAGGTCTACCACC-1,Stem B
AGACCATCATAACAGA-1,Parenchyma 1
AGACCATGTCTAACTG-1,Stem D
AGACCATTCCTTGAAG-1,Stem C
AGACCATTCGCATAGT-1,Neuron 1
AGACCCGCACGACGTC-1,Stem E
AGACCCGGTGATGGCA-1,Stem A
AGACTCAAGGAGCAAA-1,Parenchyma 1
AGACTCATCGGTCACG-1,Stem D
AGAGAATAGCATCAGG-1,Neuron 2
AGAGAATAGTTAGTGA-1,Neuron 2
AGAGAATAGTTGAAAC-1,Neuron 2
AGAGAATCAGACCCGT-1,Stem B
AGAGAATCAGACGATG-1,Neuron 1
AGAGAATCATCATTTC-1,Neuron 1
AGAGAGCAGTGCCTCG-1,Stem D
AGAGAGCCACCCTGTT-1,Stem D
AGAGCAGCAAAGCACG-1,Stem D
AGAGCAGCAGGATGAC-1,Muscle 1
AGAGCCCAGATTGGGC-1,Stem C
AGAGCCCAGCATGTTC-1,Neuron 4
AGAGCCCAGCTTAAGA-1,Neuron 2
AGAGCCCGTCTCACAA-1,Stem E
AGAGCCCGTGCCTTTC-1,Parenchyma 1
AGAGCCCTCTACTTCA-1,Neuron 1
AGATAGACACAAGCAG-1,Stem D
AGATAGAGTACAGTTC-1,Stem D
AGATAGAGTCGCATCG-1,Muscle 1
AGATAGATCTTTGCGC-1,Stem D
AGATCCACAGCCTTCT-1,Tegument
AGATCCACAGGACTAG-1,Stem E
AGATCCATCGCACTCT-1,Parenchyma 1
AGATCGTAGGCAATGC-1,Stem E
AGATCGTCAAGGTACG-1,Neuron 4
AGATCGTGTATGATCC-1,Stem D
AGATCGTGTGGCCACT-1,Tegument
AGATCGTTCTCCTACG-1,Neuron 1
AGATGAACAGAGGCAT-1,Muscle 1
AGATGAAGTAGACTGG-1,Stem D
AGATGAAGTAGGATAT-1,Stem C
AGATGAAGTGGAACCA-1,Neuron 4
AGATGCTAGAATTTGG-1,Muscle 2
AGATGCTAGGTAGCAC-1,Parenchyma 1
AGATGCTGTTAAGGAT-1,Muscle 1
AGCATCAAGATGCAGC-1,Parenchyma 1
AGCATCAAGCATCTTG-1,Muscle 2
AGCATCAAGGTGCAGT-1,Stem A
AGCATCAGTAGACGGT-1,Stem E
AGCCAATGTTGGCTAT-1,Neuron 4
AGCCAATTCATCGCTC-1,Tegument
AGCCAATTCATTACTC-1,Neuron 1
AGCCAATTCCAAATGC-1,Stem A
AGCCAATTCGTGCATA-1,Neuron 1
AGCCACGAGAACGTGC-1,Neuron 1
AGCCACGAGGTAGACC-1,Neuron 1
AGCCACGGTCGTGTTA-1,Muscle 2
AGCCAGCAGCAGTACG-1,Stem D
AGCCAGCAGTAGAATC-1,Neuron 4
AGCCAGCAGTCCCGGT-1,Neuron 4
AGCCAGCCATCTTAGG-1,Neuron 4
AGCCAGCCATGCAGGA-1,Muscle 2
AGCCAGCCATGGTACT-1,Neuron 1
AGCCAGCCATGTAACC-1,Protonephridia
AGCCAGCGTCCGACGT-1,Neuron 4
AGCCAGCTCGAACACT-1,Muscle 2
AGCGATTAGAGAGCAA-1,Stem D
AGCGATTCAGGTAGTG-1,Neuron 4
AGCGATTCAGTCGGTC-1,Stem A
AGCGATTGTAGCTGTT-1,Stem B
AGCGATTGTTACGATC-1,Parenchyma 1
AGCGATTTCCGAGAAG-1,Stem E
AGCGCCACAGCGTACC-1,Stem C
AGCGCCAGTCTCGGGT-1,Stem D
AGCGCCATCATGACAC-1,Parenchyma 2
AGCGCCATCATGGCCG-1,Muscle 1
AGCGCCATCCTACGAA-1,Stem A
AGCGCTGAGAAGCGAA-1,Muscle 2
AGCGCTGCAGCTGTGC-1,Muscle 2
AGCGCTGTCAGTGATC-1,Stem C
AGCGCTGTCTGCCTGT-1,Neuron 2
AGCGTATCATCGAAGG-1,Stem F
AGCGTATCATGGGCAA-1,Stem C
AGCGTATGTGTCCAAT-1,Stem D
AGCGTATGTTACCGTA-1,Tegument
AGCGTCGCACCATTCC-1,Muscle 2
AGCGTCGCATACAGCT-1,Stem C
AGCTACAAGACAGCGT-1,Stem E
AGCTACAAGGAAGTAG-1,Stem C
AGCTACAAGGCAGGGA-1,Stem F
AGCTACACATGACTAC-1,Neuron 1
AGCTCAAAGCCTGCCA-1,Stem A
AGCTCAACAGTTGTTG-1,Stem D
AGCTCAATCAAGTCGT-1,Neuron 4
AGCTCAATCGATGCTA-1,Neuron 1
AGCTTCCCATTATGCG-1,Stem C
AGCTTCCGTTCGTGCG-1,Muscle 2
AGCTTCCTCATTGGTG-1,Muscle 1
AGGAAATGTCTTCGAA-1,Neuron 1
AGGAAATGTGCCCAGT-1,Muscle 2
AGGAAATTCTCTCAAT-1,Muscle 2
AGGAATACAAGCTACT-1,Stem F
AGGAATACAGGCACAA-1,Neuron 4
AGGAATAGTCGGTGTC-1,Stem C
AGGAATATCCTAGCGG-1,Neuron 2
AGGAATATCCTCGCAT-1,Stem C
AGGAATATCTAGGCCG-1,Stem D
AGGACGAAGATTCGAA-1,Neuron 1
AGGACGAAGGATGAGA-1,Neuron 1
AGGACGAGTATCGCAT-1,Neuron 1
AGGACGATCCAACTGA-1,Stem E
AGGACGATCGGTCATA-1,Neuron 5
AGGACTTAGCTTCATG-1,Muscle 1
AGGACTTAGGACACTG-1,Muscle 2
AGGACTTGTTAGCTAC-1,Stem D
AGGAGGTAGAAGCGGG-1,Stem C
AGGAGGTAGCTGGCTC-1,Stem D
AGGAGGTCAATGAGCG-1,Stem B
AGGAGGTGTATTGAGA-1,Parenchyma 1
AGGATAAAGAGGGCGA-1,Stem B
AGGATAACACGACCTG-1,Stem E
AGGATAACACGCTGCA-1,Neuron 4
AGGATAACATCTCATT-1,Stem C
AGGATAAGTTCCAAAC-1,Stem D
AGGATAAGTTCGAACT-1,Neuron 4
AGGATAATCGTTACCC-1,Stem D
AGGATAATCTGGTCAA-1,Stem D
AGGATCTAGACATATG-1,Stem B
AGGATCTCAGTAGTTC-1,Protonephridia
AGGATCTGTGTCTAAC-1,Muscle 1
AGGATCTGTTCCCACT-1,Stem A
AGGCATTAGAAGAGCA-1,Stem A
AGGCATTCACAACCGC-1,Muscle 2
AGGCATTTCTAACACG-1,Neuron 4
AGGCCACAGTCACGAG-1,Neuron 1
AGGCCACGTAGGTCAG-1,Stem F
AGGCCACGTCCGTACG-1,Stem A
AGGCCACGTCTACACA-1,Stem B
AGGCCACTCACAGTGT-1,Stem D
AGGCTGCTCTCTAGGA-1,Stem B
AGGGAGTAGAGGGTCT-1,Neuron 4
AGGGAGTAGCCATTGT-1,Stem C
AGGGAGTCACGCCAGT-1,Stem F
AGGGAGTCATGGGAAC-1,Neuron 2
AGGGAGTGTTGCAAGG-1,Stem D
AGGGCCTAGGCGAAGG-1,Stem C
AGGGCCTAGGTGCTAG-1,Parenchyma 1
AGGGCCTGTCGTCATA-1,Stem B
AGGGCCTGTTCGGCCA-1,Stem C
AGGGCCTTCTAGGCCG-1,Stem C
AGGGCTCTCCATTGGA-1,Muscle 2
AGGGTCCGTACTCGCG-1,Stem A
AGGGTCCTCACTACTT-1,Stem C
AGGGTCCTCGCCACTT-1,Stem B
AGGGTGAAGATCCCGC-1,Neuron 4
AGGGTGAAGCCTGACC-1,Parenchyma 1
AGGGTGAGTATGCTAC-1,Stem C
AGGGTGATCGATCCCT-1,Stem A
AGGGTGATCTCTGAGA-1,Neuron 5
AGGGTTTCAAGAATAC-1,Stem D
AGGGTTTCATCAACCA-1,Neuron 4
AGGTAGGAGAAACCCG-1,Stem C
AGGTAGGAGATGTTCC-1,Neuron 2
AGGTAGGAGTGGAAAG-1,Muscle 2
AGGTCATAGGTTGGTG-1,Stem C
AGGTCATAGTGTCATC-1,Muscle 2
AGGTCATGTCCTCAGG-1,Stem C
AGGTCATTCAAAGGTA-1,Neuron 1
AGGTCATTCAATGCAC-1,Stem D
AGGTCATTCCAATCCC-1,Stem C
AGGTCATTCCGTGGCA-1,Muscle 2
AGGTCTAAGGCAATGC-1,Stem A
AGGTGTTAGATGTTCC-1,Stem D
AGGTGTTAGGGATCGT-1,Stem A
AGGTGTTGTTGCCGCA-1,Stem B
AGGTGTTTCGGTCACG-1,Stem C
AGGTTACAGCAATAAC-1,Stem B
AGGTTACGTCCATAGT-1,Muscle 2
AGGTTACGTGCGTTTA-1,Neuron 1
AGGTTGTCAAGTTTGC-1,Stem D
AGGTTGTGTAGGAAAG-1,Stem D
AGGTTGTGTGGTCCCA-1,Neuron 2
AGGTTGTGTTTCTTAC-1,Stem C
AGGTTGTTCATCAGTG-1,Stem E
AGGTTGTTCCCGAACG-1,Neuron 4
AGTAACCAGATGTTAG-1,Stem A
AGTAACCAGCGAAACC-1,Muscle 2
AGTAACCTCGATCCAA-1,Stem C
AGTAACCTCTGCATGA-1,Stem B
AGTACCAAGCTTGTGT-1,Stem D
AGTACCAAGGACTATA-1,Stem D
AGTACCACAAGAAATC-1,Stem B
AGTACCACAATAGTCC-1,Muscle 2
AGTACCACAGCACGAA-1,Stem D
AGTACCAGTAATTAGG-1,Stem D
AGTACTGCATTGAAAG-1,Stem D
AGTACTGGTCTCGACG-1,Stem B
AGTACTGTCAAACCTG-1,Stem A
AGTACTGTCCATACAG-1,Stem D
AGTAGCTCAACCCTCT-1,Stem D
AGTAGTCAGCGAGGAG-1,Muscle 2
AGTAGTCCACTATCGA-1,Neuron 4
AGTAGTCTCCACGTGG-1,Neuron 1
AGTCAACAGCTCGCAC-1,Neuron 4
AGTCAACTCTCCAATT-1,Stem B
AGTCAACTCTCCCATG-1,Stem C
AGTCAACTCTGCTGAA-1,Stem B
AGTCACATCCGGACGT-1,Muscle 2
AGTCACATCGAAGCCC-1,Neuron 4
AGTCATGCACCAGCTG-1,Muscle 1
AGTCATGCACTAACGT-1,Muscle 2
AGTCATGGTGTATCCA-1,Neuron 4
AGTCATGTCGCACTCT-1,Stem C
AGTCTCCAGCTATCTG-1,Neuron 2
AGTCTCCGTGTAAACA-1,Parenchyma 1
AGTCTCCTCCATTCAT-1,Muscle 1
AGTCTCCTCCGCTAGG-1,Muscle 2
AGTCTCCTCTCCATAT-1,Neuron 2
AGTGACTCAAGAATAC-1,Parenchyma 1
AGTGACTCAGAGCTAG-1,Stem A
AGTGACTGTACGTAGG-1,Stem A
AGTGACTTCATGAGGG-1,Neuron 1
AGTGACTTCCCTAGGG-1,Neuron 1
AGTGACTTCTGGGCAC-1,Neuron 4
AGTGATCAGCAGTAAT-1,Parenchyma 1
AGTGATCAGTACTCGT-1,Stem C
AGTGATCGTCTGTCCT-1,Stem B
AGTGATCGTTCCGCAG-1,Stem D
AGTGATCTCAGAACCT-1,Neuron 5
AGTGATCTCTCTCGAC-1,Neuron 4
AGTGCCGCAAGTACCT-1,Muscle 1
AGTGCCGCACGACTAT-1,Neuron 4
AGTGCCGCACTACGGC-1,Neuron 2
AGTGCCGCAGATCCAT-1,Stem B
AGTGCCGCAGCAGGAT-1,Stem D
AGTGCCGGTCGAACGA-1,Stem C
AGTGCCGGTGTGAGCA-1,Stem A
AGTGTTGAGCCGGAAT-1,Neuron 4
AGTGTTGCAATCTCTT-1,Tegument
AGTGTTGCAGCGAACA-1,Stem B
AGTGTTGCATCGAGCC-1,Stem B
AGTGTTGGTGACTCGC-1,Neuron 1
AGTGTTGTCAGGCGAA-1,Stem E
AGTTAGCAGGTCGTCC-1,Neuron 1
AGTTAGCGTAAGTTGA-1,Neuron 4
AGTTAGCGTGTGGACA-1,Stem D
AGTTAGCTCAGTCATG-1,Muscle 2
AGTTAGCTCCCGAAAT-1,Muscle 2
AGTTCCCAGATAGTGT-1,Neuron 4
AGTTCCCCACATTCTT-1,Stem A
AGTTCCCCATCTATCT-1,Tegument
AGTTCCCGTTAAACCC-1,Stem E
AGTTCGACAATAAGGT-1,Stem D
ATACCGAAGTAAATGC-1,Stem D
ATACCTTAGCACCAGA-1,Parenchyma 1
ATACCTTCAGCAATTC-1,Stem D
ATACTTCAGGCTTCCG-1,Stem B
ATACTTCCAGACATCT-1,Stem B
ATACTTCGTACTCGCG-1,Neuron 1
ATACTTCGTTCTTAGG-1,Stem E
ATACTTCTCAAATGCC-1,Neuron 1
ATAGACCCAGTGGCTC-1,Neuron 4
ATAGACCGTCTCGCGA-1,Neuron 1
ATAGAGAAGGTCATCT-1,Stem E
ATAGAGACAAGGGTCA-1,Neuron 4
ATAGAGACACTTCAGA-1,Stem D
ATAGAGACAGAGGGTT-1,Parenchyma 1
ATAGAGATCAATCTCT-1,Stem D
ATAGAGATCGCCCAGA-1,Stem D
ATATCCTAGAAGGGAT-1,Neuron 1
ATATCCTGTGACTGAG-1,Muscle 1
ATATCCTGTTGCCATA-1,Neuron 5
ATCACAGAGCCTCTCT-1,Stem A
ATCACAGCACAGTCCG-1,Neuron 5
ATCACAGGTACTGCGC-1,Muscle 2
ATCACGAAGCGCCTTG-1,Muscle 1
ATCACGAAGTTGTAGA-1,Neuron 5
ATCACGACAAACGAGC-1,Neuron 4
ATCACGAGTTCCCAAA-1,Muscle 1
ATCACGATCGCTACGG-1,Neuron 4
ATCACTTAGTCAACAA-1,Stem D
ATCACTTGTGTGTACT-1,Stem B
ATCACTTGTTATCTGG-1,Stem A
ATCAGGTAGGGTTAAT-1,Muscle 1
ATCAGGTCAAGTATAG-1,Neuron 4
ATCATTCAGAATTCAG-1,Muscle 2
ATCATTCAGAGTGACC-1,Stem F
ATCATTCAGCGACAGT-1,Stem D
ATCATTCCAGCTGGTC-1,Stem A
ATCATTCTCTTACTGT-1,Neuron 5
ATCCACCGTAGTCGTT-1,Stem C
ATCCATTAGACATCCT-1,Stem A
ATCCATTAGGAGTATT-1,Muscle 2
ATCCATTAGGATCATA-1,Neuron 1
ATCCATTCATGCACTA-1,Neuron 4
ATCCATTGTGGGCTCT-1,Stem G
ATCCATTTCCGTCCTA-1,Stem C
ATCCCTGCAGACAAGC-1,Stem D
ATCCCTGGTTCCAAAC-1,Stem C
ATCCCTGTCTCAATCT-1,Stem G
ATCCCTGTCTGCCTGT-1,Stem D
ATCCGTCAGTGGACGT-1,Stem C
ATCCGTCCAAGTGCAG-1,Stem F
ATCCGTCCAGCTGAGA-1,Stem C
ATCCGTCTCAGTAGGG-1,Neuron 1
ATCCGTCTCATGCATG-1,Neuron 1
ATCCTATGTAGCCCTG-1,Neuron 1
ATCCTATGTGTGAGCA-1,Stem B
ATCCTATTCAAGCCAT-1,Neuron 5
ATCGATGCAATGCAAA-1,Stem A
ATCGATGCAGTAGATA-1,Muscle 2
ATCGATGTCGCCAATA-1,Neuron 1
ATCGCCTAGTAAACTG-1,Stem B
ATCGCCTTCTCACTCG-1,Stem C
ATCGGATAGGCGATAC-1,Stem B
ATCGGATAGTTCGGTT-1,Stem C
ATCGGATTCCTCAGAA-1,Stem C
ATCGGATTCGTGTTCC-1,Muscle 1
ATCGGCGAGAGGCTGT-1,Stem C
ATCGGCGAGCAGTAAT-1,Muscle 1
ATCGGCGGTCTCACAA-1,Neuron 4
ATCGGCGGTGCCTATA-1,Stem E
ATCGGCGGTTCCACAA-1,Muscle 2
ATCGGCGTCCAAGGGA-1,Neuron 1
ATCGGCGTCCTACCAC-1,Stem D
ATCGTAGAGTAGAGTT-1,Parenchyma 1
ATCGTAGCACAAATCC-1,Stem C
ATCGTAGCAGCATTGT-1,Stem C
ATCGTAGGTAGGTACG-1,Stem A
ATCGTAGGTTAAGGGC-1,Neuron 4
ATCGTAGGTTGTAAAG-1,Stem F
ATCGTAGTCTACGCGG-1,Stem C
ATCGTCCAGCGGTATG-1,Stem A
ATCGTCCCAGTTTGGT-1,Stem B
ATCGTCCTCACCATGA-1,Muscle 1
ATCGTGACATGACGGA-1,Stem B
ATCGTGACATGAGATA-1,Neuron 4
ATCGTGAGTCGATTCA-1,Neuron 1
ATCGTGAGTCGTGGTC-1,Stem D
ATCGTGATCGAGATGG-1,Stem B
ATCTCTAAGACCAGAC-1,Neuron 1
ATCTCTACAATATCCG-1,Neuron 4
ATCTCTACAGAGTGAC-1,Stem A
ATCTCTACAGCACAGA-1,Tegument
ATCTCTACAGCGTTGC-1,Neuron 1
ATCTCTAGTTCTCCTG-1,Stem A
ATCTCTATCCGTCACT-1,Stem F
ATCTTCACAACTGGTT-1,Muscle 1
ATCTTCATCTGAGAGG-1,Stem F
ATCTTCATCTGGGCGT-1,Neuron 4
ATGAAAGCACGTAACT-1,Stem D
ATGACCAAGATACCAA-1,Stem D
ATGACCAAGTGATGGC-1,Stem B
ATGACCACAATTTCGG-1,Parenchyma 1
ATGACCATCGCCATAA-1,Stem A
ATGAGGGAGAGTCAGC-1,Stem D
ATGAGGGAGTTGAAAC-1,Neuron 1
ATGAGGGCACGTGTGC-1,Stem D
ATGAGGGGTAGCTTAC-1,Muscle 1
ATGAGGGGTCAAAGCG-1,Muscle 2
ATGAGGGTCACCCTCA-1,Muscle 2
ATGAGTCCAACACAGG-1,Muscle 1
ATGAGTCCAACCGGAA-1,Stem B
ATGAGTCCACTTTATC-1,Stem A
ATGAGTCCATGATCTG-1,Stem C
ATGAGTCGTAGACTGG-1,Stem C
ATGAGTCGTGTGTGGA-1,Stem F
ATGAGTCGTTCAAGGG-1,Stem A
ATGATCGAGATCCGAG-1,Tegument
ATGATCGGTGTTACTG-1,Neuron 1
ATGCATGAGTATGGCG-1,Stem F
ATGCATGAGTCCCGGT-1,Muscle 1
ATGCATGCAACCACAT-1,Neuron 4
ATGCATGCAGAACATA-1,Neuron 4
ATGCATGCAGTCCGTG-1,Stem D
ATGCATGTCAAGCTGT-1,Neuron 4
ATGCATGTCATTCATC-1,Stem C
ATGCATGTCCTATGGA-1,Neuron 4
ATGCATGTCGACGAGA-1,Neuron 1
ATGCATGTCTCACGAA-1,Stem G
ATGCCTCAGTCGGGAT-1,Stem A
ATGCCTCCAGCGTGAA-1,Stem A
ATGCGATAGACCATTC-1,Stem A
ATGCGATAGAGTTGAT-1,Stem D
ATGCGATAGTCTGCAT-1,Muscle 1
ATGCGATGTATTGGCT-1,Stem A
ATGCGATTCACGTAGT-1,Stem D
ATGGAGGCAGCTGCCA-1,Stem E
ATGGAGGGTCCCGGTA-1,Neuron 1
ATGGATCGTAGCCCTG-1,Muscle 1
ATGGATCGTCACATTG-1,Neuron 5
ATGGATCGTCGGAAAC-1,Stem B
ATGGATCTCACCTGTC-1,Stem B
ATGGATCTCATGCATG-1,Stem D
ATGGATCTCGCTCTCA-1,Neuron 1
ATGGATCTCTTCCGTG-1,Neuron 4
ATGGGAGAGATACGAT-1,Neuron 2
ATGGGAGCATAATCGC-1,Stem E
ATGGGAGGTTGGATCT-1,Neuron 4
ATGGGAGTCCACTTCG-1,Muscle 1
ATGGGTTAGGCAGGGA-1,Stem C
ATGGGTTGTTATGGTC-1,Parenchyma 1
ATGGGTTTCGCCAGTG-1,Stem A
ATGGTTGAGGCAGGTT-1,Stem D
ATGGTTGAGTTGCGAG-1,Stem A
ATGGTTGGTCCACGCA-1,Stem D
ATGGTTGGTTAAGACA-1,Muscle 1
ATGGTTGTCAAGTAAG-1,Stem B
ATGGTTGTCCCGAATA-1,Neuron 5
ATGTCCCGTGACTATC-1,Neuron 1
ATGTCCCTCTATCGTT-1,Stem D
ATGTCTTAGACGACGT-1,Stem D
ATGTCTTAGTCCGTCG-1,Stem B
ATGTCTTCACTGTGTA-1,Neuron 1
ATGTCTTGTAGTCACT-1,Muscle 1
ATGTCTTGTTTCCATT-1,Stem C
ATGTCTTTCATGAAAG-1,Stem D
ATGTCTTTCTGGGTCG-1,Stem F
ATTACCTAGAAAGTCT-1,Muscle 1
ATTACCTAGCGAATGC-1,Neuron 1
ATTACCTCATAGATGA-1,Muscle 1
ATTACCTTCGGTTCAA-1,Stem E
ATTACTCAGCCAAGTG-1,Parenchyma 1
ATTACTCCAGCAATTC-1,Stem A
ATTACTCTCGATCCCT-1,Neuron 1
ATTATCCAGGATTACA-1,Stem D
ATTATCCCACCCTTGT-1,Tegument
ATTATCCGTTCTTGTT-1,Stem G
ATTCACTAGAAGTCCG-1,Stem D
ATTCACTAGATGACCG-1,Neuron 4
ATTCACTGTCGAAACG-1,Stem E
ATTCAGGTCGCACGAC-1,Neuron 1
ATTCAGGTCGGTCTGG-1,Stem B
ATTCATCAGGATACCG-1,Stem B
ATTCATCGTGAAAGTT-1,Muscle 1
ATTCCATCAGTTGTTG-1,Neuron 4
ATTCCATCATGGATCT-1,Stem B
ATTCCATGTAACACCT-1,Protonephridia
ATTCCCGAGCGTCAAG-1,Stem A
ATTCCCGAGTGTCATC-1,Stem B
ATTCCCGCAAGATGTA-1,Muscle 2
ATTCCCGCATGAGGGT-1,Neuron 1
ATTCCCGGTGAATATG-1,Neuron 2
ATTCCTAAGTGCAACG-1,Neuron 4
ATTCCTAAGTTCTACG-1,Neuron 4
ATTCCTAGTACACGTT-1,Neuron 1
ATTCCTAGTCTGATAC-1,Stem C
ATTCCTATCGGTCGAC-1,Stem F
ATTCCTATCTATCACT-1,Muscle 1
ATTCGTTAGCAGTCTT-1,Neuron 1
ATTCGTTAGTAAGACT-1,Neuron 4
ATTCGTTGTAGGAAAG-1,Stem C
ATTCGTTTCGACGAGA-1,Stem C
ATTCTACCACATCCCT-1,Stem A
ATTCTACTCAAGCCTA-1,Stem C
ATTCTACTCAGTGTGT-1,Stem D
ATTCTTGCAAATCAGA-1,Stem G
ATTCTTGCAGTAGAGC-1,Muscle 1
ATTCTTGTCGCCAACG-1,Parenchyma 1
ATTGGGTAGCAAGGAA-1,Stem A
ATTGGGTAGCCTCAGC-1,Stem B
ATTGGGTCAAGAGAGA-1,Stem C
ATTGGGTCAGCAGTAG-1,Stem F
ATTGGGTCATAATGAG-1,Stem B
ATTGGGTGTCGTACTA-1,Stem D
ATTGGGTGTGAACCGA-1,Stem B
ATTGTTCTCATTATCC-1,Tegument
ATTGTTCTCTGGTGCG-1,Muscle 1
ATTTACCCACAGAGAC-1,Stem G
ATTTACCCACCGTCTT-1,Neuron 1
ATTTACCTCACTACGA-1,Muscle 2
ATTTCACAGCTTCATG-1,Stem C
ATTTCACAGTCAGAGC-1,Muscle 1
ATTTCACCAGCACGAA-1,Stem F
ATTTCACGTGACACGA-1,Neuron 1
ATTTCACGTTGGGCCT-1,Stem G
ATTTCTGAGCAACCAG-1,Parenchyma 1
ATTTCTGAGCAAGTCG-1,Parenchyma 1
ATTTCTGCAACCTATG-1,Stem E
ATTTCTGCAAGAATGT-1,Muscle 2
ATTTCTGCACTCTAGA-1,Stem F
ATTTCTGCATCGTGCG-1,Stem B
ATTTCTGCATGACAAA-1,Stem C
CAAAGAACAGATTTCG-1,Neuron 1
CAACAACGTAACGGTG-1,Neuron 4
CAACAACGTAGATTAG-1,Stem D
CAACAACGTCAGTTTG-1,Stem C
CAACAACGTCTGTAAC-1,Neuron 1
CAACAACTCAGACATC-1,Stem A
CAACAACTCCCTCGAT-1,Neuron 1
CAACAGTCACACCTGG-1,Muscle 2
CAACAGTCATTGAGCT-1,Neuron 2
CAACAGTGTGACGCCT-1,Muscle 1
CAACAGTGTGGCTTGC-1,Stem E
CAACAGTTCAGATGCT-1,Muscle 1
CAACCAAAGCCATTCA-1,Stem C
CAACCAAAGTCATCCA-1,Stem F
CAACCTCAGAACTCCT-1,Stem C
CAACCTCCACACCTGG-1,Stem A
CAACCTCGTAACAGGC-1,Muscle 2
CAACCTCTCAACCGAT-1,Stem C
CAACCTCTCATTATCC-1,Stem A
CAACGATAGGATTTGA-1,Stem D
CAACGATCACGTTGGC-1,Muscle 2
CAACGATCATCGCTCT-1,Stem E
CAACGGCAGACATAGT-1,Muscle 1
CAACGGCGTGATAGAT-1,Stem A
CAACGGCTCTGGTCAA-1,Muscle 1
CAAGACTCAGCGTAGA-1,Stem C
CAAGACTTCGACATAC-1,Muscle 1
CAAGAGGCACACGGAA-1,Neuron 4
CAAGAGGCATGGAGAC-1,Stem C
CAAGAGGGTGTCTAAC-1,Parenchyma 1
CAAGCTAAGTAACGTA-1,Stem B
CAAGCTACACTTCTCG-1,Muscle 2
CAAGCTAGTCAGCTTA-1,Muscle 2
CAAGGGACACAGACGA-1,Muscle 2
CAAGGGATCTGTCCCA-1,Neuron 1
CAATACGAGTAACAGT-1,Muscle 2
CAATACGCACGTGAGA-1,Muscle 2
CAATACGCAGTGGCTC-1,Stem F
CAATCGAAGCAATAAC-1,Stem D
CAATCGAAGTGATGGC-1,Parenchyma 1
CAATCGACAGTAGTTC-1,Stem C
CAATCGAGTACTCGCG-1,Stem A
CAATCGAGTTCACCGG-1,Tegument
CAATGACAGGATATGT-1,Muscle 1
CAATGACCATGCGGTC-1,Protonephridia
CAATGACGTACCGCGT-1,Stem A
CAATGACGTCTGTAAC-1,Neuron 4
CAATTTCAGTAGTGCG-1,Stem C
CAATTTCCAAATTGGA-1,Neuron 1
CAATTTCTCGAACCAT-1,Stem E
CACAACAAGAAGGCTC-1,Neuron 1
CACAACAGTAGTGCGA-1,Stem C
CACAACATCCGAGATT-1,Stem G
CACACAATCTCAGTCC-1,Neuron 1
CACAGATCAAATTAGG-1,Stem B
CACAGATCACACTTAG-1,Stem D
CACAGATTCCGAGATT-1,Muscle 2
CACAGATTCGCCGAGT-1,Neuron 4
CACAGGCAGACGCCCT-1,Neuron 1
CACAGGCAGCATCTTG-1,Tegument
CACAGGCAGCGTCAGA-1,Stem E
CACAGGCCACCAACAT-1,Neuron 5
CACAGGCGTCTGTAAC-1,Neuron 1
CACAGGCTCAAACCCA-1,Stem D
CACAGGCTCATGTCAG-1,Parenchyma 1
CACATGAAGTCTGCAT-1,Stem A
CACATGACAAAGTATG-1,Muscle 1
CACATGACAGACCCGT-1,Stem A
CACATGACATGGAGAC-1,Muscle 2
CACATGATCCTACCAC-1,Stem D
CACATGATCGAATCCA-1,Stem D
CACATGATCGACCTAA-1,Muscle 2
CACCAAAAGCGCCTTG-1,Muscle 1
CACCAAAGTACAGTTC-1,Stem A
CACCAAAGTCCACACG-1,Stem C
CACCAAAGTGACTAAA-1,Tegument
CACCGTTAGTGCCCGT-1,Stem D
CACCGTTCATCACCAA-1,Neuron 2
CACCGTTTCCTGCTAC-1,Neuron 1
CACGAATGTGAATAAC-1,Muscle 1
CACGAATGTGGACTAG-1,Stem C
CACGAATGTTGGGATG-1,Stem B
CACGAATTCCGAGTGC-1,Tegument
CACGGGTAGAAATGGG-1,Neuron 4
CACGGGTAGCGACTGA-1,Stem E
CACGGGTCAAATCGGG-1,Stem E
CACGGGTCAAGGTCTT-1,Stem B
CACGGGTCAATGCAGG-1,Stem B
CACGGGTGTGTGATGG-1,Stem A
CACGTGGAGTGAACAT-1,Stem F
CACGTGGCACACGCCA-1,Stem D
CACGTTCAGAGGTCAC-1,Muscle 2
CACGTTCCAGACATCT-1,Stem E
CACGTTCCATTGGGAG-1,Stem A
CACGTTCGTTGGGTTT-1,Stem C
CACTAAGAGCTTGTGT-1,Stem D
CACTAAGCATAAGATG-1,Muscle 1
CACTAAGGTTGACTGT-1,Neuron 1
CACTAAGTCGATTTCT-1,Neuron 1
CACTGAACAACGCATT-1,Muscle 1
CACTGAACACATCCCT-1,Neuron 1
CACTGAAGTGTCCCTT-1,Neuron 1
CACTGAATCCGTATGA-1,Stem B
CACTGAATCTCCTACG-1,Stem D
CACTGGGAGGCTTTCA-1,Neuron 4
CACTGGGCAAAGACTA-1,Muscle 1
CACTGGGCAAATTGGA-1,Stem C
CACTGGGCATCAGTGT-1,Neuron 4
CACTGGGTCCACGAAT-1,Stem A
CACTGGGTCTCCACTG-1,Stem F
CACTGTCAGACAGTCG-1,Neuron 4
CACTGTCAGCAGGCTA-1,Stem F
CACTGTCGTATCGTTG-1,Neuron 4
CACTGTCTCCGCAACG-1,Neuron 4
CACTGTCTCGAGAGAC-1,Neuron 1
CACTGTCTCTTGAGCA-1,Parenchyma 2
CACTTCGAGATTGACA-1,Stem D
CACTTCGGTTGAGAGC-1,Stem C
CACTTCGTCCCTCTTT-1,Neuron 4
CAGAGCCAGGATAATC-1,Neuron 1
CAGAGCCCATCCGATA-1,Stem D
CAGAGCCTCAAAGCCT-1,Stem E
CAGAGCCTCATCGCAA-1,Stem A
CAGAGCCTCGTCACCT-1,Stem C
CAGATACAGGCAGTCA-1,Muscle 2
CAGATACCATGGCTAT-1,Stem B
CAGATACGTTCTATCT-1,Stem C
CAGATCAAGAATCGTA-1,Stem G
CAGATCAAGAGCAACC-1,Stem D
CAGATCAAGCTCAGAG-1,Stem D
CAGATCAAGTGCACCC-1,Stem C
CAGATCACACACCAGC-1,Stem C
CAGATCATCAGTCACA-1,Stem C
CAGATCATCAGTCTTT-1,Stem D
CAGATCATCGTCTAAG-1,Stem D
CAGATTGAGCCGGAAT-1,Stem D
CAGATTGAGGCCTAAG-1,Stem A
CAGATTGCACAACATC-1,Neuron 1
CAGATTGCATGGACAG-1,Stem A
CAGATTGTCGCCAATA-1,Stem B
CAGATTGTCGGTCGAC-1,Parenchyma 1
CAGCAATAGGGAGGCA-1,Stem B
CAGCAATCAAGCGCAA-1,Stem D
CAGCACGAGATAGCAT-1,Parenchyma 1
CAGCACGAGCTTTGTG-1,Stem E
CAGCACGGTATAGGAT-1,Muscle 2
CAGCACGGTTAGTTCG-1,Stem C
CAGCACGTCGTTTACT-1,Stem B
CAGCAGCCAAATAGCA-1,Stem B
CAGCAGCTCACGGACC-1,Muscle 1
CAGCAGCTCCCTGTTG-1,Muscle 2
CAGCAGCTCGAGTTGT-1,Stem B
CAGCCAGAGACTCCGC-1,Stem A
CAGCCAGAGTAAATGC-1,Muscle 1
CAGCCAGCACTCGATA-1,Stem D
CAGCCAGGTAGACAAT-1,Stem A
CAGCCAGGTATCGTAC-1,Neuron 1
CAGCCAGGTGGCTGCT-1,Stem B
CAGCCAGGTGTACAGG-1,Muscle 1
CAGCCAGTCCGGGACT-1,Muscle 1
CAGCGTGAGAGGTTTA-1,Parenchyma 1
CAGCGTGAGGTCGTGA-1,Stem F
CAGCGTGAGTCATCCA-1,Stem F
CAGCGTGAGTTGCCCG-1,Stem B
CAGCGTGCATGTGCTA-1,Neuron 1
CAGCGTGGTACTGCCG-1,Muscle 2
CAGCGTGGTAGAATGT-1,Neuron 4
CAGCGTGGTATGCGTT-1,Neuron 4
CAGCGTGGTCTACATG-1,Stem C
CAGCGTGTCATACGAC-1,Stem G
CAGGCCAAGCTGCCAC-1,Stem B
CAGGCCAGTCAAGCGA-1,Stem C
CAGGCCAGTCTAACGT-1,Stem B
CAGGCCAGTTAGTTCG-1,Neuron 4
CAGGCCAGTTCAGCGC-1,Stem E
CAGGGCTAGTGCCAGA-1,Stem C
CAGGGCTCACATACTG-1,Stem D
CAGGGCTCAGCACGAA-1,Tegument
CAGGGCTGTCAAGCCC-1,Stem D
CAGGGCTGTCACAATC-1,Muscle 2
CAGGGCTGTTGCTTGA-1,Stem C
CAGGGCTTCAAGCCTA-1,Stem D
CAGGGCTTCGGACGTC-1,Parenchyma 1
CAGGTATAGCACTCAT-1,Muscle 1
CAGGTATAGCTTTCCC-1,Stem D
CAGGTATGTCAGATTC-1,Stem A
CAGTGCGAGGTCTGGA-1,Stem C
CAGTGCGGTCCACATA-1,Neuron 1
CAGTGCGTCATAGACC-1,Stem B
CAGTTAGAGTAGGGTC-1,Muscle 1
CAGTTAGTCCGGCAGT-1,Stem D
CAGTTAGTCGGACGTC-1,Neuron 1
CAGTTAGTCTGTCTCG-1,Neuron 1
CAGTTCCAGAGAGCGG-1,Neuron 4
CATAAGCAGCAGTAAT-1,Stem E
CATAAGCTCACTGGTA-1,Neuron 4
CATAAGCTCTCCTGTG-1,Stem E
CATACAGCAGATACCT-1,Neuron 4
CATACAGCAGTGTACT-1,Stem B
CATACCCAGACCAACG-1,Stem B
CATACCCAGACGTCCC-1,Stem C
CATACCCCAACAAGAT-1,Neuron 1
CATACCCCATCTGTTT-1,Neuron 1
CATACCCTCTAGGAAA-1,Parenchyma 1
CATACTTCAGGATTCT-1,Neuron 2
CATACTTTCGTCAACA-1,Neuron 1
CATAGACCATCTCAAG-1,Stem F
CATAGACTCCGATGTA-1,Neuron 1
CATAGACTCCTCTAAT-1,Muscle 2
CATCAAGGTTGTTGTG-1,Stem A
CATCAAGTCGTAGCCG-1,Muscle 1
CATCCACAGAGGTTAT-1,Neuron 1
CATCCACAGTCGAGGT-1,Muscle 1
CATCCACGTAGGATAT-1,Neuron 4
CATCCACGTAGTCTTG-1,Stem A
CATCCACGTCAGTCGC-1,Neuron 1
CATCCACGTCTTCGAA-1,Neuron 4
CATCCACTCCCAACTC-1,Muscle 2
CATCCCAAGGGATGTC-1,Stem C
CATCCCACACCCTAGG-1,Stem D
CATCCCACATCATGAC-1,Neuron 1
CATCCCAGTGAAAGTT-1,Neuron 1
CATCCCATCTTCTTCC-1,Stem C
CATCCGTAGCCAGAGT-1,Neuron 5
CATCCGTAGCCTAGGA-1,Neuron 1
CATCCGTAGGATGAGA-1,Neuron 1
CATCCGTTCCCGTTGT-1,Stem B
CATCCGTTCCTGATAG-1,Stem D
CATCGCTAGATCGACG-1,Neuron 3
CATCGCTCAACAAGAT-1,Neuron 1
CATCGCTCAGATACTC-1,Neuron 4
CATCGCTGTTACGTAC-1,Muscle 1
CATCGGGAGGATACGC-1,Neuron 1
CATCGGGCAGAACTCT-1,Stem A
CATCGGGTCCATTCAT-1,Neuron 5
CATCGTCAGCACGTCC-1,Stem B
CATCGTCCAAAGAGTT-1,Stem C
CATCGTCCAAGACGGT-1,Muscle 1
CATCGTCGTATGCGGA-1,Parenchyma 2
CATGAGTAGTGATAAC-1,Neuron 2
CATGAGTGTACGATGG-1,Stem E
CATGAGTGTATGAAGT-1,Neuron 4
CATGAGTTCCTGTAAG-1,Tegument
CATGAGTTCGCTACAA-1,Parenchyma 1
CATGAGTTCGTTATCT-1,Stem B
CATGCAAAGACGTCCC-1,Stem B
CATGCAAGTCGGTGAA-1,Parenchyma 2
CATGCAAGTGCATGAG-1,Muscle 2
CATGCAAGTTGAAGTA-1,Stem E
CATGCAATCTCGCTCA-1,Stem A
CATGCCTGTCCTTTGC-1,Neuron 4
CATGCCTGTCGTAATC-1,Parenchyma 2
CATGCGGCAATCAAGA-1,Stem B
CATGCGGCAGAATGTA-1,Stem C
CATGCGGGTAGATCCT-1,Neuron 4
CATGCGGGTATACCTG-1,Muscle 1
CATGCGGGTTCGTTCC-1,Neuron 1
CATGCTCGTATCGAAA-1,Parenchyma 2
CATGCTCTCCGACAGC-1,Neuron 5
CATGGATAGTCGAGGT-1,Stem D
CATGGATAGTTGCCCG-1,Parenchyma 1
CATGGTAAGAGTCGAC-1,Stem D
CATGGTACACAACCGC-1,Muscle 1
CATGGTAGTCCCGCAA-1,Stem C
CATGGTATCTTTACAC-1,Stem E
CATTCATAGATGCTAA-1,Muscle 1
CATTCATTCCTCACTG-1,Muscle 1
CATTCCGGTCGAGCAA-1,Stem E
CATTCCGGTGGGTTGA-1,Neuron 1
CATTCTAAGACCTCCG-1,Muscle 2
CATTCTAAGTCACTCA-1,Stem B
CATTGAGAGCGCCTCA-1,Stem D
CATTGAGAGGCGTCCT-1,Stem A
CATTGAGAGGTCGACA-1,Stem E
CATTGAGCAGTCCCGA-1,Stem C
CATTGAGTCCGTTGGG-1,Parenchyma 1
CATTGCCCATGACTCA-1,Stem D
CATTGCCGTGCGACAA-1,Neuron 1
CATTGCCTCTCACTCG-1,Stem A
CATTGTTGTAACTAAG-1,Muscle 2
CATTGTTGTATCTCTT-1,Stem E
CATTGTTGTTTGGGTT-1,Stem B
CATTGTTTCCATTGTT-1,Neuron 4
CATTGTTTCGACCTAA-1,Stem C
CATTTCAGTCCGGTCA-1,Neuron 1
CATTTCATCAGTGTCA-1,Tegument
CATTTCATCGGTCTAA-1,Stem D
CCAAGCGAGGAGTACC-1,Neuron 1
CCAAGCGCAAAGGGCT-1,Stem D
CCAAGCGCACCGTGGT-1,Neuron 1
CCAAGCGGTCGTAATC-1,Stem C
CCAAGCGTCTTCCGTG-1,Neuron 1
CCAATGACACTGCTTC-1,Neuron 2
CCAATGATCCTGTTAT-1,Stem A
CCAATTTCAGTTGCGC-1,Stem G
CCAATTTGTACTAGCT-1,Muscle 1
CCACAAAAGGGAGATA-1,Stem D
CCACAAAAGGTAAGAG-1,Stem B
CCACAAACACGCTATA-1,Neuron 2
CCACAAATCCCAACTC-1,Muscle 2
CCACAAATCGCTATTT-1,Neuron 1
CCACACTAGTTTGCTG-1,Stem C
CCACACTCAACTCGAT-1,Muscle 2
CCACACTCAGGTGACA-1,Neuron 5
CCACCATGTGCAGATG-1,Stem D
CCACCATGTGCATGAG-1,Neuron 5
CCACCATTCCTCGATC-1,Stem C
CCACGAGAGTTGGGAC-1,Tegument
CCACGAGCACATTACG-1,Neuron 4
CCACGAGGTCGAAACG-1,Stem B
CCACGAGTCCACAGCG-1,Stem C
CCACGAGTCTGAATGC-1,Stem C
CCACGTTCACGCTGTG-1,Neuron 4
CCACGTTGTGTTACAC-1,Muscle 2
CCACGTTTCCCGTGAG-1,Muscle 2
CCACGTTTCTAGCCTC-1,Neuron 2
CCACGTTTCTGAGGTT-1,Stem B
CCACGTTTCTTGCGCT-1,Neuron 1
CCACTTGCATCGTGGC-1,Neuron 1
CCACTTGTCCTCACCA-1,Neuron 4
CCACTTGTCTCGAACA-1,Neuron 4
CCATAAGCAAGGTCGA-1,Stem D
CCATAAGCAGTTGTTG-1,Neuron 1
CCATAAGGTACCTAAC-1,Muscle 1
CCATCACAGAGAGCAA-1,Stem A
CCATCACAGTGGTTCT-1,Neuron 5
CCATCACCACCCTAAA-1,Neuron 1
CCCAACTGTATTTCCT-1,Neuron 1
CCCAACTGTTCCGTTC-1,Muscle 2
CCCAACTTCCACTTCG-1,Protonephridia
CCCATTGCAATTCGTG-1,Muscle 2
CCCATTGCAGTGTACT-1,Neuron 4
CCCATTGGTAGATTGA-1,Stem D
CCCATTGGTTGAGTCT-1,Neuron 5
CCCATTGGTTGGGTTT-1,Stem B
CCCATTGTCAGAGCGA-1,Stem C
CCCATTGTCCAAGCCG-1,Stem A
CCCATTGTCGCCAGAC-1,Neuron 4
CCCGAAGCACACCGCA-1,Stem D
CCCGAAGTCAATCCGA-1,Neuron 2
CCCGGAACAGCAGTCC-1,Stem D
CCCGGAAGTCGAACAG-1,Stem E
CCCGGAATCTTACGGA-1,Stem D
CCCTAACAGACACACG-1,Neuron 1
CCCTAACCAAGCCATT-1,Neuron 1
CCCTAACCAGCCTTCT-1,Stem D
CCCTAACGTGCTTCAA-1,Neuron 1
CCCTCAAAGCTGACTT-1,Muscle 1
CCCTCAACAGGCATTT-1,Neuron 4
CCCTCAAGTAATTAGG-1,Muscle 2
CCCTCAATCAGGGTAG-1,Stem B
CCCTCTCAGACTCTTG-1,Stem C
CCCTCTCAGGTAGATT-1,Stem C
CCCTCTCAGGTTTGAA-1,Stem D
CCCTCTCAGTTGCGAG-1,Stem C
CCCTCTCAGTTGCGCC-1,Stem A
CCCTCTCCATAGAATG-1,Neuron 4
CCCTCTCCATATACCG-1,Stem D
CCCTCTCCATTGGATC-1,Neuron 4
CCCTCTCGTGGCTGAA-1,Neuron 1
CCCTCTCTCCTCAGAA-1,Stem A
CCCTCTCTCGGTAGAG-1,Neuron 2
CCCTGATAGTAAAGCT-1,Stem E
CCCTGATCAATACCCA-1,Stem C
CCCTGATGTGGCGTAA-1,Stem B
CCCTGATTCTGCGTCT-1,Neuron 5
CCCTGATTCTGGAAGG-1,Stem C
CCCTTAGAGTGCTCGC-1,Muscle 1
CCCTTAGCACACACGC-1,Stem D
CCGAACGCAATTCGTG-1,Neuron 2
CCGAACGCACTCGATA-1,Stem E
CCGAACGGTTCTGAGT-1,Tegument
CCGAACGTCTTACCAT-1,Stem A
CCGATCTAGTGCTAGG-1,Stem E
CCGATCTCACATAACC-1,Stem F
CCGATCTTCGCGTGAC-1,Stem B
CCGATCTTCGGTCATA-1,Stem B
CCGATCTTCTCAACCC-1,Neuron 4
CCGATGGCACGATAGG-1,Stem D
CCGATGGGTGTTCATG-1,Stem A
CCGATGGGTTCAGGTT-1,Stem A
CCGATGGTCACTCACC-1,Neuron 1
CCGATGGTCTTCCACG-1,Stem A
CCGCAAGCATGTGGCC-1,Parenchyma 2
CCGCAAGGTCGGCTAC-1,Stem E
CCGCAAGGTGAGTCAG-1,Parenchyma 1
CCGCAAGGTGGCTACC-1,Stem B
CCGCAAGGTGGTCAAG-1,Muscle 2
CCGCAAGGTTGGTGTT-1,Stem B
CCGCAAGTCATTGGTG-1,Neuron 4
CCGGACAGTACTAACC-1,Muscle 1
CCGGACAGTATGTCTG-1,Stem B
CCGGACAGTTATCTGG-1,Muscle 2
CCGGACATCACCATAG-1,Stem C
CCGGGTACAATCCTAG-1,Stem F
CCGGGTAGTCATGCAT-1,Neuron 1
CCGGGTATCACACCCT-1,Stem B
CCGGGTATCTTCCAGC-1,Stem B
CCGGTAGTCCGAGATT-1,Muscle 1
CCGGTGAGTGGTGATG-1,Neuron 2
CCGGTGATCAAGAATG-1,Muscle 2
CCGGTGATCATTACGG-1,Protonephridia
CCGTAGGAGAGGGTCT-1,Stem E
CCGTAGGAGTGATCGG-1,Neuron 1
CCGTAGGAGTTGGAAT-1,Neuron 2
CCGTAGGCAATGTCTG-1,Neuron 4
CCGTAGGGTAATTGGA-1,Stem C
CCGTAGGGTTCGGGTC-1,Stem E
CCGTAGGTCGCCTCTA-1,Stem C
CCGTGAGCATACAGGG-1,Stem D
CCGTGAGCATACCATG-1,Neuron 1
CCGTGAGCATGCAGGA-1,Stem B
CCGTGAGTCCGCCTAT-1,Parenchyma 1
CCGTGAGTCTACTCAT-1,Neuron 4
CCGTTCAAGAAGTCCG-1,Stem E
CCGTTCAAGTTCACTG-1,Muscle 1
CCGTTCACAAAGACTA-1,Neuron 1
CCGTTCACAATAACGA-1,Stem C
CCGTTCAGTACAGAAT-1,Neuron 1
CCGTTCATCTACACTT-1,Stem D
CCGTTCATCTCAGTCC-1,Stem C
CCTAACCAGGTCATTC-1,Neuron 5
CCTAACCCACCTCTAC-1,Neuron 5
CCTAACCCACCTTCGT-1,Muscle 2
CCTAACCCAGCGTTTA-1,Stem D
CCTAACCGTTCGGGTC-1,Stem B
CCTAAGAAGATTGACA-1,Stem D
CCTAAGACAATCGCCG-1,Neuron 4
CCTAAGACAGAAATCA-1,Stem A
CCTAAGATCTAGACAC-1,Parenchyma 1
CCTACGTCATTGAGCT-1,Stem G
CCTACGTGTTCAACGT-1,Neuron 5
CCTATCGAGCGGTATG-1,Stem C
CCTATCGAGTGGAAAG-1,Stem E
CCTATCGCAAATGGTA-1,Stem A
CCTATCGCACAGCCAC-1,Muscle 1
CCTATCGTCACAATGC-1,Neuron 4
CCTCAACAGGCTCCCA-1,Stem B
CCTCAACCATAACGGG-1,Neuron 4
CCTCAACGTACACGTT-1,Stem F
CCTCAACGTACGATTC-1,Stem A
CCTCACAAGAAACCAT-1,Neuron 4
CCTCACACACTTTAGG-1,Muscle 1
CCTCACACAGAGGTTG-1,Stem A
CCTCACACATACAGGG-1,Neuron 4
CCTCACACATGTCGTA-1,Neuron 1
CCTCACAGTCTGCCTT-1,Muscle 2
CCTCACAGTTTCGTAG-1,Parenchyma 2
CCTCAGTGTCACCCTT-1,Muscle 2
CCTCAGTGTTACGGAG-1,Neuron 1
CCTCAGTTCATACAGC-1,Stem B
CCTCATGAGAAGTATC-1,Stem B
CCTCATGAGCATCCCG-1,Muscle 2
CCTCATGCATGACGGA-1,Stem C
CCTCCAAAGAAACACT-1,Stem C
CCTCCAAAGACAACTA-1,Stem D
CCTCCAAAGGACATCG-1,Stem D
CCTCCAACAATCGCGC-1,Stem C
CCTCCTCAGTGCCCGT-1,Stem B
CCTCTAGAGTGGTTGG-1,Neuron 1
CCTCTAGGTATGAAAC-1,Neuron 2
CCTCTCCAGAGCTTTC-1,Muscle 2
CCTCTCCAGGTCGAGT-1,Neuron 1
CCTCTCCCATCATCCC-1,Stem B
CCTCTCCGTAGATTAG-1,Stem A
CCTCTCCGTGATAGTA-1,Muscle 1
CCTCTCCTCCCTAGGG-1,Stem C
CCTGCATCAGCTGAGA-1,Stem C
CCTGCATGTCGCACAC-1,Stem G
CCTGCATGTGCGAGTA-1,Parenchyma 1
CCTGCATTCAACGCTA-1,Muscle 2
CCTGCATTCCATCTCG-1,Stem B
CCTGCATTCCCTTCCC-1,Neuron 1
CCTGTTGAGCGGTATG-1,Stem B
CCTGTTGAGTGTGTTC-1,Muscle 1
CCTGTTGTCATCGTAG-1,Neuron 1
CCTGTTGTCCTGATAG-1,Neuron 5
CCTTCAGCAAGACAAT-1,Neuron 1
CCTTCAGTCCGTAGGC-1,Stem E
CCTTCAGTCTCCTGAC-1,Muscle 2
CCTTGTGAGATCCTAC-1,Neuron 1
CCTTGTGAGGCTATCT-1,Stem C
CCTTTGGAGATTACCC-1,Stem G
CCTTTGGAGCGACAGT-1,Stem B
CCTTTGGAGTGGTGGT-1,Neuron 1
CCTTTGGTCCCACAGG-1,Parenchyma 1
CCTTTGGTCTAGCCAA-1,Stem C
CCTTTGGTCTATGCCC-1,Neuron 1
CCTTTGGTCTCCGATC-1,Neuron 1
CGAAGGAGTAATCAGA-1,Stem B
CGAAGGATCAGCTAGT-1,Stem C
CGAAGGATCCTCATAT-1,Stem C
CGAAGGATCTATCGGA-1,Muscle 1
CGAAGTTGTATCGCTA-1,Stem D
CGAAGTTGTCCCGTGA-1,Stem G
CGAAGTTGTGAAAGTT-1,Muscle 2
CGAAGTTTCGTACCTC-1,Muscle 2
CGAATTGAGCAAACAT-1,Muscle 2
CGAATTGAGGTGATCG-1,Stem D
CGAATTGAGTGCGACA-1,Neuron 1
CGAATTGGTAGCTGCC-1,Neuron 4
CGAATTGTCACATCAG-1,Stem A
CGAATTGTCACCTCTG-1,Stem D
CGAATTGTCTGTTGGA-1,Muscle 1
CGACAGCTCAGAATAG-1,Stem C
CGACAGCTCAGACCTA-1,Neuron 1
CGAGAAGAGGGACCAT-1,Muscle 2
CGAGAAGGTTCAATCG-1,Stem B
CGAGGAAAGAATCTAG-1,Parenchyma 1
CGAGGAAAGTCAAGCG-1,Stem C
CGAGGCTCAACAAAGT-1,Parenchyma 1
CGAGGCTCAATCCAGT-1,Stem C
CGAGGCTCATAATGAG-1,Neuron 4
CGAGGCTGTGCATGTT-1,Stem C
CGAGGCTTCAAACGAA-1,Parenchyma 1
CGAGTGCAGGGAGGAC-1,Neuron 4
CGAGTGCCAATAAGGT-1,Tegument
CGAGTGCGTCACGCTG-1,Stem C
CGAGTGCTCCTCGCAT-1,Muscle 2
CGAGTGCTCGGAACTT-1,Stem C
CGAGTGCTCGTCGCTT-1,Neuron 4
CGAGTGCTCTCTATGT-1,Neuron 2
CGAGTGCTCTTGATTC-1,Stem B
CGAGTTAAGACCAAAT-1,Stem B
CGAGTTATCTATCGGA-1,Stem A
CGATCGGCATAGACTC-1,Neuron 1
CGATCGGGTCTGGTTA-1,Muscle 1
CGATCGGTCGGCATCG-1,Stem E
CGATCGGTCTACGCAA-1,Neuron 2
CGATGCGAGAAATTGC-1,Stem E
CGATGCGAGGTGTGAC-1,Stem C
CGATGCGCAGGCATGA-1,Stem D
CGATGCGTCACGAACT-1,Parenchyma 1
CGATGCGTCGCTCATC-1,Stem E
CGATGGCAGAAGGCTC-1,Muscle 1
CGCAGGTAGAGGCGTT-1,Muscle 2
CGCAGGTAGGTTTACC-1,Neuron 4
CGCAGGTAGTAAACTG-1,Stem A
CGCAGGTAGTTAACGA-1,Muscle 2
CGCAGGTCACTGGATT-1,Muscle 1
CGCAGGTGTATGCAAA-1,Stem D
CGCAGGTTCAAACCTG-1,Stem D
CGCATAAAGAGAGCAA-1,Neuron 5
CGCATAAAGCCGCACT-1,Stem B
CGCATAAAGTCATAGA-1,Muscle 1
CGCATAAGTGTCATCA-1,Muscle 1
CGCATAATCTGCGGCA-1,Neuron 4
CGCATGGAGGCGTTGA-1,Neuron 1
CGCATGGCACACTTAG-1,Neuron 1
CGCATGGGTGTCGATT-1,Stem C
CGCATGGTCAGTCACA-1,Stem C
CGCATGGTCCCTTGTG-1,Muscle 1
CGCCAGACAAGCGAAC-1,Stem A
CGCCAGACAATCCTTT-1,Protonephridia
CGCCAGACATATTCGG-1,Neuron 4
CGCCAGAGTACGGTTT-1,Neuron 1
CGCCAGATCACCGGGT-1,Stem B
CGCCATTAGAATCCCT-1,Neuron 4
CGCCATTTCATCGCTC-1,Neuron 4
CGCCATTTCGGAATGG-1,Neuron 1
CGCGTGACAGGCCTGT-1,Muscle 1
CGCGTGAGTCTTACAG-1,Muscle 2
CGCGTGAGTGACTGTT-1,Neuron 3
CGCGTGAGTTCAGCGC-1,Neuron 4
CGCGTGATCGCAAGAG-1,Stem C
CGCGTGATCTAGCCAA-1,Neuron 1
CGCGTGATCTCGGTAA-1,Stem A
CGGAACCAGGTGCCTC-1,Parenchyma 1
CGGAACCAGGTTCCGC-1,Stem D
CGGAACCGTCCACTCT-1,Neuron 4
CGGAACCGTGCAGATG-1,Stem D
CGGAACCGTTCAGCGC-1,Neuron 1
CGGAACCTCTACGGGC-1,Muscle 1
CGGAATTAGCTCTGTA-1,Tegument
CGGAATTGTAGCGAGT-1,Neuron 4
CGGAATTGTTGTTGTG-1,Stem B
CGGAATTTCGAGAATA-1,Neuron 2
CGGACACAGGAACGCT-1,Stem C
CGGACACAGGATGTTA-1,Stem B
CGGACACGTCACTTCC-1,Neuron 1
CGGACACGTCGGCACT-1,Stem B
CGGACACTCCTTCTGG-1,Tegument
CGGACACTCGCAGTCG-1,Muscle 2
CGGAGAAAGGAGTCTG-1,Neuron 3
CGGAGAAAGTGTTCCA-1,Stem B
CGGAGAAGTAAGTCAA-1,Stem C
CGGAGAATCATCACCC-1,Stem E
CGGAGAATCTCTATAC-1,Neuron 5
CGGCAGTCAGAAACCG-1,Stem F
CGGCAGTCATTGTCGA-1,Stem C
CGGCAGTGTGGATCAG-1,Stem D
CGGCAGTTCACAATGC-1,Neuron 4
CGGGACTCACAGAAGC-1,Stem C
CGGGACTCACAGTGAG-1,Stem C
CGGGACTGTTAAACAG-1,Stem E
CGGGCATAGCCGGATA-1,Neuron 4
CGGGCATGTATGAGAT-1,Neuron 2
CGGGCATGTGAAGCGT-1,Stem C
CGGGTCAAGGTCACTT-1,Neuron 1
CGGGTCAAGGTCGAGT-1,Stem B
CGGGTGTCAGTGGGTA-1,Stem E
CGGGTGTTCCCGGTAG-1,Muscle 2
CGGGTGTTCGGTCATA-1,Parenchyma 2
CGGTCAGGTCGATTTG-1,Stem B
CGGTCAGTCGCTACGG-1,Stem E
CGTAAGTTCGCTGTTC-1,Neuron 5
CGTAATGAGTACAGCG-1,Neuron 4
CGTAGTAAGCTACTGT-1,Stem D
CGTAGTACAGGAACCA-1,Neuron 1
CGTAGTAGTCCGACGT-1,Muscle 2
CGTCAAACAACGTAAA-1,Stem G
CGTCAAACACATATCG-1,Stem D
CGTCAAAGTATCGATC-1,Muscle 1
CGTCAAAGTTCGTTCC-1,Stem C
CGTCCATAGTCATGGG-1,Neuron 1
CGTCCATCACTCCCTA-1,Parenchyma 1
CGTCCATCAGGCTCTG-1,Stem B
CGTCCATCATATCTCT-1,Neuron 4
CGTCCATGTTTCGTTT-1,Stem C
CGTGAATAGCCGATCC-1,Muscle 2
CGTGAATCATGACAGG-1,Stem C
CGTGAATTCGATCCAA-1,Stem C
CGTGAATTCTGAGTCA-1,Muscle 1
CGTGATAAGGGTTAAT-1,Muscle 2
CGTGATACAAGGTCAG-1,Stem B
CGTGATACACGCCACA-1,Muscle 1
CGTGATACACGGCGTT-1,Stem C
CGTGATAGTAACAAGT-1,Parenchyma 2
CGTGATATCGCCTCTA-1,Neuron 1
CGTGCTTAGCTGTTAC-1,Neuron 2
CGTGCTTCAGTTCCAA-1,Stem D
CGTGTCTCACTGCGTG-1,Stem B
CGTTAGAAGACGAAGA-1,Stem B
CGTTAGAAGACTTCAC-1,Stem D
CGTTAGAAGTGTTGAA-1,Stem E
CGTTAGAGTAACACGG-1,Muscle 1
CGTTCTGAGGTGCCTC-1,Stem B
CGTTCTGCACATACTG-1,Neuron 1
CGTTGGGAGGTTATAG-1,Stem D
CGTTGGGCAAACACGG-1,Stem B
CGTTGGGCATCAGCAT-1,Stem D
CGTTGGGGTTTCGTGA-1,Muscle 1
CGTTGGGTCCTAGAGT-1,Muscle 2
CTAACCCCAAGCACCC-1,Neuron 1
CTAACCCGTCACTTCC-1,Protonephridia
CTAACCCGTTGCTCGG-1,Muscle 2
CTAACCCTCTCGTCGT-1,Stem F
CTAACTTAGGTTTGAA-1,Muscle 1
CTAACTTAGTATGGAT-1,Muscle 2
CTAACTTCAACTGCCG-1,Stem D
CTAACTTCACAGTCAT-1,Parenchyma 1
CTAACTTCACCATAAC-1,Stem B
CTAACTTCAGTCCCGA-1,Muscle 2
CTAAGTGCAGAGGTTG-1,Muscle 1
CTAAGTGTCATTTCGT-1,Parenchyma 1
CTAAGTGTCCGAGCTG-1,Neuron 1
CTACAGACATGGACAG-1,Protonephridia
CTACATTAGACATACA-1,Stem E
CTACATTCATACATCG-1,Stem D
CTACATTGTGCCGTAC-1,Parenchyma 1
CTACCCATCAAGCTTG-1,Muscle 2
CTACCCATCCGGTAAT-1,Stem B
CTACCTGGTCGTACAT-1,Muscle 1
CTACCTGTCCGTATGA-1,Stem E
CTACCTGTCGGTAGGA-1,Stem D
CTACGGGAGGTGGGTT-1,Stem A
CTACGGGCAGCAATTC-1,Tegument
CTACGGGCATTACGGT-1,Neuron 4
CTACGGGGTGGCTTAT-1,Muscle 2
CTACGGGTCGACACTA-1,Neuron 2
CTACTATAGAGCATAT-1,Muscle 1
CTACTATAGTAGGAAG-1,Stem F
CTACTATAGTCATAGA-1,Stem B
CTACTATAGTCGGCAA-1,Muscle 1
CTACTATCATGGAACG-1,Stem F
CTACTATGTGGGTCAA-1,Stem B
CTACTATTCCGCTTAC-1,Muscle 1
CTAGACAAGGTTGCCC-1,Stem D
CTAGACAGTCGCCTAG-1,Stem A
CTAGGTAAGTCACGAG-1,Stem B
CTAGGTACATCACGGC-1,Stem C
CTAGGTATCACGGAGA-1,Stem E
CTAGGTATCATGACAC-1,Stem C
CTAGGTATCGATACTG-1,Muscle 2
CTATAGGCAACCTAAC-1,Stem A
CTATAGGTCGCTCCTA-1,Neuron 1
CTATCCGAGACATCAA-1,Stem D
CTATCCGAGCGTATAA-1,Muscle 1
CTATCCGGTTACGTAC-1,Muscle 2
CTATCCGTCAAGGACG-1,Stem E
CTATCTAAGGACGCAT-1,Stem C
CTATCTAAGGTTCCAT-1,Muscle 1
CTCAACCAGCCTCTTC-1,Stem E
CTCAACCAGTTGGAAT-1,Neuron 1
CTCAACCCAACCAGAG-1,Neuron 3
CTCAACCCATGCAGGA-1,Stem B
CTCAACCGTGATGAAT-1,Neuron 1
CTCAACCTCAGTCATG-1,Neuron 1
CTCAAGACAGAATCGG-1,Tegument
CTCAAGAGTGGGATTG-1,Stem D
CTCAATTAGGGATGTC-1,Stem D
CTCAATTGTGGCCACT-1,Neuron 1
CTCAATTTCACTGAAC-1,Muscle 1
CTCAATTTCTTGTGCC-1,Stem A
CTCACTGAGCCATTTG-1,Stem A
CTCACTGAGGTCGTCC-1,Muscle 2
CTCACTGCACAACATC-1,Stem D
CTCACTGCACCTCGTT-1,Stem C
CTCACTGGTACTGACT-1,Stem A
CTCACTGGTGGACCAA-1,Stem A
CTCACTGTCCGTGCGA-1,Stem D
CTCAGGGAGAGCCGTA-1,Neuron 4
CTCAGTCCAGAGACTG-1,Neuron 4
CTCATCGAGAATCCCT-1,Stem C
CTCATCGCAACACTAC-1,Neuron 2
CTCATCGTCGCCTAGG-1,Stem C
CTCATGCAGCGGTAAC-1,Muscle 1
CTCATGCCACATGAAA-1,Stem D
CTCATGCGTACCGTGC-1,Neuron 2
CTCATGCTCTCGCTCA-1,Stem D
CTCATTATCACTGTTT-1,Stem C
CTCATTATCCTTGGAA-1,Parenchyma 1
CTCATTATCGCCAGAC-1,Parenchyma 1
CTCCAACAGCATGCAG-1,Stem D
CTCCAACGTGGTAATA-1,Stem B
CTCCAACTCTCTAGGA-1,Stem E
CTCCAACTCTGTCCCA-1,Stem D
CTCCACAAGAGCAACC-1,Stem A
CTCCACAAGGTAGCAC-1,Neuron 2
CTCCACACAACTGCCG-1,Stem G
CTCCACACATCACGGC-1,Neuron 1
CTCCACAGTGCCCTTT-1,Stem C
CTCCACATCACTGCTC-1,Neuron 5
CTCCACATCCTCTAAT-1,Tegument
CTCCATGGTACAGTAA-1,Muscle 1
CTCCATGTCTTGGTGA-1,Neuron 1
CTCCCAAAGTCCCGGT-1,Neuron 4
CTCCCAAGTAGACGGT-1,Neuron 5
CTCCCAATCAGGGATG-1,Muscle 1
CTCCCAATCATCACTT-1,Stem C
CTCCCTCCAAACTAAG-1,Muscle 1
CTCCCTCCACTAGGTT-1,Stem C
CTCCCTCCAGGCATGA-1,Neuron 4
CTCCCTCGTACGGGAT-1,Stem A
CTCCCTCGTTGTCCCT-1,Neuron 4
CTCCCTCTCGCGGACT-1,Neuron 4
CTCCGATCAAATACAG-1,Neuron 2
CTCCGATCACAGAGAC-1,Tegument
CTCCGATGTATCCCTC-1,Stem D
CTCCGATGTCTTCCGT-1,Muscle 1
CTCCGATGTGATTCTG-1,Neuron 1
CTCCTCCCACATAGCT-1,Neuron 4
CTCCTCCGTGAGTTTC-1,Stem D
CTCCTTTAGTTTCTTC-1,Stem C
CTCCTTTCACACGGAA-1,Neuron 4
CTCCTTTGTGTATACC-1,Protonephridia
CTCCTTTTCGACGCTG-1,Muscle 2
CTCGAGGCAACGATCT-1,Neuron 4
CTCGAGGCAGGACTAG-1,Stem C
CTCGAGGCAGTGTATC-1,Stem C
CTCGAGGTCCAAAGGG-1,Muscle 1
CTCTCAGAGATCGCTT-1,Stem C
CTCTCAGGTAGAAACT-1,Stem B
CTCTCAGTCATGGTAC-1,Neuron 4
CTCTCGAAGCAGGTCA-1,Stem D
CTCTCGAAGCCTATCA-1,Neuron 1
CTCTCGACATAGGTTC-1,Stem D
CTCTCGAGTGTCATGT-1,Stem D
CTCTCGATCAGTCAGT-1,Stem B
CTCTCGATCCAACACA-1,Neuron 4
CTCTGGTAGGTGCCTC-1,Stem D
CTCTGGTCACATTACG-1,Stem C
CTCTGGTGTACTGTTG-1,Stem F
CTCTGGTGTAGCACGA-1,Stem D
CTCTGGTTCATCGTAG-1,Neuron 1
CTCTGGTTCCGGTAAT-1,Parenchyma 1
CTGAATGGTGTGATGG-1,Stem E
CTGAGCGAGACATAGT-1,Parenchyma 1
CTGAGCGAGATGAATC-1,Stem E
CTGAGCGCAACCGCTG-1,Stem D
CTGAGCGCACGCTTAA-1,Neuron 1
CTGAGCGGTGCAAGAC-1,Stem B
CTGAGCGGTGCAATAA-1,Neuron 1
CTGAGCGTCAAATAGG-1,Stem B
CTGAGGCAGAGGGTCT-1,Stem C
CTGAGGCCAGGAGACT-1,Muscle 2
CTGAGGCGTCGCTTGG-1,Protonephridia
CTGAGGCTCAAGAATG-1,Parenchyma 1
CTGAGGCTCCGTATGA-1,Stem D
CTGATCCTCCATGATG-1,Muscle 1
CTGCAGGAGGCTTAAA-1,Neuron 2
CTGCAGGGTACGCTAT-1,Stem D
CTGCAGGTCCACATAG-1,Stem C
CTGCATCAGCTATCTG-1,Stem D
CTGCATCAGTGGTTGG-1,Stem B
CTGCATCCATTGGGAG-1,Stem C
CTGCATCGTGCCTGAC-1,Stem E
CTGCATCGTTAGAGAT-1,Muscle 1
CTGCCATGTCAAAGCG-1,Tegument
CTGCCTAAGTAACCTC-1,Parenchyma 1
CTGCCTACAATGCTCA-1,Stem C
CTGCGAGAGCTCGTGC-1,Stem A
CTGCGAGCACGTGAGA-1,Stem C
CTGCGAGCAGTTCACA-1,Neuron 4
CTGCGAGGTAACTGCT-1,Stem B
CTGCGAGGTCGCGTTG-1,Stem C
CTGCTCACAATAGTAG-1,Stem F
CTGCTCACAGTTCACA-1,Stem A
CTGCTCATCTAGACAC-1,Neuron 1
CTGGACGAGACGAGCT-1,Stem A
CTGGACGCAGCTGTCG-1,Muscle 2
CTGGACGTCACTGTTT-1,Neuron 5
CTGGCAGCAGGGTTGA-1,Stem B
CTGGCAGGTCGCGTCA-1,Stem D
CTGGTCTCACATTACG-1,Stem C
CTGGTCTCAGCGGATA-1,Stem G
CTGGTCTCATGGAGAC-1,Stem D
CTGGTCTCATGGCTGC-1,Muscle 2
CTGGTCTGTACTCCCT-1,Neuron 4
CTGGTCTTCCGTATGA-1,Muscle 1
CTGTACCAGATACAGT-1,Muscle 2
CTGTACCAGCCTCCAG-1,Neuron 5
CTGTACCAGTCACGAG-1,Neuron 1
CTGTACCAGTCCCGAC-1,Neuron 4
CTGTACCGTCTGTGGC-1,Muscle 1
CTGTACCGTGTAGCAG-1,Muscle 2
CTGTACCTCGGCCCAA-1,Stem C
CTGTAGAAGAGTCAGC-1,Muscle 2
CTGTAGACAATGTTGC-1,Stem D
CTGTAGATCAAACGTC-1,Stem A
CTGTATTAGACCAACG-1,Stem A
CTGTATTAGGCTCTCG-1,Stem C
CTGTATTCACAGTACT-1,Stem B
CTGTATTCACCAGTTA-1,Stem D
CTGTCGTTCATCTATC-1,Stem B
CTGTCGTTCATGGCCG-1,Stem D
CTGTCGTTCTTTGGAG-1,Stem B
CTGTGAAAGACGCAGT-1,Stem C
CTGTGAAAGGGCCAAT-1,Stem C
CTGTGAAAGGTACATA-1,Stem E
CTGTGAACAGAACTAA-1,Neuron 1
CTGTGAACATGTCTAG-1,Muscle 2
CTGTGAATCCTATGGA-1,Neuron 1
CTGTGAATCGGCGATC-1,Stem D
CTGTGAATCGTAACTG-1,Muscle 1
CTGTGGGAGATGTTGA-1,Neuron 4
CTGTGGGCATGTTACG-1,Stem B
CTGTGGGGTACCTGTA-1,Stem C
CTGTGGGGTAGACAGC-1,Stem A
CTGTGGGGTCGAATTC-1,Stem A
CTGTGGGTCCGTTGGG-1,Stem D
CTGTGGGTCTCTCGAC-1,Muscle 2
CTTACCGCAGACCAAG-1,Stem C
CTTACCGGTAACCAGG-1,Neuron 4
CTTACCGGTATCACGT-1,Neuron 1
CTTACCGTCTACTATC-1,Neuron 1
CTTAGGAAGCCTCTTC-1,Muscle 2
CTTAGGAAGGTCGTCC-1,Neuron 1
CTTCAATAGAAACCCG-1,Muscle 2
CTTCAATAGACCATTC-1,Neuron 5
CTTCAATAGATACATG-1,Stem D
CTTCAATAGATGCTTC-1,Muscle 2
CTTCAATAGATTGATG-1,Neuron 4
CTTCAATCACGCAGTC-1,Stem B
CTTCCGAAGAAACTAC-1,Neuron 2
CTTCCGAAGATGACAT-1,Stem D
CTTCCGACACAGGATG-1,Neuron 1
CTTCCGATCATCTCTA-1,Neuron 4
CTTCCTTTCGTAACCA-1,Muscle 1
CTTCGGTAGCGTCTGC-1,Muscle 1
CTTCGGTAGGTACCTT-1,Stem C
CTTCGGTCACGCGTGT-1,Stem B
CTTCGGTGTGAGCAGT-1,Stem A
CTTCGGTGTTAGGGTG-1,Stem A
CTTCGGTGTTGCGAAG-1,Stem D
CTTCGGTTCATTGCGA-1,Neuron 1
CTTCGGTTCGTCAACA-1,Stem D
CTTCTAACAGCTTCCT-1,Muscle 2
CTTCTCTAGATCCCGC-1,Stem E
CTTCTCTAGCAGGGAG-1,Neuron 4
CTTCTCTGTCGTGCCA-1,Neuron 4
CTTCTCTTCGGAAGGT-1,Muscle 2
CTTGAGAAGATTGTGA-1,Stem D
CTTGAGAAGCGACAGT-1,Muscle 1
CTTGAGATCATCCTAT-1,Stem A
CTTGATTAGAGAGCGG-1,Neuron 2
CTTGATTAGGAGATAG-1,Stem D
CTTGATTCAAACGTGG-1,Tegument
CTTGATTCACTTTAGG-1,Neuron 4
CTTGATTCAGATACCT-1,Muscle 1
CTTGATTGTGCTAGCC-1,Stem B
CTTGATTGTGGCGTAA-1,Stem B
CTTTCAAAGATCACTC-1,Stem A
CTTTCAAGTTCTTAGG-1,Tegument
CTTTCAATCACTCTTA-1,Stem A
CTTTCGGCAATGGCCC-1,Stem F
CTTTCGGGTTGTTTGG-1,Muscle 1
GAAACCTGTGTGAATA-1,Stem A
GAAACCTTCATAGAGA-1,Stem E
GAAATGACAACGCCCA-1,Neuron 1
GAAATGACAACTGTGT-1,Stem C
GAAATGACAGCTTCGG-1,Stem A
GAAATGATCTACCCAC-1,Stem A
GAACACTAGCGTGAAC-1,Muscle 1
GAACACTGTTCAGCGC-1,Stem C
GAACGTTAGAGCTGCA-1,Stem D
GAACGTTCAAGCTCTA-1,Stem A
GAACGTTTCGGTTAGT-1,Neuron 4
GAACTGTCACAAACGG-1,Stem B
GAACTGTCAGCTACCG-1,Stem D
GAACTGTGTCCACATA-1,Muscle 1
GAACTGTTCCATTTCA-1,Stem B
GAACTGTTCGCCAGAC-1,Stem A
GAAGAATGTAAGTCAA-1,Neuron 2
GAAGAATGTTCTCCAC-1,Neuron 1
GAAGAATTCGGTCTGG-1,Muscle 1
GAAGCCCAGAGCTTTC-1,Stem D
GAAGCCCAGCTCCGAC-1,Neuron 1
GAAGCCCAGTACTGGG-1,Muscle 2
GAAGCCCCATCCTAAG-1,Neuron 4
GAAGCCCGTTAAGAAC-1,Muscle 1
GAAGCCCGTTCCCACT-1,Neuron 4
GAAGCCCGTTCGCGTG-1,Muscle 2
GAAGCCCTCACCGACG-1,Parenchyma 1
GAAGCCCTCGCACGGT-1,Stem C
GAAGCCCTCTAATTCC-1,Stem A
GAAGCGACACCCGTAG-1,Muscle 2
GAAGCGAGTCAGTCGC-1,Neuron 4
GAAGCGATCGTGCACG-1,Neuron 4
GAAGGACCAGACCTGC-1,Stem C
GAAGGACCATTCGATG-1,Muscle 1
GAAGGACCATTGAGCT-1,Stem A
GAAGGACGTATCGAGG-1,Neuron 3
GAAGGGTGTACGTAGG-1,Muscle 1
GAAGGGTGTGCTGATT-1,Muscle 2
GAAGGGTGTTCTGACA-1,Stem D
GAAGGGTGTTTAGTCG-1,Stem F
GAAGGGTTCTTACGGA-1,Stem B
GAAGTAACACATGAAA-1,Muscle 1
GAAGTAAGTAAGATAC-1,Neuron 4
GAAGTAATCTCTCGCA-1,Stem C
GAAGTAATCTTCTTCC-1,Stem A
GAATAGACAACCCGCA-1,Protonephridia
GAATAGACAAGTGGAC-1,Stem D
GAATCACAGCACTCGC-1,Stem B
GAATCACAGCCATTCA-1,Stem D
GAATCACAGTCAATCC-1,Stem B
GAATCACCATCTTCGC-1,Stem F
GAATCACGTAAGGTCG-1,Neuron 1
GAATCACGTTAACAGA-1,Stem A
GAATCACTCAACTGAC-1,Stem F
GAATCACTCCGCGAGT-1,Neuron 1
GAATCGTCACGCTGCA-1,Neuron 1
GAATCGTGTGAATAAC-1,Neuron 2
GAATCGTTCCACAGGC-1,Muscle 1
GAATCGTTCTCCGAGG-1,Stem A
GACACGCAGCAGGCTA-1,Neuron 4
GACACGCAGCGGGTAT-1,Stem D
GACACGCAGGTTCCGC-1,Stem B
GACACGCAGTAGGCCA-1,Stem B
GACACGCCACGTCATA-1,Stem A
GACACGCGTACACGTT-1,Muscle 2
GACACGCGTAGCTTTG-1,Stem E
GACACGCGTCCCGCAA-1,Neuron 3
GACACGCTCTGTCCGT-1,Muscle 1
GACAGCCAGTAACGAT-1,Stem B
GACAGCCAGTGCAGCA-1,Stem B
GACAGCCCACTGTGTA-1,Stem F
GACAGCCCAGGATCTT-1,Stem E
GACAGCCGTAGATCCT-1,Neuron 1
GACAGCCGTCTTCTAT-1,Neuron 4
GACATCAAGATGTTGA-1,Stem D
GACATCAAGCCAAGGT-1,Neuron 1
GACATCAGTACTGACT-1,Neuron 1
GACATCAGTCCAGCGT-1,Stem B
GACATCAGTCTACGTA-1,Stem A
GACATCATCGTGAGAG-1,Stem F
GACCAATCATGTTCGA-1,Stem B
GACCAATGTGAGAACC-1,Stem A
GACCAATGTTCAGCTA-1,Neuron 5
GACCCAGAGAGAGGGC-1,Muscle 1
GACCCAGCAAGATGGC-1,Protonephridia
GACCCAGTCAGGACAG-1,Stem D
GACCCAGTCGCTGCGA-1,Stem F
GACCCTTAGTCACAGG-1,Stem B
GACCCTTCAAGCTGTT-1,Stem D
GACCCTTCATGAATCC-1,Parenchyma 2
GACCCTTTCAGAGCAG-1,Parenchyma 1
GACCGTGCAAGCGAAC-1,Neuron 5
GACCGTGGTACTCGCG-1,Muscle 2
GACCGTGGTGGAACAC-1,Neuron 5
GACCGTGTCACGGAGA-1,Tegument
GACCTTCAGAGCCGAT-1,Muscle 2
GACCTTCAGATTGTGA-1,Tegument
GACCTTCAGGTTCCAT-1,Neuron 1
GACCTTCAGTAGTGCG-1,Stem B
GACCTTCCAACGGTAG-1,Stem B
GACCTTCCATCTCCCA-1,Stem C
GACCTTCGTTGCTCCT-1,Stem F
GACCTTCGTTGGGAAC-1,Stem A
GACCTTCTCACGATAC-1,Stem E
GACCTTCTCCCATAGA-1,Neuron 1
GACGCTGAGAGTGGCT-1,Stem A
GACGCTGAGCCGATTT-1,Muscle 2
GACGCTGAGGGAGGCA-1,Stem C
GACGCTGCAGCGACCT-1,Neuron 4
GACGCTGCAGCGTTGC-1,Neuron 1
GACGCTGGTTCTTGTT-1,Neuron 1
GACGCTGTCGCCAGAC-1,Stem D
GACGTTAGTCAGGAGT-1,Neuron 1
GACGTTAGTGACAACG-1,Stem B
GACTATGGTTCTGAGT-1,Stem E
GACTATGGTTGGCCTG-1,Neuron 4
GACTCAAAGTGATAAC-1,Neuron 1
GACTCAAGTCACCGCA-1,Stem C
GACTCAATCTCTGCTG-1,Stem C
GACTCTCAGAAACTAC-1,Neuron 2
GACTCTCAGCGCCTAC-1,Stem D
GACTCTCCAGCAGTGA-1,Stem B
GACTCTCGTGATTAGA-1,Stem G
GACTGATAGATGTTGA-1,Muscle 2
GACTGATCATTGGCAT-1,Neuron 4
GACTGATTCACTACTT-1,Stem B
GACTGATTCCGTGACG-1,Muscle 2
GACTGATTCGGCTTGG-1,Parenchyma 1
GACTGATTCTTTGCTA-1,Stem E
GACTTCCAGGAAAGTG-1,Neuron 1
GACTTCCAGTGTTCCA-1,Neuron 1
GAGAAATAGCAAATCA-1,Stem F
GAGAAATAGTCCGCCA-1,Tegument
GAGAAATAGTTGTACC-1,Neuron 4
GAGAAATGTTATGGTC-1,Stem C
GAGAAATTCCGGACGT-1,Stem D
GAGACCCAGGATTACA-1,Muscle 1
GAGACCCCAGCGTGAA-1,Muscle 1
GAGACCCGTGAGTTGG-1,Neuron 1
GAGACCCGTGTCTCCT-1,Stem B
GAGACCCGTTAAGGAT-1,Stem E
GAGACCCTCAGATGCT-1,Stem C
GAGACCCTCCTGGCTT-1,Stem D
GAGACTTAGAGCCCAA-1,Muscle 1
GAGACTTTCACGAACT-1,Neuron 1
GAGACTTTCGCTTGAA-1,Stem D
GAGACTTTCTATCGGA-1,Stem A
GAGAGGTAGCATCCCG-1,Stem D
GAGAGGTCAAGATGTA-1,Neuron 1
GAGAGGTTCATCACAG-1,Stem B
GAGAGGTTCTCCTACG-1,Muscle 2
GAGATGGAGAATCCCT-1,Stem A
GAGATGGTCCGGCAAC-1,Stem C
GAGCCTGAGAGAGCCT-1,Neuron 1
GAGCCTGAGGAATCGC-1,Parenchyma 2
GAGCCTGCAAGGAGTC-1,Stem D
GAGCTGCCACGTTGGC-1,Neuron 2
GAGCTGCGTGCTAGCC-1,Stem C
GAGCTGCGTTGGAGAC-1,Stem A
GAGCTGCGTTTCGCTC-1,Stem E
GAGGCAAAGTTGCTCA-1,Stem D
GAGGCAAGTGTGTGTT-1,Stem C
GAGGCAATCAAAGACA-1,Neuron 1
GAGGCAATCGGTCGGT-1,Muscle 2
GAGGCCTAGTACAGAT-1,Neuron 1
GAGGCCTAGTGGAATT-1,Stem E
GAGGCCTCAAGCACCC-1,Neuron 4
GAGGCCTCATCCGAAT-1,Muscle 1
GAGGGATAGACTTGTC-1,Stem E
GAGGGATCACGATAGG-1,Stem B
GAGGGATGTTGCGAAG-1,Stem D
GAGGGATTCATGTCAG-1,Parenchyma 2
GAGGGATTCCTTACCG-1,Muscle 2
GAGGGTAAGTGCACCC-1,Neuron 1
GAGGGTAGTGTCACAT-1,Stem A
GAGGGTAGTTCCAAAC-1,Muscle 2
GAGGGTATCCACCTGT-1,Muscle 2
GAGGGTATCTACTCAT-1,Muscle 1
GAGTCATCACTCATAG-1,Stem C
GAGTCATGTAACCCGC-1,Stem A
GAGTCATTCGCGTGCA-1,Stem B
GAGTCATTCGTTACCC-1,Muscle 2
GAGTCATTCTGGCTGG-1,Stem D
GAGTCTAAGACTTCAC-1,Neuron 3
GAGTCTACATGGGTTT-1,Stem D
GAGTCTATCCTTCAGC-1,Neuron 1
GAGTCTATCTTGCGCT-1,Muscle 1
GAGTGAGAGCTCAGAG-1,Muscle 2
GAGTGAGCAAGCACAG-1,Muscle 1
GAGTGTTAGACTCGAG-1,Parenchyma 1
GAGTGTTCACCAGTAT-1,Stem D
GAGTGTTCATCGATCA-1,Stem E
GAGTGTTTCTATCGGA-1,Muscle 1
GAGTTACAGGAGGTTC-1,Muscle 2
GAGTTACCATAGAAAC-1,Neuron 3
GAGTTGTAGCAGGGAG-1,Neuron 2
GAGTTGTAGCCGATTT-1,Stem C
GAGTTGTCATACCATG-1,Stem B
GAGTTGTGTAGCGATG-1,Stem C
GAGTTGTTCTTCGTGC-1,Neuron 5
GAGTTTGAGCAACAAT-1,Stem E
GAGTTTGCAGACACCC-1,Stem C
GATAGAAAGCACAAAT-1,Stem A
GATAGAACACTGTGTA-1,Stem B
GATAGAACATGGCCAC-1,Neuron 4
GATAGAAGTACACGTT-1,Stem F
GATAGAATCCACTTTA-1,Neuron 4
GATAGCTAGAAGGATG-1,Muscle 1
GATAGCTCATGAGATA-1,Stem C
GATAGCTGTGGTGATG-1,Stem B
GATAGCTTCCGATGCG-1,Stem D
GATAGCTTCTTTCCAA-1,Neuron 4
GATCACAAGCACGGAT-1,Muscle 2
GATCACAGTCTAGGTT-1,Neuron 1
GATCACATCGTAGAGG-1,Stem C
GATCAGTAGCTCCGAC-1,Stem D
GATCAGTAGCTCGACC-1,Stem B
GATCAGTCACCAGTTA-1,Stem D
GATCAGTCACGCGGTT-1,Neuron 5
GATCAGTGTTTGTTCT-1,Neuron 4
GATCAGTTCTCTCTTC-1,Stem A
GATCATGAGGCTGAAC-1,Parenchyma 1
GATCATGCAGGCATGA-1,Stem D
GATCCCTAGACAGCTG-1,Stem D
GATCCCTCACTTTATC-1,Neuron 4
GATCCCTTCCCGAGAC-1,Muscle 2
GATCCCTTCCTTCACG-1,Muscle 2
GATCGTAAGAGTGAAG-1,Stem B
GATCGTAGTACCCAGC-1,Stem D
GATCGTATCATTACTC-1,Stem F
GATGACTAGGGTAATT-1,Muscle 1
GATGACTCATATCGGT-1,Stem A
GATGACTGTAGCGAGT-1,Stem D
GATGACTTCCACAGCG-1,Parenchyma 1
GATGAGGCAGGTACGA-1,Stem A
GATGAGGCATTATGCG-1,Neuron 4
GATGAGGTCACCTACC-1,Muscle 1
GATGAGGTCTCGAACA-1,Stem B
GATGATCGTAGCTAAA-1,Neuron 1
GATGATCTCCCTCGAT-1,Muscle 2
GATGATCTCCTGGGAC-1,Stem D
GATGATCTCGCCATAA-1,Stem E
GATGCTAAGATTGAGT-1,Neuron 4
GATGCTACACGTAACT-1,Stem F
GATGCTATCATAGAGA-1,Stem E
GATGGAGGTCGTCATA-1,Parenchyma 1
GATGGAGTCAGCTGAT-1,Neuron 1
GATGTTGAGGAATTAC-1,Muscle 1
GATGTTGCAAGAGTTA-1,Muscle 2
GATGTTGGTATCGTTG-1,Muscle 2
GATTCGAAGAGGCGGA-1,Protonephridia
GATTCGAAGGGTTAGC-1,Stem D
GATTCGACATGTACGT-1,Muscle 1
GATTCGATCACTGTCC-1,Stem G
GATTCGATCAGAGTTC-1,Stem F
GATTCTTAGAGCCGAT-1,Muscle 2
GATTCTTGTATGAGAT-1,Stem D
GATTCTTTCCTTACCG-1,Muscle 2
GATTCTTTCTTCTGGC-1,Stem D
GATTGGTAGCATCCTA-1,Neuron 4
GATTGGTCAGAGTCAG-1,Muscle 1
GATTTCTCACATTCTT-1,Stem F
GATTTCTCATGTTCGA-1,Stem C
GATTTCTTCGGCTTGG-1,Neuron 5
GCAACATAGACTTCCA-1,Stem C
GCAACATAGCTCCCTT-1,Neuron 1
GCAACATCACCCTGTT-1,Stem A
GCAACATTCCACCCTA-1,Muscle 1
GCAACCGAGCCTTCTC-1,Stem A
GCAACCGCAATTGAAG-1,Stem A
GCAACCGCACGCGCTA-1,Stem A
GCAACCGGTACGTGAG-1,Neuron 4
GCAACCGGTATCCCAA-1,Neuron 1
GCAACCGGTATTCTCT-1,Tegument
GCAACCGTCGTCTACC-1,Stem D
GCACATACAAGACCGA-1,Tegument
GCACATATCAAACTGC-1,Neuron 4
GCACATATCAAGGAGC-1,Stem D
GCACATATCCACCCTA-1,Stem D
GCACATATCTGGCCGA-1,Muscle 2
GCACGGTTCCCAGGCA-1,Stem D
GCACGTGAGCAGGCTA-1,Muscle 1
GCACGTGAGGGTGAAA-1,Neuron 1
GCACGTGAGTAAGGGA-1,Neuron 2
GCACGTGCAGGTTTAC-1,Stem B
GCACGTGGTTCAACGT-1,Tegument
GCACTAAAGGCCCACT-1,Neuron 1
GCACTAACAACTTGGT-1,Stem D
GCACTAACATTGACTG-1,Neuron 1
GCAGCCAAGAGTAACT-1,Muscle 2
GCAGCCAAGGTGCTGA-1,Tegument
GCAGCCACAAGTTTGC-1,Stem D
GCAGCCACATCAACCA-1,Stem D
GCAGCCAGTTTGGCTA-1,Stem C
GCAGCCATCATCGACA-1,Stem D
GCAGCCATCGGTCGAC-1,Tegument
GCAGCTGAGATGGGCT-1,Stem F
GCAGCTGGTTTCGTGA-1,Muscle 2
GCAGCTGTCACGGGCT-1,Neuron 1
GCAGCTGTCATCCCGT-1,Muscle 2
GCAGCTGTCCTCTTTC-1,Stem D
GCAGGCTAGTCCCGGT-1,Neuron 1
GCAGTTACACGGGTAA-1,Neuron 1
GCAGTTACATTGGATC-1,Muscle 1
GCATCGGAGACGTCCC-1,Neuron 4
GCATCGGAGGGCCTCT-1,Stem D
GCATCGGCATGCGTGC-1,Stem C
GCATCGGGTCCGATCG-1,Neuron 2
GCATCGGTCCAAGAGG-1,Muscle 1
GCATCGGTCTTTCTAG-1,Neuron 2
GCATCTCAGCAGGTCA-1,Muscle 1
GCATCTCCATTGACCA-1,Stem C
GCATCTCGTTCGTGCG-1,Stem B
GCATCTCGTTCTCTAT-1,Stem F
GCATGATCACGACCTG-1,Stem A
GCATGATCACGTTCGG-1,Neuron 2
GCATGATCAGCCTTCT-1,Stem E
GCATGATGTGGCCACT-1,Muscle 2
GCATGATGTTACCCAA-1,Stem E
GCATTAGAGGACGCAT-1,Muscle 2
GCATTAGCAAAGACGC-1,Neuron 3
GCATTAGCACCCTGTT-1,Stem A
GCATTAGGTCCTTGTC-1,Muscle 2
GCATTAGGTCTCTCAC-1,Stem C
GCATTAGTCCAGTGCG-1,Neuron 1
GCATTAGTCCTATTGT-1,Stem E
GCATTAGTCTCCTGAC-1,Neuron 1
GCCAACGAGCTCAGAG-1,Stem B
GCCAACGTCATCTCTA-1,Muscle 1
GCCAACGTCGCAGATT-1,Muscle 2
GCCAGCAAGGGTTAGC-1,Neuron 1
GCCAGCACAATAAGGT-1,Muscle 1
GCCAGCACACACCGAC-1,Neuron 1
GCCAGCACAGATTCGT-1,Stem C
GCCAGCAGTAGATTGA-1,Neuron 1
GCCAGCAGTTTGGAGG-1,Stem B
GCCAGCATCAGGACAG-1,Neuron 1
GCCAGGTGTATGAGCG-1,Neuron 1
GCCAGTGGTTCTCAGA-1,Muscle 2
GCCATGGAGGCTTTCA-1,Neuron 2
GCCATGGCAGGCAATG-1,Stem A
GCCATGGGTATACCCA-1,Stem D
GCCATGGGTCTATGAC-1,Stem A
GCCATGGTCCATAGGT-1,Neuron 2
GCCATGGTCGACCATA-1,Neuron 4
GCCATTCCACTTGGGC-1,Stem E
GCCATTCGTGCATTTG-1,Stem B
GCCATTCTCCGAAATC-1,Stem C
GCCATTCTCGGTTAGT-1,Protonephridia
GCCCAGAAGGGCGAGA-1,Neuron 2
GCCCAGAAGTAGACAT-1,Stem D
GCCCGAAAGCAATAGT-1,Parenchyma 1
GCCCGAAAGGCTATCT-1,Stem D
GCCCGAACAACATCGT-1,Neuron 4
GCCCGAAGTCCAAGAG-1,Neuron 1
GCCCGAATCGCCAGTG-1,Neuron 1
GCCGATGAGATGGTCG-1,Stem D
GCCGATGGTCTACACA-1,Stem B
GCCGATGTCGTGCTCT-1,Neuron 5
GCCGTGACAAACAGGC-1,Stem A
GCCGTGACAACTAGAA-1,Stem D
GCCGTGATCGAGGCAA-1,Neuron 4
GCCTGTTAGGATTTCC-1,Stem G
GCCTGTTAGGCTCTCG-1,Protonephridia
GCCTGTTGTGTAGTGG-1,Stem A
GCGAGAAAGACTTGTC-1,Stem A
GCGAGAAGTTGCCATA-1,Muscle 1
GCGATCGAGGCTAACG-1,Stem A
GCGGAAAAGGCCTAAG-1,Muscle 2
GCGGAAAGTCCTACGG-1,Muscle 1
GCGGATCAGGGCATGT-1,Muscle 2
GCGGATCAGTGATTCC-1,Stem B
GCGGATCAGTTGTAAG-1,Stem E
GCGGATCCACGGTAGA-1,Stem C
GCGGATCCAGCTGTAT-1,Stem A
GCGGATCGTTCTTAGG-1,Stem C
GCGGATCGTTTGAACC-1,Stem A
GCGTGCAAGTTCAACC-1,Stem D
GCGTGCACAACCGCTG-1,Neuron 4
GCGTGCACACTTGTCC-1,Stem C
GCGTGCACATTAAGCC-1,Stem E
GCGTGCATCATTTACC-1,Stem E
GCGTGCATCGCGTGAC-1,Neuron 1
GCGTTTCAGCCGCTTG-1,Neuron 5
GCGTTTCGTATTCCGA-1,Stem D
GCGTTTCGTCTCGACG-1,Stem C
GCTACAAAGATGGCGT-1,Muscle 2
GCTACAAAGTGCCAGA-1,Stem B
GCTACAACACATTACG-1,Protonephridia
GCTACAAGTAGTTCCA-1,Parenchyma 1
GCTACAAGTATCACCA-1,Muscle 1
GCTACAAGTCTTGAAC-1,Neuron 1
GCTACCTAGACGGAAA-1,Stem A
GCTACCTCACACCTTC-1,Stem C
GCTACCTCAGGCACTC-1,Neuron 2
GCTACCTCATGCCGGT-1,Muscle 1
GCTACCTGTATTCCGA-1,Stem A
GCTACCTTCAGCCCAG-1,Stem D
GCTACCTTCCTCACCA-1,Parenchyma 1
GCTCAAAAGAACAAGG-1,Stem F
GCTGAATAGCCAGACA-1,Stem B
GCTGAATAGTGAGTGC-1,Stem A
GCTGAATTCACTTGTT-1,Neuron 4
GCTGAATTCGCAGATT-1,Neuron 1
GCTGCAGAGAAGATCT-1,Stem B
GCTGCAGCATCTGTTT-1,Muscle 2
GCTGCAGCATGGAACG-1,Muscle 2
GCTGCAGGTAGGTGCA-1,Stem C
GCTGCAGGTTGTAAAG-1,Muscle 2
GCTGCAGTCTTGCAAG-1,Stem C
GCTGGGTAGATAACGT-1,Stem D
GCTGGGTAGTGGTCAG-1,Stem A
GCTGGGTTCTAGAGCT-1,Stem C
GCTTCACCACTGAGTT-1,Neuron 4
GCTTCACGTGAGGCAT-1,Neuron 1
GCTTCACGTGGCGCTT-1,Neuron 4
GCTTCACTCTCTAGGA-1,Tegument
GCTTGGGGTTAGAGTA-1,Muscle 2
GCTTTCGAGGTCGTGA-1,Parenchyma 1
GGAACCCTCATTTGGG-1,Neuron 4
GGAAGTGCACTCACTC-1,Neuron 1
GGAAGTGTCTCAGGCG-1,Stem C
GGAATCTAGACACACG-1,Stem D
GGAATCTAGTCTCGTA-1,Neuron 5
GGAATCTGTAGGCTCC-1,Stem D
GGAATCTGTTTGACAC-1,Muscle 1
GGAATGGAGGAAAGTG-1,Neuron 1
GGAATGGCAAATGAAC-1,Neuron 4
GGAATGGCAATCTCTT-1,Stem B
GGAATGGCATAATCGC-1,Stem B
GGAATGGGTCAGACGA-1,Parenchyma 2
GGAATGGGTCTGTTAG-1,Stem D
GGAATGGGTTCCAGGC-1,Stem B
GGACGTCAGATGCGAC-1,Muscle 2
GGACGTCAGCCTGCCA-1,Tegument
GGACGTCAGGTCATCT-1,Neuron 4
GGACGTCTCGGTAGGA-1,Muscle 1
GGAGAACAGCCTGAGA-1,Parenchyma 1
GGAGAACAGCTACTGT-1,Neuron 4
GGAGAACGTGACCGTC-1,Muscle 1
GGAGAACTCCAGCACG-1,Neuron 2
GGAGAACTCTCTTGCG-1,Muscle 1
GGAGATGAGATGGCAC-1,Neuron 5
GGAGATGCATACTGAC-1,Stem B
GGAGATGGTGTCATTG-1,Neuron 1
GGAGATGTCCATCACC-1,Stem C
GGAGCAAAGTGGTCAG-1,Stem C
GGAGCAAAGTTGTCAC-1,Neuron 2
GGAGCAACAAGGACAC-1,Muscle 2
GGAGCAACACCCTAAA-1,Stem F
GGAGCAAGTCATCCGG-1,Stem C
GGAGCAAGTGAAGCGT-1,Muscle 1
GGAGCAATCGTCACCT-1,Stem D
GGAGGATCAACAAAGT-1,Stem A
GGAGGATGTCAACCAT-1,Stem A
GGAGGATTCCCGTAAA-1,Neuron 4
GGAGGTAGTAGAGACC-1,Neuron 4
GGAGGTAGTCAGGAGT-1,Stem A
GGATCTAAGCGATGGT-1,Stem E
GGATCTACATCTTAGG-1,Stem A
GGATGTTAGCCAAGGT-1,Muscle 2
GGATGTTAGTGTACAA-1,Stem B
GGATGTTCAGTCCGTG-1,Muscle 2
GGATGTTTCATCACCC-1,Muscle 2
GGATGTTTCCGAGTGC-1,Muscle 1
GGATGTTTCTGGGAGA-1,Stem B
GGCACGTTCATCGCAA-1,Neuron 1
GGCACGTTCATCGCCT-1,Stem D
GGCACGTTCCATCGTC-1,Neuron 1
GGCAGTCAGCCATGCC-1,Stem C
GGCAGTCAGGTAAAGG-1,Tegument
GGCAGTCCACCTGCTT-1,Neuron 4
GGCAGTCCACGTAGAG-1,Stem D
GGCAGTCTCCACTTTA-1,Neuron 4
GGCAGTCTCCGATCTC-1,Neuron 5
GGCGTCAAGATGGCAC-1,Tegument
GGCGTCACAAGAAATC-1,Stem D
GGCGTCAGTTACACAC-1,Parenchyma 1
GGCTGTGAGACGCTCC-1,Neuron 5
GGCTGTGCAAGGAGTC-1,Stem C
GGCTGTGCATGTCAGT-1,Tegument
GGCTGTGGTCGTCTCT-1,Neuron 1
GGCTGTGTCAGAGTGG-1,Stem B
GGCTGTGTCATTCCTA-1,Stem A
GGCTTGGCACATATCG-1,Stem A
GGCTTGGCAGGGAGAG-1,Stem C
GGCTTGGGTACGGCAA-1,Stem D
GGCTTGGGTTACCCTC-1,Stem B
GGCTTTCAGAAGGATG-1,Stem A
GGCTTTCGTCCACAGC-1,Muscle 2
GGCTTTCGTCTCCTGT-1,Muscle 1
GGCTTTCTCAACGTGT-1,Neuron 1
GGCTTTCTCTGCATGA-1,Neuron 1
GGGAAGTAGGCACTCC-1,Stem D
GGGAAGTAGTCATACC-1,Stem D
GGGAAGTAGTTAGTGA-1,Stem D
GGGAAGTGTATTGAGA-1,Neuron 4
GGGAAGTGTCCACTTC-1,Stem D
GGGAAGTGTCTACAAC-1,Stem A
GGGACAACAGCTGTAT-1,Muscle 2
GGGACAAGTACGACAG-1,Neuron 1
GGGACAAGTCTGTGCG-1,Stem C
GGGACCTGTACCCGCA-1,Neuron 4
GGGACCTGTTTAGACC-1,Muscle 2
GGGACTCCACTGATTG-1,Muscle 1
GGGACTCCACTTTAGG-1,Muscle 2
GGGACTCCAGAACTCT-1,Stem A
GGGACTCGTGCAGTGA-1,Neuron 4
GGGACTCTCACCACAA-1,Stem B
GGGACTCTCCCTCGAT-1,Neuron 5
GGGAGATCACCATTCC-1,Stem D
GGGAGTAAGGTGCCTC-1,Stem E
GGGAGTAAGTAGCATA-1,Stem D
GGGAGTACAATCGCCG-1,Stem D
GGGAGTAGTTTCTTAC-1,Muscle 1
GGGAGTATCCCATTTA-1,Neuron 1
GGGATCCGTAAGTCAA-1,Stem D
GGGATCCGTTCCTAAG-1,Neuron 1
GGGATCCTCTGAGAGG-1,Stem D
GGGATGACAATACGCT-1,Stem D
GGGATGACACGTCGTG-1,Stem C
GGGATGAGTGGCCCAT-1,Stem E
GGGATGAGTTCATCTT-1,Stem A
GGGATGATCATTCGTT-1,Stem B
GGGATGATCTTACGGA-1,Stem B
GGGCCATAGCATCCCG-1,Stem D
GGGCCATCAGAAGCGT-1,Neuron 4
GGGCCATCAGCGTTGC-1,Muscle 2
GGGCCATTCTTCCGTG-1,Stem D
GGGCGTTAGTCGAAAT-1,Stem D
GGGCGTTCACGACGTC-1,Neuron 1
GGGCGTTCATAATCCG-1,Neuron 2
GGGCGTTGTATAGGGC-1,Stem B
GGGCGTTGTCAAGCGA-1,Stem A
GGGCGTTGTTATCCAG-1,Stem B
GGGCGTTTCAATGTCG-1,Stem D
GGGCGTTTCAGAGTGG-1,Stem C
GGGCTACCAAACTCTG-1,Stem F
GGGCTACCAGGAACCA-1,Muscle 2
GGGCTACCAGTAGTTC-1,Stem D
GGGCTCACAAGAGATT-1,Stem D
GGGCTCACACACACTA-1,Stem F
GGGCTCACATTGACTG-1,Stem A
GGGCTCAGTAGCACAG-1,Neuron 4
GGGCTCAGTAGGACTG-1,Neuron 1
GGGTAGATCCGGACTG-1,Stem E
GGGTATTAGAACCCGA-1,Stem A
GGGTATTCATAGGTAA-1,Neuron 4
GGGTATTGTGCACGCT-1,Stem C
GGGTATTTCAGAATAG-1,Stem C
GGGTATTTCTCATAGG-1,Stem C
GGGTCACAGGCATGGT-1,Neuron 4
GGGTCACGTCCGTACG-1,Parenchyma 1
GGGTCACTCACTACGA-1,Muscle 2
GGGTCACTCCACACAA-1,Stem B
GGGTCTGAGCAAATGT-1,Muscle 2
GGGTCTGCAATTCTCT-1,Stem C
GGGTCTGGTCGCTGCA-1,Stem D
GGGTCTGGTTACCCAA-1,Stem B
GGGTGAAAGCTGCGAA-1,Muscle 1
GGGTGAATCCAAGCTA-1,Stem D
GGGTGAATCTGTAAGC-1,Stem B
GGGTGAATCTTCACAT-1,Stem D
GGGTGTCCATCCGGTG-1,Muscle 2
GGGTGTCCATTCCTAT-1,Stem B
GGGTGTCGTAACCAGG-1,Stem B
GGGTGTCTCAGGAAAT-1,Stem B
GGGTTATGTTCAGCTA-1,Stem C
GGGTTTAAGGGTCACA-1,Stem B
GGGTTTATCGGAATGG-1,Muscle 2
GGTAACTCACAGCTTA-1,Stem B
GGTAACTCAGTCGGAA-1,Stem C
GGTAACTCATCCGTTC-1,Stem C
GGTAACTGTTCTCCCA-1,Protonephridia
GGTAATCCAAGCCATT-1,Stem D
GGTAATCCAATAGAGT-1,Neuron 1
GGTAATCCACACCTGG-1,Stem C
GGTAATCGTTGGCTAT-1,Stem A
GGTAATCTCATTTACC-1,Stem D
GGTAGAGAGATTAGTG-1,Neuron 1
GGTAGAGCACCGTCTT-1,Stem C
GGTAGAGCATGGGCAA-1,Stem B
GGTCACGAGTGATCGG-1,Stem C
GGTCACGCAAAGAACT-1,Stem A
GGTCACGCAAGTGACG-1,Tegument
GGTCACGTCTTCCCGA-1,Stem B
GGTCTGGAGGGCTGAT-1,Parenchyma 1
GGTCTGGGTGTCGCTG-1,Stem D
GGTCTGGTCACGAGGA-1,Stem C
GGTGAAGCAAAGAGTT-1,Stem B
GGTGAAGGTGTTAACC-1,Stem B
GGTGAAGTCGGAAGGT-1,Stem D
GGTGATTAGAGTCAGC-1,Stem B
GGTGGCTAGACTACCT-1,Muscle 1
GGTGGCTCAAACCGGA-1,Neuron 4
GGTGGCTCAAAGGAGA-1,Muscle 2
GGTGGCTGTTCGGTCG-1,Muscle 2
GGTGGCTTCAATCCGA-1,Stem E
GGTGGCTTCATAGGCT-1,Neuron 5
GGTGGCTTCGATCCAA-1,Neuron 4
GGTGTCGTCTAACGCA-1,Protonephridia
GGTGTTACAGACAATA-1,Stem C
GGTGTTAGTGATGAAT-1,Neuron 1
GGTGTTAGTTGCACGC-1,Muscle 2
GGTTAACAGGTCGACA-1,Stem A
GGTTAACCAGCAGAAC-1,Neuron 1
GGTTCTCAGATAACAC-1,Stem A
GGTTCTCAGCGCATCC-1,Muscle 1
GGTTCTCAGTGAGGTC-1,Parenchyma 1
GGTTCTCGTACCTATG-1,Stem A
GGTTCTCGTAGATTAG-1,Neuron 4
GGTTGTAGTGATACAA-1,Parenchyma 1
GGTTGTATCATGAGGG-1,Stem C
GGTTGTATCATGCCAA-1,Muscle 1
GTAACACCAACGGCTC-1,Neuron 3
GTAACACGTGAGATTA-1,Stem D
GTAACCACACGGTGCT-1,Neuron 4
GTAACCACACTATGTG-1,Stem D
GTAACCACATGTCAGT-1,Stem D
GTAACCAGTATACCTG-1,Neuron 4
GTAAGTCCACGTTCGG-1,Stem D
GTAAGTCGTCTCGGGT-1,Stem B
GTAAGTCGTCTTTCTA-1,Stem D
GTAATCGAGCGATCGA-1,Stem B
GTAATCGAGGATTACA-1,Muscle 2
GTAATCGCAGAGATGC-1,Stem D
GTAATCGCAGGCCTGT-1,Neuron 4
GTAATCGGTATGCTTG-1,Muscle 2
GTAATCGGTGCTGATT-1,Stem B
GTAATGCCACATAGCT-1,Neuron 2
GTAATGCGTCGAAGCA-1,Stem C
GTAATGCTCAGACCCG-1,Neuron 1
GTACAACTCTCACGAA-1,Stem F
GTAGAAACACGTCATA-1,Muscle 1
GTAGAAATCGCAATGT-1,Neuron 4
GTAGAAATCTCAGTCC-1,Stem C
GTAGAGGAGCCTGCCA-1,Muscle 2
GTAGAGGGTAGATTGA-1,Stem E
GTAGAGGGTCAGCTTA-1,Neuron 2
GTAGAGGTCCCGAAAT-1,Stem D
GTAGATCAGGCCTAAG-1,Neuron 1
GTAGATCCAAGGGTCA-1,Stem D
GTAGATCCACATGGTT-1,Stem D
GTAGATCCAGCAGTAG-1,Stem C
GTAGATCGTAGTCACT-1,Neuron 1
GTAGATCTCTGGGAGA-1,Stem A
GTAGCTAAGATGAACT-1,Neuron 4
GTAGCTAAGATTTGCC-1,Muscle 1
GTAGCTAAGCACGATG-1,Stem D
GTAGCTACACGTAACT-1,Stem D
GTAGCTATCGCCTAGG-1,Neuron 2
GTAGGAGGTCAAGGCA-1,Stem E
GTAGGAGGTGCGGTAA-1,Stem F
GTAGGAGGTGTCCACG-1,Stem D
GTAGGAGGTTCCTACC-1,Stem C
GTAGGAGTCACTTTGT-1,Tegument
GTAGGAGTCGAATGCT-1,Neuron 4
GTAGGAGTCGGTCACG-1,Stem B
GTAGGTTAGTGGCCTC-1,Muscle 1
GTAGGTTCACAAGGTG-1,Stem B
GTAGGTTTCAGCAGAG-1,Stem C
GTAGTACAGAGGTCAC-1,Neuron 4
GTAGTACAGCACCCAC-1,Neuron 1
GTAGTACCAGGGACTA-1,Stem B
GTAGTACCAGGTTTAC-1,Stem B
GTAGTACTCATTGCGA-1,Stem A
GTATTGGCATCGGTTA-1,Neuron 1
GTATTGGGTCACTTAG-1,Stem E
GTATTGGGTCATACCA-1,Parenchyma 2
GTATTGGTCAACACCA-1,Stem E
GTATTTCCATAATGCC-1,Stem D
GTATTTCTCGAGAAGC-1,Stem D
GTCAAACCAAAGGCTG-1,Stem B
GTCAAACCAACCGATT-1,Neuron 1
GTCAAGTAGAGAGCCT-1,Neuron 1
GTCAAGTAGCGTGAAC-1,Muscle 2
GTCAAGTAGTTGGCGA-1,Parenchyma 1
GTCAAGTCAACGAGGT-1,Neuron 4
GTCACGGGTCCGAAGA-1,Stem B
GTCACGGGTTTGTTCT-1,Neuron 1
GTCACTCGTTCCACGG-1,Muscle 1
GTCACTCGTTGCATGT-1,Stem E
GTCACTCTCAACGAGG-1,Muscle 1
GTCACTCTCTCGCTCA-1,Stem C
GTCAGCGCAGAGCTAG-1,Muscle 1
GTCAGCGCAGTATGAA-1,Stem B
GTCAGCGGTGCGAGTA-1,Stem D
GTCAGCGGTGGCTGAA-1,Stem A
GTCATCCCAGGTTCCG-1,Muscle 1
GTCATCCGTGCCGAAA-1,Stem C
GTCATCCGTTGCTGAT-1,Stem A
GTCATCCTCGTAGCTA-1,Neuron 1
GTCATGAAGTTCGGTT-1,Muscle 1
GTCATGACATAATGAG-1,Neuron 1
GTCATGAGTTAGGGTG-1,Parenchyma 2
GTCATGATCCATTGGA-1,Stem A
GTCATTTCATGGGCAA-1,Stem D
GTCATTTTCAAGCCGC-1,Neuron 5
GTCATTTTCCAAGCAT-1,Stem D
GTCATTTTCTGATGGT-1,Muscle 2
GTCCACTAGCCAAGCA-1,Stem C
GTCCACTAGCCGAATG-1,Stem D
GTCCACTAGTGCCCGT-1,Muscle 2
GTCCACTCAAGGGCAT-1,Neuron 1
GTCCACTCAGCTTTGA-1,Neuron 4
GTCCACTGTAAGCTCT-1,Neuron 5
GTCCACTGTCAAAGCG-1,Stem E
GTCCACTGTGATACTC-1,Muscle 2
GTCCACTTCAAGCTTG-1,Neuron 3
GTCCACTTCAAGGCTT-1,Stem D
GTCCCATGTGGATTTC-1,Muscle 1
GTCCCATGTTCAAAGA-1,Stem B
GTCCCATGTTGACTAC-1,Muscle 2
GTCCTCAAGGTATTGA-1,Stem A
GTCCTCAGTACTCCCT-1,Stem A
GTCGAATTCGCCGATG-1,Stem A
GTCGCGAGTAGACAAT-1,Stem F
GTCGCGAGTATCTCTT-1,Stem E
GTCGCGAGTCCAAATC-1,Stem E
GTCGTAAAGCATGATA-1,Tegument
GTCGTAACAAGCGCTC-1,Muscle 2
GTCGTAAGTCAAAGCG-1,Stem C
GTCGTTCAGAGAGTTT-1,Muscle 1
GTCGTTCCACACCTGG-1,Stem D
GTCGTTCTCATTGCTT-1,Stem D
GTCGTTCTCGCCTCTA-1,Stem E
GTCTACCAGTGGGAAA-1,Muscle 2
GTCTACCGTGAAGCTG-1,Stem C
GTCTACCGTGGCAGAT-1,Stem B
GTCTACCGTTCAATCG-1,Parenchyma 2
GTCTAGACACGCGTCA-1,Stem B
GTCTAGACAGGTCCGT-1,Neuron 2
GTCTAGAGTCTCGGAC-1,Muscle 2
GTCTAGAGTGAGTAGC-1,Neuron 5
GTCTAGAGTGTCCGGT-1,Stem D
GTCTAGATCCACTTTA-1,Stem D
GTCTAGATCGCTAATG-1,Muscle 2
GTCTCACAGATGGTAT-1,Stem D
GTCTCACAGCGTGCTC-1,Stem B
GTCTCACAGGGTATAT-1,Neuron 1
GTCTCACAGTCGAGGT-1,Stem A
GTCTCACTCCGTTGAA-1,Neuron 5
GTCTCACTCTCGGGAC-1,Neuron 1
GTCTGTCCACAGTCAT-1,Stem A
GTCTGTCCAGTGGGTA-1,Neuron 1
GTCTGTCCATGACGAG-1,Stem B
GTGACGCGTTCGTGCG-1,Parenchyma 1
GTGACGCTCTACACAG-1,Neuron 1
GTGAGCCAGAGATCGC-1,Muscle 2
GTGAGCCAGCTCGCAC-1,Stem C
GTGAGCCCACTGTGTA-1,Neuron 4
GTGAGCCGTACTCGCG-1,Stem A
GTGAGCCGTGCGTCGT-1,Stem B
GTGAGGAAGGTAGATT-1,Neuron 4
GTGAGGAAGTAGTCTC-1,Stem D
GTGAGGAAGTATGAGT-1,Stem D
GTGAGGAAGTTCCGGC-1,Stem E
GTGAGGACAAACCATC-1,Stem A
GTGAGGACACAACGCC-1,Neuron 4
GTGAGGAGTGTTCATG-1,Stem A
GTGAGGAGTTCTCTAT-1,Stem F
GTGAGGATCAACCTTT-1,Muscle 1
GTGAGTTAGCACTCTA-1,Stem B
GTGAGTTAGCATCCCG-1,Stem B
GTGATGTAGCACACCC-1,Neuron 2
GTGATGTCATGCTGCG-1,Muscle 1
GTGATGTGTTTCCATT-1,Stem E
GTGCACGAGCGCCCAT-1,Stem E
GTGCACGAGCGCGTTC-1,Stem C
GTGCACGAGGACGCAT-1,Muscle 1
GTGCAGCAGATGTTAG-1,Neuron 4
GTGCAGCAGGGATGTC-1,Stem C
GTGCAGCAGGTTCCGC-1,Stem A
GTGCAGCCAAGCACAG-1,Stem B
GTGCAGCCATCCGTTC-1,Protonephridia
GTGCAGCGTTAGGCCC-1,Neuron 4
GTGCAGCGTTGTATGC-1,Neuron 4
GTGCAGCTCTCAAAGC-1,Neuron 2
GTGCGTGAGCCGCTTG-1,Stem C
GTGCGTGAGCTGCGAA-1,Stem F
GTGCGTGAGTCATCCA-1,Neuron 5
GTGCGTGTCATTACTC-1,Stem B
GTGCTGGCACACTTAG-1,Muscle 1
GTGCTGGGTGCGTCGT-1,Stem C
GTGCTGGGTGGTTTAC-1,Neuron 3
GTGCTGGTCCAGTTCC-1,Muscle 2
GTGCTTCTCCAAAGGG-1,Stem C
GTGGAAGAGCATGAAT-1,Stem B
GTGGAAGAGTCTCCTC-1,Muscle 1
GTGGAAGAGTTCATGC-1,Muscle 1
GTGGAGAAGCGCCTCA-1,Stem C
GTGGAGACACGACAGA-1,Stem B
GTGGCGTAGCCAGTAG-1,Parenchyma 1
GTGGCGTAGGAGCTGT-1,Stem A
GTGGCGTCAAGAGTAT-1,Stem B
GTGGCGTTCCGGACTG-1,Neuron 4
GTGGGAAAGTTAACGA-1,Stem A
GTGGGAAGTATGAGGC-1,Stem D
GTGGGAAGTGGCAGAT-1,Muscle 1
GTGGGAATCCGAACGC-1,Muscle 2
GTGGGAATCTGCGGAC-1,Stem D
GTGGTTACACAACGAG-1,Stem C
GTGTAACAGAAACCCG-1,Parenchyma 1
GTGTAACAGCTTGTGT-1,Stem B
GTGTCCTAGAAGCTCG-1,Stem C
GTGTCCTCAAATTAGG-1,Neuron 1
GTGTCCTGTTCGTTCC-1,Muscle 2
GTGTCCTTCCACAAGT-1,Stem D
GTGTCCTTCGTAGGAG-1,Stem D
GTGTGATCACTGTTCC-1,Stem D
GTGTGATCAGCAAGAC-1,Stem C
GTGTGATCAGTCTTCC-1,Neuron 4
GTGTGATGTACGGGAT-1,Stem B
GTGTGATGTCTCGGAC-1,Muscle 2
GTGTGATGTGTTAAAG-1,Stem D
GTGTGATGTGTTGATC-1,Muscle 1
GTGTGATTCTATCGGA-1,Parenchyma 1
GTGTGGCCATCCGTTC-1,Neuron 4
GTGTGGCGTCTCAAGT-1,Stem C
GTGTGGCTCAGCATTG-1,Neuron 2
GTGTTAGTCGCAGATT-1,Neuron 1
GTGTTCCAGCCTGACC-1,Neuron 4
GTGTTCCAGGTTCACT-1,Muscle 1
GTGTTCCAGTCACTAC-1,Neuron 5
GTGTTCCCACAGCGCT-1,Parenchyma 1
GTGTTCCCACCCATAA-1,Stem E
GTGTTCCGTCCTCCTA-1,Muscle 2
GTTACAGAGTGGACGT-1,Stem D
GTTACAGGTGAGCCAA-1,Muscle 2
GTTACAGGTTGCCAAT-1,Protonephridia
GTTACCCAGAGCTGAC-1,Stem D
GTTACCCCAGAAGTTA-1,Stem G
GTTACCCGTCCCTGTT-1,Stem D
GTTACCCGTGAGCGAT-1,Muscle 2
GTTACCCTCACAACCA-1,Muscle 1
GTTACCCTCCGCTGTT-1,Neuron 1
GTTACCCTCTGCTAGA-1,Muscle 2
GTTACGAAGTCCTGTA-1,Parenchyma 1
GTTACGATCATTGTGG-1,Neuron 1
GTTACGATCCATTTCA-1,Parenchyma 2
GTTACGATCGCACGGT-1,Neuron 1
GTTAGACAGGCTTCCG-1,Muscle 2
GTTAGACGTTTGGGAG-1,Neuron 4
GTTAGACTCCTATTTG-1,Neuron 4
GTTAGACTCCTCACCA-1,Stem C
GTTAGTGAGGTCACCC-1,Stem B
GTTAGTGCAGGATGAC-1,Stem A
GTTAGTGGTTCGGTTA-1,Neuron 1
GTTAGTGTCGCGGACT-1,Stem D
GTTATGGAGAATTGCA-1,Neuron 1
GTTATGGCACACCTGG-1,Neuron 1
GTTATGGGTACTGACT-1,Neuron 4
GTTATGGGTAGCACAG-1,Stem D
GTTATGGTCGTTATCT-1,Muscle 2
GTTCATTCAGCACGAA-1,Neuron 1
GTTCATTCATTACTCT-1,Parenchyma 1
GTTCATTTCCCTATTA-1,Stem C
GTTCCGTCAATCGCAT-1,Neuron 4
GTTCCGTGTGTCTAAC-1,Stem D
GTTCCGTTCTTGAGCA-1,Stem C
GTTCGCTCACTCTAGA-1,Stem D
GTTCGCTCATGGCACC-1,Stem B
GTTCGCTTCCGGCTTT-1,Stem D
GTTCTATAGGCATGCA-1,Neuron 1
GTTCTATAGTTTCGGT-1,Stem C
GTTCTATCAAAGAGTT-1,Stem D
GTTCTATTCCATTCGC-1,Stem C
GTTCTATTCTGGGCGT-1,Stem C
GTTGAACAGTCCGTCG-1,Stem D
GTTGAACCACTTGGCG-1,Stem B
GTTGAACCAGCGACCT-1,Parenchyma 1
GTTGAACGTTCATCGA-1,Muscle 2
GTTGAACTCCTCATAT-1,Neuron 1
GTTGCGGAGGCTCCCA-1,Stem A
GTTGCGGCACTTCATT-1,Stem D
GTTGCGGCATCTAACG-1,Muscle 1
GTTGCGGTCACTGAAC-1,Muscle 2
GTTGCGGTCATGAGGG-1,Tegument
GTTGCGGTCGACACCG-1,Stem C
GTTGCTCAGGCTCTCG-1,Muscle 2
GTTGCTCGTCGCTCGA-1,Stem D
GTTGCTCTCCTAAACG-1,Stem A
GTTGCTCTCGAGATGG-1,Muscle 1
GTTGCTCTCTCATTAC-1,Stem B
GTTGTAGAGGTTCATC-1,Protonephridia
GTTGTAGGTTTCACTT-1,Stem B
GTTGTAGTCCTTTGAT-1,Stem C
GTTGTAGTCTGACGCG-1,Muscle 1
GTTGTCCAGACTCAAA-1,Neuron 4
GTTGTCCTCATTTACC-1,Stem E
GTTGTCCTCCTCAGGG-1,Muscle 2
GTTGTCCTCTTCTGTA-1,Muscle 2
GTTGTGAAGCATCCTA-1,Muscle 2
GTTGTGAAGGACCCAA-1,Stem C
GTTTACTCATGGGCAA-1,Neuron 4
GTTTACTGTCGTCGGT-1,Stem B
GTTTACTTCTCGAACA-1,Stem F
GTTTACTTCTGCATGA-1,Tegument
GTTTGGACACACCAGC-1,Stem A
GTTTGGACACATGTTG-1,Stem B
GTTTGGATCCACAAGT-1,Neuron 4
GTTTGGATCCCGTTGT-1,Parenchyma 1
TAACACGAGCGCTGAA-1,Neuron 4
TAACACGCACCGAATT-1,Stem A
TAACACGCAGAGGTTG-1,Neuron 2
TAACCAGCACAAGCAG-1,Stem D
TAACGACAGTACTGTC-1,Muscle 1
TAACGACTCAGTGTCA-1,Stem D
TAACTTCAGAAGGCTC-1,Stem D
TAACTTCAGGAGGCAG-1,Parenchyma 2
TAACTTCCAAGAGTGC-1,Tegument
TAACTTCTCTCGCAGG-1,Neuron 4
TAAGCACAGACCCGCT-1,Stem B
TAAGCACAGGTTCATC-1,Stem B
TAAGCACTCCGATAGT-1,Neuron 4
TAAGCACTCTCGAACA-1,Stem E
TAAGCCAAGACTTAAG-1,Neuron 4
TAAGCCAAGTACTGGG-1,Neuron 5
TAAGCGTAGTTCGGTT-1,Neuron 1
TAAGCGTCATGTACGT-1,Stem B
TAAGCGTGTCAACGCC-1,Neuron 1
TAAGTCGCATCCGAGC-1,Muscle 1
TAAGTCGGTCGGATTT-1,Neuron 4
TAATCTCAGGCACAAC-1,Stem C
TAATCTCAGTAGTGCG-1,Parenchyma 1
TAATCTCGTCAACATC-1,Neuron 1
TAATTCCAGCGAATGC-1,Neuron 1
TAATTCCAGTCTGTAC-1,Stem B
TAATTCCGTAGATTAG-1,Parenchyma 1
TAATTCCGTTCCGCTT-1,Stem E
TAATTCCTCAATCTTC-1,Neuron 4
TAATTCCTCTCATGGA-1,Stem C
TACAACGAGTGATGGC-1,Muscle 1
TACACCCAGCAACTTC-1,Neuron 4
TACACCCAGTAGGCCA-1,Stem B
TACACCCAGTGGTCAG-1,Stem D
TACACCCCAATTGAAG-1,Stem C
TACACCCCACGGTCTG-1,Neuron 4
TACACCCGTCTCCCTA-1,Stem B
TACACCCGTGATGTAA-1,Stem A
TACACCCGTGCACATT-1,Neuron 4
TACACCCTCGTTCGCT-1,Muscle 1
TACAGGTGTTCAAGGG-1,Muscle 2
TACAGGTTCATGCAGT-1,Muscle 2
TACAGGTTCGACGAGA-1,Neuron 4
TACATTCAGCAACTTC-1,Stem C
TACATTCCAATTCTTC-1,Stem A
TACATTCTCAAGCTGT-1,Muscle 2
TACATTCTCGGTCAGC-1,Stem A
TACCCACCACTGCGAC-1,Neuron 1
TACCCACTCAAGAGTA-1,Stem D
TACCCACTCGCCAATA-1,Muscle 1
TACCCGTTCTGACGCG-1,Stem C
TACCGAAGTCAGTTTG-1,Parenchyma 1
TACCGAAGTGAAGCGT-1,Stem C
TACCGAATCATCGCAA-1,Neuron 4
TACCGAATCGTGCTCT-1,Muscle 2
TACCGAATCTGGACCG-1,Stem B
TACCGGGAGTTGCCTA-1,Tegument
TACCGGGAGTTGGAAT-1,Muscle 1
TACCGGGCAGCTGGTC-1,Parenchyma 1
TACCGGGGTGGCAGAT-1,Stem G
TACCGGGGTGTTTACG-1,Muscle 2
TACCGGGGTTCTCGCT-1,Stem B
TACCTCGCAGGCTATT-1,Muscle 2
TACCTCGTCAGAGCAG-1,Stem A
TACCTGCAGGACTATA-1,Muscle 2
TACCTGCAGGTATCTC-1,Stem E
TACCTGCGTAAGGCTG-1,Stem A
TACCTGCGTTGACTGT-1,Neuron 4
TACCTGCGTTGCATGT-1,Stem A
TACCTGCTCACTTGGA-1,Neuron 4
TACCTGCTCGGCCTTT-1,Stem C
TACCTGCTCTGGCCGA-1,Stem D
TACGCTCTCTGACCCT-1,Neuron 1
TACGGGCCATCGGATT-1,Tegument
TACGGGCTCAAAGGTA-1,Stem D
TACGGGCTCTATCGCC-1,Protonephridia
TACGGTACACGCGCTA-1,Stem D
TACGGTAGTAGCGCTC-1,Stem A
TACGTCCCAGTGTACT-1,Stem D
TACTGCCAGAAATTCG-1,Neuron 4
TACTTACCACGGTCTG-1,Tegument
TACTTACTCCTTCACG-1,Stem D
TACTTCAAGAAACTCA-1,Parenchyma 1
TACTTCATCCGTGTCT-1,Stem A
TACTTGTCACGCCAGT-1,Stem A
TACTTGTCAGGTGTTT-1,Muscle 2
TACTTGTGTGCACATT-1,Muscle 2
TAGACCAAGACTAAGT-1,Muscle 2
TAGACCACAAATGATG-1,Stem E
TAGACCATCAGATTGC-1,Muscle 1
TAGACCATCAGGTAAA-1,Neuron 2
TAGACCATCCAGCCTT-1,Neuron 4
TAGACTGTCGAATCCA-1,Parenchyma 1
TAGACTGTCGAGAAAT-1,Stem A
TAGACTGTCGATCCCT-1,Muscle 2
TAGACTGTCGTGGTAT-1,Tegument
TAGAGTCAGAGAGGTA-1,Muscle 1
TAGAGTCAGGAGAGTA-1,Parenchyma 1
TAGAGTCCAATTGCGT-1,Neuron 2
TAGAGTCCATAGACTC-1,Parenchyma 1
TAGAGTCTCTCTCTTC-1,Stem B
TAGATCGCACCCTATC-1,Muscle 2
TAGATCGCACTCGATA-1,Stem D
TAGATCGGTCGGAAAC-1,Stem B
TAGCACAAGAGCATAT-1,Stem C
TAGCACACAAGAGGCT-1,Tegument
TAGCACACAAGAGTGC-1,Tegument
TAGCACACAGATCACT-1,Stem A
TAGCACACAGTCGGTC-1,Stem C
TAGCACACATTGGCAT-1,Neuron 4
TAGCACAGTACGCTAT-1,Stem C
TAGCACATCTGACGCG-1,Stem B
TAGGAGGAGCGACTTT-1,Stem G
TAGGAGGCACCCTGTT-1,Parenchyma 1
TAGGAGGCAGCACCCA-1,Neuron 4
TAGGAGGCAGCCATTA-1,Stem F
TAGGAGGGTCCGACGT-1,Stem C
TAGGAGGTCGTTCCCA-1,Stem B
TAGGGTTAGCATGCGA-1,Stem B
TAGGGTTAGCTGACTT-1,Stem B
TAGGGTTCACCCTATC-1,Stem B
TAGGGTTCAGTAACGG-1,Neuron 2
TAGGGTTGTCAACCAT-1,Stem D
TAGGGTTTCAAGTTGC-1,Stem E
TAGGGTTTCGCAATTG-1,Muscle 1
TAGGTACCAGGAGACT-1,Stem C
TAGGTACGTTTGAAAG-1,Muscle 2
TAGGTACTCAAGAGGC-1,Stem C
TAGGTACTCATAAGGA-1,Tegument
TAGGTACTCCATGATG-1,Stem A
TAGGTACTCCGATCGG-1,Stem B
TAGGTACTCTCGAGTA-1,Stem A
TAGGTTGTCCGACGGT-1,Stem C
TAGTGCAAGCGGTATG-1,Parenchyma 1
TAGTGCACAGCGGATA-1,Stem C
TAGTGCATCATCACCC-1,Stem D
TATACCTAGTCAGAGC-1,Tegument
TATACCTCAAGTCCAT-1,Stem C
TATACCTCACAGCTTA-1,Stem B
TATACCTCAGCGACAA-1,Neuron 4
TATACCTCATATCTCT-1,Neuron 4
TATACCTGTGTGATGG-1,Stem C
TATACCTGTTGAGTCT-1,Stem D
TATATCCCAGCGGTTC-1,Muscle 2
TATATCCCAGGTGACA-1,Stem C
TATATCCTCATCGTAG-1,Muscle 1
TATATCCTCCGCCTAT-1,Muscle 1
TATCAGGCAATTGTGC-1,Stem D
TATCAGGGTAACCAGG-1,Stem C
TATCAGGGTCCCTAAA-1,Neuron 1
TATCCTAAGTAATTGG-1,Stem D
TATCCTAGTACTGCGC-1,Stem F
TATCCTATCCCAAGCG-1,Stem D
TATCCTATCCGTACGG-1,Stem B
TATCCTATCTGTAACG-1,Neuron 4
TATCGCCAGGAAAGAC-1,Stem D
TATCGCCCACTGCGAC-1,Stem E
TATCGCCGTATCGCGC-1,Neuron 1
TATCGCCGTTAGTTCG-1,Stem C
TATCGCCTCATTGCGA-1,Tegument
TATCGCCTCCGAACGC-1,Muscle 2
TATCTGTGTAGGACCA-1,Stem E
TATCTGTGTCGGATTT-1,Stem C
TATCTGTGTGCCTTTC-1,Stem B
TATCTGTGTTAAGAAC-1,Ciliary plate
TATCTGTTCAGCATTG-1,Stem C
TATCTTGAGGACAAGA-1,Stem D
TATCTTGAGGTGCGAT-1,Stem D
TATCTTGGTATCGAGG-1,Stem C
TATCTTGTCCGATTAG-1,Parenchyma 1
TATGTTCAGCGTCTCG-1,Neuron 4
TATGTTCCACAGAGCA-1,Neuron 2
TATGTTCCATCGATAC-1,Neuron 1
TATGTTCGTATGACAA-1,Stem B
TATGTTCTCATTCTTG-1,Stem C
TATGTTCTCGTGCACG-1,Stem D
TATTCCACATGACGTT-1,Stem B
TATTCCATCGTGGAAG-1,Stem E
TATTCCATCTCTCGAC-1,Muscle 1
TATTGCTAGATGTAGT-1,Stem B
TATTGCTAGCACAAAT-1,Tegument
TATTGCTCACCAGCTG-1,Parenchyma 1
TATTGCTGTGCCGTAC-1,Stem C
TATTGCTTCCTATTGT-1,Muscle 2
TATTGCTTCTCATGCC-1,Stem D
TATTGCTTCTCTGGTC-1,Stem B
TATTGGGAGCTACTGT-1,Stem A
TATTGGGAGTGTTGAA-1,Stem F
TATTGGGTCATGCTAG-1,Muscle 1
TATTGGGTCATGGCCG-1,Stem B
TATTGGGTCTAAACGC-1,Stem D
TATTTCGAGTTGTAGA-1,Stem C
TATTTCGTCTTGGTCC-1,Stem F
TCAAGACAGGCATCAG-1,Neuron 1
TCAAGACAGTGGACGT-1,Neuron 1
TCAAGACCAAATACGA-1,Stem D
TCAAGACCAATTGCAC-1,Neuron 1
TCAAGACCAGCGTAGA-1,Parenchyma 1
TCAAGACCATATACCG-1,Parenchyma 1
TCAAGACTCATTTACC-1,Muscle 1
TCAAGACTCCATCCGT-1,Neuron 1
TCAAGACTCTCCTACG-1,Muscle 1
TCAAGACTCTTCCAGC-1,Stem B
TCAAGCACACTGGATT-1,Stem D
TCAAGCACAGCTTTGA-1,Muscle 2
TCAAGCAGTTGTCTAG-1,Muscle 1
TCAAGTGAGCGCAATG-1,Neuron 1
TCAAGTGCAAGGCTTT-1,Neuron 4
TCAAGTGGTCACTCAA-1,Stem D
TCAAGTGTCAGCGCAC-1,Muscle 2
TCAAGTGTCCGTAGGC-1,Stem A
TCAATCTGTAGGCAAC-1,Stem D
TCAATCTGTCCCACGA-1,Neuron 4
TCAATCTGTCGTTCAA-1,Neuron 3
TCAATTCCAGTCGGTC-1,Muscle 2
TCAATTCCATCACGGC-1,Neuron 1
TCAATTCCATCATGAC-1,Stem E
TCAATTCGTACGAGCA-1,Stem B
TCAATTCGTGCCTACG-1,Stem D
TCAATTCGTTCTCACC-1,Stem F
TCAATTCGTTCTCAGA-1,Stem E
TCAATTCTCTCAGTCC-1,Muscle 2
TCACAAGAGCCGTTGC-1,Muscle 1
TCACAAGCAACCGCTG-1,Neuron 1
TCACAAGTCCTTGGAA-1,Muscle 1
TCACAAGTCGGCACTG-1,Neuron 4
TCACACCAGCAAGCCA-1,Neuron 3
TCACACCAGTCCGCGT-1,Stem B
TCACATTAGAATCTAG-1,Muscle 1
TCACATTCAAAGGCTG-1,Parenchyma 1
TCACATTGTGACATCT-1,Stem B
TCACATTGTTTCGTAG-1,Neuron 4
TCACATTTCAGGCGAA-1,Stem D
TCACATTTCGCTAATG-1,Stem B
TCACGCTAGATGCTTC-1,Stem C
TCACGCTCAAGTACCT-1,Muscle 2
TCACGCTCAATACAGA-1,Muscle 2
TCACGCTCACGACGAA-1,Stem G
TCACGCTCATATCGGT-1,Parenchyma 1
TCACGCTCATCCGAGC-1,Neuron 4
TCACGCTGTTCAACGT-1,Muscle 2
TCACGCTTCCAAATGC-1,Muscle 1
TCACGGGCAGGGACTA-1,Muscle 1
TCACGGGGTTCACCGG-1,Stem C
TCACGGGGTTGTGCAT-1,Neuron 1
TCACTATAGCATTGAA-1,Stem F
TCACTATGTGGCTTGC-1,Neuron 1
TCACTCGCAGGAAGTC-1,Stem D
TCACTCGCATCGAACT-1,Stem D
TCAGCAACACATTACG-1,Stem D
TCAGCAATCCCTTTGG-1,Muscle 1
TCAGCAATCTTTCGAT-1,Neuron 4
TCAGCCTAGGGTTAAT-1,Muscle 1
TCAGCCTCAACCAATC-1,Muscle 2
TCAGCCTGTACCGGCT-1,Neuron 1
TCAGCCTGTCTCTCCA-1,Parenchyma 1
TCAGCCTTCTCCGAGG-1,Stem A
TCAGGGCAGATTACCC-1,Stem A
TCAGGGCAGCTCTGTA-1,Stem A
TCAGGGCAGGGTCTTT-1,Stem D
TCAGGGCAGTAGACAT-1,Neuron 1
TCAGGGCGTCACGTGC-1,Stem D
TCAGGGCGTCTTCGAA-1,Stem C
TCAGGGCTCTCGCTTG-1,Stem A
TCAGGGCTCTTTGCTA-1,Stem D
TCAGGTAGTCCCGCAA-1,Neuron 1
TCAGGTAGTGAAGCTG-1,Stem B
TCAGGTAGTTTCTTAC-1,Neuron 4
TCAGGTATCCTTGAAG-1,Neuron 1
TCAGTCCTCCCTATTA-1,Stem C
TCAGTCCTCCGCACTT-1,Parenchyma 2
TCAGTCCTCCGTCAAA-1,Stem E
TCAGTCCTCGTGTCAA-1,Muscle 1
TCAGTGATCGGTCTGG-1,Muscle 2
TCAGTGATCTACTGCC-1,Muscle 1
TCAGTTTAGAAACTGT-1,Stem F
TCAGTTTCAAGTGACG-1,Neuron 4
TCAGTTTCAGCAGGAT-1,Stem F
TCAGTTTGTAACTGCT-1,Muscle 1
TCAGTTTTCTCTCAAT-1,Parenchyma 1
TCATACTAGGTAATCA-1,Stem A
TCATACTAGTCCCAGC-1,Muscle 1
TCATACTAGTCGAATA-1,Muscle 1
TCATACTGTGCATCTA-1,Neuron 4
TCATACTGTGTTTGCA-1,Muscle 1
TCATACTTCCGGCTTT-1,Neuron 1
TCATATCAGAATACAC-1,Parenchyma 1
TCATATCAGGATTTGA-1,Muscle 2
TCATATCTCCAGTTCC-1,Tegument
TCATCATAGCCACCGT-1,Stem E
TCATCATAGCCACTCG-1,Neuron 1
TCATCATGTACAAGCG-1,Stem C
TCATCATTCAAGATAG-1,Muscle 1
TCATCCGAGAAGGCTC-1,Muscle 2
TCATCCGAGTGAGGTC-1,Stem D
TCATCCGCAAGGCTTT-1,Neuron 5
TCATCCGGTGGTTCTA-1,Stem C
TCATCCGGTTCTTCAT-1,Stem C
TCATCCGTCCACCTCA-1,Neuron 1
TCATCCGTCGGACTGC-1,Neuron 4
TCATCCGTCTGACAGT-1,Stem A
TCATGAGAGTCAACAA-1,Stem D
TCATGAGAGTCAGAGC-1,Parenchyma 1
TCATGAGAGTTAGTAG-1,Muscle 2
TCATGAGCAAGCCATT-1,Stem C
TCATGAGCAGACAAAT-1,Stem D
TCATGAGGTGTGACCC-1,Neuron 4
TCATGAGGTGTGTGTT-1,Neuron 4
TCATGAGTCCCAGTGG-1,Stem F
TCATGAGTCGCTTTAT-1,Neuron 1
TCATGCCAGACCGTTT-1,Neuron 4
TCATGCCAGATTGGGC-1,Neuron 2
TCATGCCAGCGAATGC-1,Muscle 1
TCATGCCCAACCGTGC-1,Stem A
TCATGCCCAGAACTCT-1,Muscle 2
TCATGCCGTCGTCATA-1,Neuron 1
TCATGCCTCATTCGTT-1,Neuron 4
TCATGCCTCTTTACAC-1,Parenchyma 1
TCATGGACATTACGGT-1,Stem E
TCATGGACATTCGGGC-1,Neuron 1
TCATGTTAGGCACAAC-1,Stem D
TCATGTTAGGTTTACC-1,Neuron 4
TCATGTTCACGCCAGT-1,Muscle 2
TCATGTTCATGCGGTC-1,Muscle 2
TCATGTTGTGGTCTTA-1,Stem D
TCATGTTTCAGCTGTA-1,Stem C
TCATTACCACATGACT-1,Stem F
TCATTACCAGCTGTAT-1,Stem A
TCATTACGTAGTCTTG-1,Stem C
TCATTACTCAAGCCGC-1,Neuron 4
TCATTACTCCTTCGAC-1,Neuron 1
TCATTCAAGTCTCGTA-1,Neuron 1
TCATTCAGTTGCACGC-1,Neuron 1
TCATTCATCGCTTGCT-1,Stem D
TCATTGTGTGTTCCAA-1,Stem G
TCATTTGAGGGTTGCA-1,Stem D
TCATTTGCAGCTGAGA-1,Stem D
TCCACCACACGATAGG-1,Stem C
TCCACCAGTCGTGGTC-1,Parenchyma 1
TCCACCAGTTCTCTCG-1,Neuron 2
TCCACCATCCCGGTAG-1,Neuron 1
TCCACGTGTCATAAAG-1,Muscle 1
TCCACGTGTCCGGTGT-1,Stem F
TCCAGAAAGACTGAGC-1,Muscle 1
TCCAGAAAGCATGAAT-1,Stem B
TCCAGAAAGCGCCTCA-1,Neuron 4
TCCAGAACAACCGTGC-1,Stem C
TCCAGAACAGGCATGA-1,Muscle 1
TCCAGAACATTGAAAG-1,Stem C
TCCAGAATCACGGAGA-1,Neuron 4
TCCAGAATCTCGAACA-1,Neuron 4
TCCATCGCAGAGCTAG-1,Stem E
TCCATCGGTAGTACGG-1,Stem D
TCCATCGGTTGGAGAC-1,Neuron 1
TCCATCGTCCGCTGTT-1,Stem D
TCCATCGTCCGTAGTA-1,Muscle 2
TCCATCGTCGGTCTGG-1,Neuron 1
TCCATGCAGAGGATCC-1,Stem D
TCCATGCAGATCACTC-1,Muscle 1
TCCATGCAGGTACTGG-1,Muscle 2
TCCATGCGTACTGCGC-1,Tegument
TCCATGCGTTCCACGG-1,Muscle 1
TCCATGCTCGCAGTGC-1,Neuron 2
TCCCACAAGCGTATAA-1,Neuron 1
TCCCACAAGCTAAACA-1,Neuron 4
TCCCACAGTGCGGTAA-1,Stem A
TCCCACATCAAGCTTG-1,Stem F
TCCCACATCGTTCAGA-1,Stem B
TCCCAGTCAAGTTTGC-1,Stem A
TCCCATGCACTACACA-1,Stem E
TCCCATGGTCCAGTTA-1,Neuron 1
TCCCATGGTCTCCTGT-1,Neuron 2
TCCCATGGTTGTGTAC-1,Muscle 1
TCCCATGTCTTTCCAA-1,Stem C
TCCGAAAAGCGTGCTC-1,Neuron 1
TCCGAAAAGGATTTCC-1,Stem D
TCCGAAAGTTTGGCTA-1,Stem B
TCCGAAATCTCTCTTC-1,Stem D
TCCGATCCAACTCATG-1,Stem A
TCCGATCGTTGGGTTT-1,Neuron 4
TCCGATCTCTTACCAT-1,Stem B
TCCGGGACAAGTATCC-1,Neuron 4
TCCGGGAGTGGATCGA-1,Stem D
TCCGGGATCGTTGTTT-1,Stem A
TCCGTGTCACTGTCCT-1,Muscle 2
TCCGTGTCAGTGCGCT-1,Muscle 2
TCCGTGTGTGTCGCTG-1,Stem F
TCCGTGTGTGTCTTGA-1,Neuron 4
TCCTAATTCTGTTCAT-1,Neuron 4
TCCTCCCAGGGCAATC-1,Muscle 2
TCCTCCCCAAAGGCTG-1,Muscle 2
TCCTCCCCACTAACGT-1,Muscle 2
TCCTCCCGTGTAACGG-1,Parenchyma 1
TCCTCGAAGAGCCGTA-1,Stem A
TCCTCGACAGAGATTA-1,Stem D
TCCTCGAGTCATTCCC-1,Stem G
TCCTCGAGTTAGAGAT-1,Muscle 1
TCCTCTTAGATAGTCA-1,Stem B
TCCTCTTAGGTGAGAA-1,Neuron 3
TCCTCTTCAGGCGAAT-1,Neuron 1
TCCTCTTGTGCTTATG-1,Neuron 4
TCCTCTTGTGTGCCTG-1,Neuron 5
TCCTGCAAGATTGTGA-1,Muscle 2
TCCTGCACACGACAGA-1,Muscle 1
TCCTTCTAGCTAGCCC-1,Stem B
TCCTTCTAGGTGAGAA-1,Parenchyma 1
TCCTTCTAGTGCAACG-1,Stem C
TCCTTCTGTCCTGTTC-1,Stem A
TCCTTCTGTCGGTGAA-1,Tegument
TCCTTCTGTTGGGAAC-1,Neuron 4
TCCTTCTTCCTGTACC-1,Neuron 4
TCCTTTCAGAGCACTG-1,Muscle 1
TCCTTTCCAAGGTCGA-1,Tegument
TCCTTTCGTACCATAC-1,Stem B
TCCTTTCGTCAACCTA-1,Neuron 1
TCCTTTCTCCTCTCGA-1,Stem C
TCCTTTCTCGCAACAT-1,Muscle 2
TCGAACAAGGAGGTTC-1,Stem A
TCGAACACAGAGGCTA-1,Stem A
TCGAACACATCTTTCA-1,Stem E
TCGAACAGTGGCAGAT-1,Stem D
TCGAACATCATTTACC-1,Stem E
TCGAAGTGTTCAAAGA-1,Stem D
TCGAAGTTCAAGGCTT-1,Neuron 1
TCGACCTAGCTAAGTA-1,Stem C
TCGACCTGTTCTGACA-1,Parenchyma 1
TCGACGGAGCCTATCA-1,Stem D
TCGACGGCACACCTGG-1,Neuron 1
TCGACGGCAGCTGAGA-1,Neuron 1
TCGACGGGTTAGAGTA-1,Muscle 1
TCGACGGTCAACACCA-1,Stem B
TCGATTTAGAGTGACC-1,Stem C
TCGATTTAGCCATTGT-1,Stem C
TCGATTTAGCGTGAAC-1,Parenchyma 1
TCGATTTCAAAGACGC-1,Stem B
TCGATTTGTCATGACT-1,Stem C
TCGATTTGTCCACACG-1,Stem A
TCGATTTTCAGCACCG-1,Muscle 2
TCGATTTTCCATTCAT-1,Stem A
TCGATTTTCTGCTCTG-1,Stem A
TCGCACTCAATCGCCG-1,Neuron 1
TCGCACTCACTTTAGG-1,Stem B
TCGCACTCAGCGATTT-1,Stem E
TCGCACTCATCCGGCA-1,Neuron 4
TCGCAGGCAACAGAGC-1,Stem C
TCGCAGGTCAGCCCAG-1,Stem A
TCGCAGGTCCACGTAA-1,Stem C
TCGCTCAAGACGGTTG-1,Muscle 1
TCGCTCACAGTAGGAC-1,Stem A
TCGCTCAGTTAGCTAC-1,Neuron 1
TCGCTTGGTACTCGAT-1,Stem A
TCGCTTGGTCCCACGA-1,Neuron 1
TCGGATAAGGTCCCTG-1,Muscle 2
TCGGATAAGGTTCTAC-1,Tegument
TCGGATACAGATACTC-1,Stem D
TCGGATACATACCGTA-1,Neuron 5
TCGGATAGTTAAGCAA-1,Stem B
TCGGGACCAACCGTGC-1,Stem C
TCGGGACCACCGCTAG-1,Tegument
TCGGGACCAGGTTCAT-1,Stem B
TCGGGACGTACACGTT-1,Stem B
TCGGGCAAGCGCCTCA-1,Neuron 5
TCGGGCACAATCTAGC-1,Stem D
TCGGGCAGTAGCTCGC-1,Neuron 1
TCGGGTGCACAATTCG-1,Parenchyma 1
TCGGGTGTCTACAGGT-1,Stem A
TCGGTCTAGAAGAACG-1,Stem E
TCGGTCTAGTGCAGGT-1,Muscle 1
TCGGTCTCAGGACGAT-1,Stem B
TCGGTCTCAGGTCAAG-1,Stem A
TCGGTCTCATTCTCTA-1,Muscle 1
TCGGTCTGTATACCCA-1,Muscle 2
TCGGTCTGTGAATGTA-1,Stem D
TCGGTCTGTTCTAACG-1,Stem C
TCGGTCTGTTGTCCCT-1,Neuron 2
TCGGTCTTCTAGCCTC-1,Stem E
TCGTAGAAGTGTACAA-1,Muscle 1
TCGTAGACAGCTAACT-1,Neuron 1
TCGTAGACAGGGAGAG-1,Stem F
TCGTAGAGTCACAGTT-1,Stem C
TCGTAGAGTGGTCAAG-1,Muscle 1
TCGTAGAGTTGCTCCT-1,Neuron 1
TCGTAGAGTTTCCCAC-1,Muscle 1
TCGTAGATCACTCACC-1,Muscle 1
TCGTCCAAGCATTGTC-1,Muscle 2
TCGTCCACACAAGCAG-1,Parenchyma 1
TCGTCCAGTTAAGTCC-1,Stem C
TCGTCCATCTCATGCC-1,Stem D
TCGTGCTAGAGGTTTA-1,Stem C
TCGTGGGCACACGTGC-1,Neuron 4
TCTAACTCAGCTCCTT-1,Neuron 1
TCTAACTCAGTAACCT-1,Stem A
TCTAACTCATTCTCTA-1,Stem F
TCTAACTGTTACACAC-1,Neuron 4
TCTAACTTCCTTACCG-1,Neuron 1
TCTACATAGTTCGCAT-1,Stem D
TCTACATCATTCACCC-1,Neuron 1
TCTACATGTCCAGTTA-1,Stem B
TCTACATGTGGTCCGT-1,Neuron 2
TCTACATTCATGCTAG-1,Neuron 4
TCTACATTCCGATGCG-1,Muscle 2
TCTACATTCTAGTGAC-1,Stem B
TCTACCGAGGAGAGGC-1,Muscle 2
TCTACCGGTATTTCCT-1,Muscle 1
TCTACCGTCCCAGGCA-1,Stem A
TCTATACAGTGTTCAC-1,Neuron 1
TCTATACCACTGCTTC-1,Neuron 4
TCTATACCAGCGTGAA-1,Neuron 5
TCTATACGTCCAACGC-1,Stem B
TCTATACGTTTCGTAG-1,Parenchyma 1
TCTATACTCCTTTGAT-1,Stem B
TCTATCAAGACAGCGT-1,Parenchyma 1
TCTATCAAGTCAACAA-1,Neuron 4
TCTATCACAATCGCGC-1,Stem D
TCTATCATCCCATTCG-1,Stem B
TCTATCATCTCCGCAT-1,Muscle 2
TCTCACGAGAGCCATG-1,Stem B
TCTCACGAGGTAGATT-1,Stem B
TCTCACGCAGCTGTGC-1,Stem B
TCTCACGGTGTAGTGG-1,Stem D
TCTCAGCAGGCACTCC-1,Muscle 1
TCTCAGCCAATTGTGC-1,Neuron 4
TCTCAGCCACGCTGCA-1,Stem E
TCTCAGCGTAATACCC-1,Stem C
TCTCAGCTCCAAGCCG-1,Stem A
TCTCCGAAGTGGACGT-1,Muscle 2
TCTCCGACACACTGGC-1,Stem G
TCTCCGACACCTGCGA-1,Parenchyma 2
TCTCCGACACGTACAT-1,Neuron 4
TCTCCGACAGACAATA-1,Neuron 1
TCTCCGACAGACGCTC-1,Stem B
TCTCCGAGTAGCTTTG-1,Muscle 1
TCTCCGATCCGTACGG-1,Muscle 2
TCTCTGGGTGAGCTCC-1,Stem D
TCTCTGGGTTACGCCG-1,Stem C
TCTGCCACAAGATTGA-1,Neuron 1
TCTGCCACACAACCGC-1,Neuron 1
TCTGCCACACAGGATG-1,Stem E
TCTGCCATCCGCCTAT-1,Stem E
TCTGGCTGTGACAGGT-1,Stem E
TCTGGCTTCGAGAGCA-1,Stem B
TCTGTCGAGAAGAACG-1,Stem C
TCTTAGTCAAATGGTA-1,Neuron 1
TCTTCCTCAAGGACAC-1,Stem D
TCTTCCTGTCCAGCGT-1,Stem E
TCTTCCTTCGCTACAA-1,Stem A
TCTTCCTTCTGTGCTC-1,Stem D
TCTTGCGCATGTCAGT-1,Stem B
TCTTTGAAGTATGACA-1,Muscle 1
TCTTTGATCCACTTTA-1,Stem C
TGAACGTAGGTGCATG-1,Stem A
TGAACGTCAACGTTAC-1,Muscle 1
TGAACGTGTCATAGTC-1,Neuron 4
TGAATCGAGGCAGGGA-1,Stem D
TGAATCGAGGTACCTT-1,Muscle 1
TGAATCGCAAGAGATT-1,Parenchyma 1
TGAATCGGTGGCGTAA-1,Stem D
TGAATCGGTGTACAGG-1,Muscle 1
TGAATCGTCCATCACC-1,Neuron 1
TGAATGCCACACGGTC-1,Parenchyma 1
TGAATGCTCTATCACT-1,Neuron 4
TGACAGTAGGGCTAAC-1,Muscle 1
TGACAGTCAATACGAA-1,Stem B
TGACAGTCACGATAGG-1,Neuron 4
TGACAGTCAGAGAAAG-1,Neuron 1
TGACAGTCAGCTTTGA-1,Neuron 4
TGACAGTCATTGTCGA-1,Muscle 2
TGACAGTGTTAACCTG-1,Stem A
TGACAGTGTTACACTG-1,Neuron 1
TGACAGTTCAAGGAGC-1,Stem D
TGACCCTCAGACCAGA-1,Stem D
TGACCCTGTAACATAG-1,Stem F
TGACCCTGTCATACCA-1,Parenchyma 1
TGACCCTGTCGCCTAG-1,Parenchyma 1
TGACCCTGTTTCCCAC-1,Neuron 3
TGACGCGAGCCGTTGC-1,Muscle 1
TGACGCGAGGTCACAG-1,Stem C
TGACGCGAGTATGGCG-1,Muscle 1
TGACGCGCAACGACTT-1,Stem A
TGACGCGCAGGTTTAC-1,Neuron 1
TGACGCGGTACGGTTT-1,Stem E
TGACGCGGTGGATCAG-1,Stem D
TGACGCGGTGGTCTGC-1,Neuron 1
TGACGCGTCCGATCTC-1,Stem B
TGACTCCAGTCATTGC-1,Stem F
TGACTCCCACCACTGG-1,Stem C
TGACTCCCATCCGAAT-1,Stem D
TGACTCCTCAGCCTTC-1,Muscle 2
TGACTCCTCTACAGGT-1,Neuron 2
TGAGACTCATGGTACT-1,Stem C
TGAGACTGTGCCTGCA-1,Neuron 4
TGAGACTGTGGCAACA-1,Stem A
TGAGCATCATAGATGA-1,Stem C
TGAGCATGTACCGGCT-1,Neuron 1
TGAGCATGTCCTGAAT-1,Parenchyma 2
TGAGCGCCACGCGCTA-1,Neuron 2
TGAGCGCTCTACCACC-1,Neuron 1
TGAGGAGAGATGTTGA-1,Neuron 4
TGAGGAGAGGTAACTA-1,Stem B
TGAGGAGCAAGGTTGG-1,Stem C
TGAGGAGGTAATTAGG-1,Neuron 3
TGAGGGAAGTGAGGTC-1,Stem A
TGAGGGAGTCAAGGCA-1,Neuron 1
TGAGGGAGTGAATGAT-1,Protonephridia
TGAGGGAGTTTGGAGG-1,Stem B
TGAGGTTAGGGACAGG-1,Stem D
TGAGGTTGTCAACACT-1,Neuron 1
TGAGGTTGTTCCAAAC-1,Stem F
TGAGGTTTCGAGTTGT-1,Neuron 3
TGAGTCAGTCAGTCCG-1,Neuron 1
TGAGTCATCGCTAAAC-1,Stem D
TGATCAGCACAACATC-1,Neuron 1
TGATCAGCAGACAAGC-1,Stem C
TGATCTTAGTACCATC-1,Muscle 2
TGATCTTCAGTTTGGT-1,Neuron 4
TGATGCACAGCGGATA-1,Muscle 1
TGATGCAGTTAGCGGA-1,Stem D
TGATGCATCAAGCCAT-1,Stem C
TGATGGTAGAGCCGAT-1,Stem E
TGATGGTAGCGGTAGT-1,Muscle 2
TGATGGTGTATCGTAC-1,Stem C
TGATGGTGTCGAGCTC-1,Neuron 4
TGATTCTCAAACTAAG-1,Stem C
TGATTCTCAACCTAAC-1,Stem D
TGATTTCTCCTTCAGC-1,Parenchyma 1
TGATTTCTCTCGGTAA-1,Stem D
TGCACGGAGTCCCGGT-1,Stem C
TGCAGATAGTTTCTTC-1,Stem B
TGCAGATGTCGTTGCG-1,Stem C
TGCAGATTCGGCTCTT-1,Parenchyma 2
TGCAGGCAGACTTGTC-1,Neuron 4
TGCAGGCAGGATTACA-1,Neuron 4
TGCAGGCAGTGAATAC-1,Stem C
TGCAGGCCATGACGGA-1,Stem D
TGCAGGCTCTAATTCC-1,Neuron 1
TGCAGTAGTCATAAAG-1,Stem C
TGCATCCAGAGAGTTT-1,Stem E
TGCATCCAGAGTCTGG-1,Stem C
TGCATCCAGGTATTGA-1,Stem D
TGCATCCGTGAGAACC-1,Neuron 5
TGCATCCGTTCCGCTT-1,Stem A
TGCATCCTCCGACAGC-1,Stem A
TGCATGACAAATACAG-1,Stem B
TGCATGATCCACTTCG-1,Neuron 4
TGCATGATCCCGTTGT-1,Stem C
TGCATGATCCGGACTG-1,Stem C
TGCATGATCGAACCAT-1,Neuron 5
TGCCGAGAGTCTAGAA-1,Stem C
TGCCGAGGTGTCTCCT-1,Muscle 2
TGCCGAGTCAGCAATC-1,Stem E
TGCGACGCATCTAGAC-1,Neuron 1
TGCGACGGTAGACAGC-1,Stem A
TGCGACGGTATGCTAC-1,Neuron 2
TGCGACGTCCAAACCA-1,Stem D
TGCGACGTCGACGCGT-1,Parenchyma 1
TGCGACGTCGCTGTCT-1,Neuron 1
TGCGACGTCTCACGAA-1,Neuron 1
TGCGATACAAAGTGTA-1,Stem E
TGCGATACAGCAATTC-1,Stem D
TGCGATAGTTAGAGAT-1,Neuron 1
TGCGATATCCTGTAAG-1,Stem D
TGCGGCAAGAGTCAAT-1,Stem B
TGCGGCAAGCCTCAAT-1,Neuron 4
TGCGGCAAGCTTCTAG-1,Muscle 2
TGCGGCACACTAGGTT-1,Neuron 1
TGCGGCACATTCATCT-1,Stem G
TGCGGCATCAGTCACA-1,Muscle 1
TGCGGCATCTGGGATT-1,Neuron 4
TGCGGGTGTCTCAAGT-1,Muscle 1
TGCTCCATCTTTGCAT-1,Stem G
TGCTCGTCAGAACGCA-1,Stem B
TGCTCGTGTTGCACGC-1,Stem F
TGCTCGTTCCTACAAG-1,Neuron 2
TGCTCGTTCTAAGCCA-1,Stem A
TGCTGAACATGGCACC-1,Stem C
TGCTGAAGTTAGGGTG-1,Neuron 1
TGCTGAATCCATCTAT-1,Muscle 2
TGCTGAATCGAGTACT-1,Stem D
TGCTTCGCAAGCGAAC-1,Neuron 1
TGCTTCGCAGCGTTGC-1,Stem D
TGCTTCGGTAACACGG-1,Neuron 4
TGCTTCGGTCAGGAGT-1,Tegument
TGCTTCGGTGTCCTAA-1,Stem E
TGCTTCGGTGTGGACA-1,Neuron 1
TGCTTCGTCGACGCTG-1,Stem G
TGCTTCGTCTGGTCAA-1,Neuron 1
TGCTTGCCAACTGTGT-1,Stem A
TGCTTGCGTATGAAGT-1,Neuron 1
TGCTTGCTCCGCAAAT-1,Neuron 4
TGGAACTAGACTCAAA-1,Stem D
TGGAACTAGCCTCTGG-1,Stem C
TGGAACTAGGCCTTCG-1,Stem D
TGGAACTAGTGACACG-1,Neuron 1
TGGAACTCAAGCTGTT-1,Stem F
TGGAACTCAGTGAGCA-1,Stem C
TGGAACTGTGGTACAG-1,Neuron 1
TGGAACTTCCCGTGAG-1,Stem B
TGGAACTTCTCGACCT-1,Muscle 1
TGGAGAGAGCCTCAGC-1,Stem A
TGGAGAGCATAGGTTC-1,Stem D
TGGAGAGGTTCCACAA-1,Stem C
TGGAGAGGTTGTATGC-1,Stem F
TGGAGGAAGGGTGGGA-1,Stem C
TGGAGGACAACAGAGC-1,Stem B
TGGAGGAGTACCGTCG-1,Parenchyma 1
TGGAGGATCCATCGTC-1,Neuron 2
TGGAGGATCGAGTGAG-1,Muscle 1
TGGATCAAGCAAGCCA-1,Stem B
TGGATCAAGGAAACGA-1,Stem B
TGGATCACACGACTAT-1,Stem E
TGGATCAGTTCTCACC-1,Neuron 1
TGGATCATCTCGGTAA-1,Stem A
TGGATGTAGCCTGACC-1,Stem A
TGGATGTAGGAACTAT-1,Stem C
TGGATGTGTCCCACGA-1,Stem B
TGGATGTTCGTCGATA-1,Stem C
TGGCGTGCATTGAAAG-1,Stem A
TGGCGTGGTGTTCAGT-1,Stem D
TGGGAAGAGATTGGGC-1,Tegument
TGGGAAGAGTCGTCTA-1,Stem C
TGGGAAGGTGAGTCAG-1,Stem B
TGGGAAGTCGAATCCA-1,Stem D
TGGGAGACAAGAGTGC-1,Stem D
TGGGAGACAGCTACAT-1,Stem C
TGGGAGAGTACACGCC-1,Neuron 4
TGGGAGAGTCTCAGAT-1,Stem C
TGGGAGATCCGCAAAT-1,Muscle 2
TGGGAGATCCTACCGT-1,Neuron 2
TGGGATTAGACCAACG-1,Stem C
TGGGATTAGAGGTTTA-1,Stem C
TGGGATTAGCGCTTCG-1,Muscle 1
TGGGATTCACAGAGAC-1,Stem D
TGGGATTCACTGTCGG-1,Parenchyma 2
TGGGATTCAGAGGACT-1,Stem D
TGGGATTCAGGACAGT-1,Stem B
TGGGATTTCGTTGTAG-1,Neuron 1
TGGGATTTCTAAGCCA-1,Parenchyma 2
TGGGATTTCTGCGGCA-1,Stem D
TGGGCGTTCGCTACGG-1,Stem B
TGGGCGTTCGTTCAGA-1,Stem C
TGGGCTGAGGAAAGGT-1,Stem C
TGGGCTGAGGCTTTCA-1,Stem E
TGGGCTGGTATACCCA-1,Stem E
TGGGTTAAGGATCACG-1,Neuron 4
TGGGTTAGTTCGGGTC-1,Neuron 5
TGGGTTATCGGCGATC-1,Stem C
TGGTACAAGATTGGGC-1,Tegument
TGGTACAAGCGGCTCT-1,Neuron 4
TGGTACAAGGGTACAC-1,Stem G
TGGTACAAGTCACACT-1,Stem D
TGGTACAAGTCGTTAC-1,Stem D
TGGTACACAAATTGCC-1,Neuron 1
TGGTACACAACGCATT-1,Stem E
TGGTACAGTATTTCTC-1,Muscle 1
TGGTACAGTCTACAAC-1,Stem C
TGGTACAGTCTTCGAA-1,Stem D
TGGTACAGTGATGAAT-1,Stem B
TGGTACAGTTAAACAG-1,Muscle 1
TGGTACATCTTCTAAC-1,Stem B
TGGTAGTAGCCTTGAT-1,Neuron 4
TGGTAGTCAAACTAGA-1,Muscle 1
TGGTAGTTCCATCGTC-1,Muscle 1
TGGTGATAGATAACAC-1,Stem F
TGGTGATAGCTCAGAG-1,Muscle 2
TGGTGATAGGTTAGTA-1,Muscle 1
TGGTGATCACATGTTG-1,Stem A
TGGTGATCATTGCCGG-1,Stem C
TGGTGATGTTCTGACA-1,Stem A
TGGTGATTCCACCCTA-1,Muscle 2
TGGTTAGAGACTTCGT-1,Stem D
TGGTTAGAGAGCCCAA-1,Stem E
TGTAACGAGCTTGTTG-1,Parenchyma 1
TGTAACGCACGACGTC-1,Stem A
TGTAACGGTAGACACG-1,Stem D
TGTAAGCAGCAGTCTT-1,Stem D
TGTAAGCAGTAGCCAG-1,Stem A
TGTAAGCCAAAGGTTA-1,Muscle 2
TGTAAGCCATCGTGGC-1,Stem D
TGTAAGCTCGTTCTGC-1,Stem B
TGTAAGCTCTAGAACC-1,Neuron 4
TGTACAGCAGTCCCGA-1,Stem D
TGTACAGTCAGCGTCG-1,Muscle 1
TGTACAGTCCCTTGGT-1,Muscle 1
TGTAGACAGGTAAACT-1,Stem D
TGTAGACTCAGGCGAA-1,Neuron 4
TGTAGACTCATACGGT-1,Muscle 2
TGTCAGAAGCTACGTT-1,Stem C
TGTCAGAAGGAACTAT-1,Neuron 4
TGTCAGACAAACCGGA-1,Stem A
TGTCAGACAAATGGCG-1,Stem C
TGTCAGACACCAGTAT-1,Neuron 1
TGTCAGATCAACGCTA-1,Neuron 4
TGTCAGATCCAACCAA-1,Stem D
TGTCAGATCCCGTTCA-1,Stem C
TGTCCACCACTAACCA-1,Muscle 2
TGTCCACCAGCGTGAA-1,Stem C
TGTCCCAAGCCTCTCT-1,Stem A
TGTCCCACATCGTCCT-1,Stem E
TGTCCCAGTTTCGTAG-1,Stem C
TGTCCTGCAATCGCCG-1,Stem C
TGTCCTGCAGTTACCA-1,Stem B
TGTCCTGGTCCTCATC-1,Stem B
TGTCCTGTCATGCATG-1,Neuron 4
TGTGAGTAGGTCGAGT-1,Muscle 1
TGTGAGTGTCGCTGCA-1,Stem C
TGTGAGTGTTCCAGGC-1,Muscle 2
TGTGAGTTCCTATTGT-1,Parenchyma 1
TGTGAGTTCGGAACTT-1,Stem E
TGTGATGAGAGCCGTA-1,Stem A
TGTGATGAGCTAAGTA-1,Muscle 1
TGTGATGGTCGGTACC-1,Stem A
TGTGATGTCAACGTGT-1,Neuron 5
TGTGATGTCAGCCCAG-1,Stem D
TGTGATGTCCAGCCTT-1,Stem F
TGTGCGGAGCCGGAAT-1,Stem C
TGTGCGGAGTGAACAT-1,Stem A
TGTGCGGAGTGTCATC-1,Neuron 2
TGTGCGGGTCACTAGT-1,Neuron 4
TGTGCGGTCCCGAACG-1,Parenchyma 1
TGTGGCGAGCTCGCAC-1,Stem D
TGTGGCGCAAGTTCCA-1,Stem A
TGTGGCGCACTTGTCC-1,Stem F
TGTGGCGCAGACCATT-1,Muscle 1
TGTGGCGGTCCTCCTA-1,Stem C
TGTGGCGTCTACGCGG-1,Stem A
TGTGTGAAGGTTACAA-1,Stem C
TGTGTGACAAACTCTG-1,Stem C
TGTGTGACACTAACGT-1,Neuron 1
TGTGTGAGTGGAGGTT-1,Stem C
TGTGTGATCGGCATTA-1,Muscle 2
TGTTACTAGCGTGCCT-1,Parenchyma 1
TGTTACTAGCTCTTCC-1,Neuron 4
TGTTACTAGGAACGCT-1,Neuron 1
TGTTACTCAGGCGTTC-1,Neuron 3
TGTTACTGTACGTACT-1,Stem F
TGTTACTGTACTTCCC-1,Tegument
TGTTACTTCATCACAG-1,Stem B
TGTTACTTCATGCCGG-1,Protonephridia
TGTTCATAGCCTCACG-1,Stem C
TGTTCATGTATGACAA-1,Neuron 4
TGTTCATGTGAGCTCC-1,Stem B
TGTTCATGTGTAAATG-1,Muscle 2
TGTTCATGTGTGACCC-1,Stem D
TGTTCCGAGGAGAATG-1,Stem D
TGTTCCGCAGAGGCAT-1,Parenchyma 1
TGTTCCGCATAAGCAA-1,Stem E
TGTTCCGGTAGCGTTT-1,Neuron 2
TGTTCCGTCATGCCCT-1,Stem B
TGTTCTAAGGAACGCT-1,Stem A
TGTTGAGAGCCGGAAT-1,Stem B
TGTTGAGAGCGGATCA-1,Neuron 4
TGTTGAGAGCTTCTAG-1,Stem D
TGTTGAGTCGACGACC-1,Muscle 2
TGTTGGAAGAAGCCAC-1,Stem B
TGTTGGAGTCCACGCA-1,Parenchyma 1
TGTTGGAGTCGGTACC-1,Neuron 4
TGTTGGATCCGTAGGC-1,Stem D
TGTTTGTAGGTCCCGT-1,Stem E
TGTTTGTCAAACGAGC-1,Stem B
TGTTTGTGTACTAACC-1,Stem C
TGTTTGTGTCATCACA-1,Stem C
TGTTTGTGTCTCTCTG-1,Stem B
TGTTTGTTCACGGACC-1,Stem A
TGTTTGTTCGAGCCTG-1,Muscle 1
TGTTTGTTCGCGCCAA-1,Neuron 4
TTAATCCAGCACCAGA-1,Muscle 2
TTAATCCAGGTGCCTC-1,Stem C
TTAATCCGTATCCTTT-1,Parenchyma 1
TTAATCCGTCGAGTGA-1,Parenchyma 1
TTAATCCGTGCATTAC-1,Neuron 1
TTAATCCGTTCTCCAC-1,Stem A
TTAATCCTCATTATCC-1,Neuron 1
TTACAGGCAGAGCCCT-1,Parenchyma 1
TTACAGGGTCTTGGTA-1,Stem D
TTACAGGGTTGATCGT-1,Stem B
TTACAGGTCCGCATAA-1,Neuron 1
TTACAGGTCCTAAACG-1,Stem A
TTACAGGTCGCAGTGC-1,Muscle 1
TTACCATAGCAACAGC-1,Neuron 1
TTACCATAGCATTTCG-1,Neuron 4
TTACCATCAAGGTTGG-1,Neuron 1
TTACCATGTGGTCTTA-1,Neuron 1
TTACCATTCCTTATCA-1,Neuron 2
TTACCGCAGTTGAAGT-1,Stem C
TTACCGCCAACTTGCA-1,Muscle 1
TTACCGCTCGGCATCG-1,Tegument
TTACGCCCAAGACAAT-1,Stem D
TTACGCCCAGCTCTGG-1,Neuron 1
TTACGTTAGCGATGAC-1,Neuron 1
TTACGTTAGGCGTTAG-1,Stem C
TTACGTTCACCACATA-1,Muscle 2
TTACGTTCACGCTGAC-1,Muscle 1
TTACGTTCAGACAAAT-1,Parenchyma 1
TTACGTTGTTAGCTAC-1,Stem D
TTACTGTCATTGGATC-1,Neuron 1
TTAGGCAAGGAGTACC-1,Muscle 2
TTAGGCACAACTACGT-1,Stem C
TTAGGCAGTATGAAGT-1,Stem C
TTAGGCATCCTAAGTG-1,Neuron 4
TTAGGCATCTGCCTCA-1,Neuron 1
TTAGGGTAGTCGCCAC-1,Parenchyma 1
TTAGGGTCAATTGAAG-1,Stem C
TTAGGGTCAATTGCTG-1,Muscle 2
TTAGTCTAGAGAGGGC-1,Stem B
TTAGTCTAGGGCATGT-1,Tegument
TTAGTCTTCATAGACC-1,Tegument
TTATTGCAGCAGCACA-1,Muscle 1
TTATTGCCACTAACGT-1,Stem C
TTATTGCCAGTTGGTT-1,Stem C
TTATTGCGTGTGTCCG-1,Muscle 1
TTCAATCAGGTATCTC-1,Muscle 1
TTCAATCCACGACTAT-1,Stem A
TTCACCGCACTAAACC-1,Neuron 4
TTCACCGGTACAACGG-1,Stem C
TTCACCGGTCGTATTG-1,Stem D
TTCACCGTCGACGTCG-1,Stem C
TTCACGCAGGAACGAA-1,Stem A
TTCACGCCAACAAAGT-1,Neuron 1
TTCACGCCAATCACGT-1,Neuron 1
TTCAGGACAATCGCAT-1,Stem D
TTCATGTCACACCTGG-1,Stem C
TTCATGTCACGAAAGC-1,Stem B
TTCATGTCATTGACAC-1,Stem B
TTCATGTGTGATGGCA-1,Muscle 2
TTCATGTGTTGCTCAA-1,Neuron 1
TTCATGTGTTGGCTAT-1,Stem C
TTCATGTTCCAGTGCG-1,Stem D
TTCATGTTCCGAGGCT-1,Muscle 1
TTCATGTTCGTCAGAT-1,Stem B
TTCATGTTCTGTGCGG-1,Stem E
TTCATTGAGGTAAGTT-1,Neuron 4
TTCATTGAGTTGCCTA-1,Parenchyma 1
TTCATTGCAAGAGGTC-1,Stem D
TTCATTGCAAGATTGA-1,Muscle 1
TTCATTGCACCTGCTT-1,Neuron 3
TTCATTGCATTCAGCA-1,Stem G
TTCATTGTCACCATGA-1,Stem C
TTCATTGTCAGCAGAG-1,Stem D
TTCATTGTCATGGGAG-1,Stem C
TTCATTGTCTCTTGCG-1,Stem A
TTCCAATAGCGTTACT-1,Tegument
TTCCACGGTATGAGAT-1,Stem C
TTCCACGTCGCTAATG-1,Neuron 1
TTCCGGTAGCGTGCCT-1,Muscle 1
TTCCGGTCAACCGACC-1,Stem D
TTCCGGTCATACACCA-1,Neuron 1
TTCCGGTTCTTCCTAA-1,Stem C
TTCCGTGCAACCAGAG-1,Stem C
TTCCGTGCAACGACTT-1,Stem C
TTCCGTGGTGCATGAG-1,Neuron 4
TTCCGTGGTTCTTCAT-1,Stem F
TTCCGTGTCCTAAACG-1,Stem E
TTCCTAAAGGAGTATT-1,Muscle 2
TTCCTAAAGTACGTCT-1,Muscle 1
TTCCTAAAGTAGAATC-1,Stem B
TTCCTAACAATGCAAA-1,Stem F
TTCCTAACATATAGCC-1,Stem D
TTCCTAAGTATCGATC-1,Stem A
TTCCTAAGTTCTCAGA-1,Stem C
TTCCTCTGTAGTCGGA-1,Stem B
TTCCTCTGTGAGTAAT-1,Stem C
TTCCTTCAGTCAGCGA-1,Stem E
TTCCTTCCACTCCTGT-1,Stem G
TTCGATTAGTTACGTC-1,Stem B
TTCGATTGTGGAAATT-1,Neuron 4
TTCGCTGAGGATGCGT-1,Stem C
TTCGCTGAGGTCCCTG-1,Muscle 2
TTCGGTCAGGCCTAGA-1,Stem D
TTCGGTCGTCTACACA-1,Stem C
TTCGGTCGTCTGTGGC-1,Parenchyma 1
TTCGGTCGTGCATTTG-1,Stem B
TTCGGTCTCGGTAGAG-1,Stem B
TTCTAACAGAGTCAGC-1,Neuron 1
TTCTAACCATCCTTCG-1,Parenchyma 1
TTCTAACTCAGTGGGA-1,Muscle 2
TTCTAACTCCAAGAGG-1,Stem C
TTCTCTCAGGCGACAT-1,Stem C
TTCTCTCAGTCCGCCA-1,Stem C
TTCTCTCCACATAGCT-1,Stem E
TTCTCTCGTCTACGAT-1,Stem D
TTCTGTAGTGATACTC-1,Muscle 1
TTCTTCCAGCTTACGT-1,Muscle 2
TTCTTCCAGGGATCAC-1,Neuron 1
TTCTTCCCAACGGTAG-1,Neuron 4
TTCTTCCCAACTGGTT-1,Parenchyma 1
TTCTTCCCAGAACATA-1,Neuron 1
TTCTTCCGTATTAAGG-1,Stem D
TTCTTCCGTTGTCTAG-1,Muscle 2
TTCTTCCTCATTTGTC-1,Stem E
TTCTTCCTCCTATGGA-1,Stem B
TTCTTGACAAATCAGA-1,Stem A
TTCTTGACAGGATTCT-1,Stem D
TTCTTGACAGTGTGCC-1,Stem F
TTCTTGACATCTCGTC-1,Muscle 1
TTGAACGCATGGCCAC-1,Neuron 4
TTGAACGCATTGAAAG-1,Muscle 2
TTGAACGGTGTTATCG-1,Stem A
TTGAACGTCTGGTGGC-1,Stem B
TTGACCCCACTTTATC-1,Parenchyma 1
TTGACCCCAGGGAGAG-1,Muscle 2
TTGACCCGTCAACCTA-1,Muscle 1
TTGACCCGTGAGGATC-1,Tegument
TTGACCCGTTCGAAGG-1,Neuron 4
TTGACCCTCACCTTGC-1,Muscle 2
TTGAGTGCAGTTTGGT-1,Stem B
TTGATGGCAACAAAGT-1,Stem C
TTGATGGCACATCCCT-1,Parenchyma 1
TTGATGGCATTATGCG-1,Stem C
TTGATGGTCTTCCGTG-1,Stem B
TTGCATTAGATCCCAT-1,Muscle 1
TTGCATTCATTAAAGG-1,Neuron 4
TTGCATTTCTTGGAAC-1,Stem E
TTGCCTGCAGACCCGT-1,Stem C
TTGCGTCAGCCTCATA-1,Stem A
TTGCGTCAGCGCTGAA-1,Stem E
TTGCGTCCAATAGTAG-1,Neuron 1
TTGCGTCCACAACGCC-1,Neuron 2
TTGCGTCTCGCCGAAC-1,Neuron 1
TTGCTGCAGCCGTAAG-1,Neuron 4
TTGCTGCAGGCGCTCT-1,Stem B
TTGCTGCAGTCTGCGC-1,Stem D
TTGCTGCTCGGACGTC-1,Muscle 1
TTGGATGGTCTTGTCC-1,Stem D
TTGGATGTCGGCTGGT-1,Stem G
TTGGGATAGCTGGCCT-1,Stem B
TTGGGATCAGATTTCG-1,Neuron 1
TTGGGCGAGCGCAATG-1,Stem C
TTGGGCGAGGCTTAGG-1,Stem A
TTGGGCGCACCAAATC-1,Stem E
TTGGGCGCACTGCTTC-1,Stem E
TTGGGCGCAGACCAGA-1,Stem D
TTGGGCGGTTCCGCTT-1,Stem A
TTGGGTAAGCACTCTA-1,Stem A
TTGGGTAAGCAGGCAT-1,Neuron 4
TTGGGTACATGGAACG-1,Stem B
TTGGGTAGTTCTCGTC-1,Muscle 1
TTGGTTTAGAGAGGGC-1,Stem D
TTGGTTTCAAGTGTCT-1,Tegument
TTGGTTTCACGTGAGA-1,Muscle 1
TTGGTTTGTAATTGGA-1,Stem F
TTGGTTTGTCGACGCT-1,Muscle 2
TTGGTTTGTTAGCGGA-1,Neuron 4
TTGTGGAGTTAGGAGC-1,Parenchyma 1
TTGTGTTAGCAAGCCA-1,Stem C
TTGTGTTCAGAACATA-1,Stem A
TTGTTGTAGACGGTTG-1,Neuron 1
TTGTTGTAGGGATCTG-1,Neuron 1
TTGTTGTGTGCGAGTA-1,Muscle 2
TTGTTGTTCGCTATTT-1,Stem A
TTGTTTGAGCACGTCC-1,Stem A
TTGTTTGTCCGATAGT-1,Stem F
TTTACCAAGAAGCGCT-1,Stem C
TTTACCACACGGATCC-1,Stem A
TTTACCACATCACGGC-1,Parenchyma 1
TTTACCAGTCAATGGG-1,Stem F
TTTACCATCCGCAGTG-1,Neuron 1
TTTACGTAGTGGAATT-1,Stem D
TTTACGTGTTCCTACC-1,Neuron 5
TTTACTGAGTTTGGCT-1,Muscle 1
TTTACTGCACACACTA-1,Parenchyma 1
TTTAGTCCAAGAGAGA-1,Stem E
TTTAGTCCATGAGTAA-1,Stem D
TTTAGTCTCGGCCTTT-1,Neuron 1
TTTATGCAGTATTAGG-1,Muscle 1
TTTATGCGTGATTGGG-1,Muscle 1
TTTATGCGTGGATGAC-1,Stem D
TTTCACAAGGTACAAT-1,Stem C
TTTCACAAGTATGATG-1,Stem B
TTTCACATCACTCACC-1,Neuron 1
TTTCACATCATTGGTG-1,Neuron 4
TTTCACATCCGCGAGT-1,Stem C
TTTCAGTAGTCATCGT-1,Muscle 2
TTTCAGTCACTCCGAG-1,Stem E
TTTCAGTCATGGAGAC-1,Stem D
TTTCAGTGTTGCCATA-1,Stem B
TTTCAGTTCAAAGGTA-1,Stem A
TTTCAGTTCAGGAGAC-1,Stem A
TTTCATGAGATACGAT-1,Stem A
TTTCATGCACGCGTGT-1,Stem C
TTTCATGGTAACTAAG-1,Stem A
TTTCATGTCGAACCAT-1,Parenchyma 1
TTTCCTCAGCATCAAA-1,Neuron 2
TTTCCTCAGCGTGCTC-1,Muscle 1
TTTCCTCCAGCCATTA-1,Stem B
TTTCCTCCATTGTCGA-1,Neuron 1
TTTCCTCGTAGTAAGT-1,Neuron 4
TTTCCTCTCATATGGC-1,Neuron 5
TTTCCTCTCTTTACAC-1,Stem C
TTTCGATCAGTAACAA-1,Stem D
TTTCGATGTCATGCAT-1,Parenchyma 1
TTTCGATGTCTGCCTT-1,Stem C
TTTCGATGTGAGTTGG-1,Neuron 1
TTTCGATTCAAGATAG-1,Stem B
TTTCGATTCCGTGGTG-1,Stem E
TTTGACTAGAGTTGCG-1,Stem B
TTTGACTAGCAGGCAT-1,Neuron 4
TTTGACTAGGGTCAAC-1,Muscle 1
TTTGACTTCCATCGTC-1,Neuron 4
TTTGATCCAAACACCT-1,Stem E
TTTGATCGTACGTACT-1,Stem A
TTTGATCTCACTAGCA-1,Neuron 4
TTTGGAGCAACACAAA-1,Stem D
TTTGGAGGTGAGCAGT-1,Stem F
TTTGGAGGTTTACTGG-1,Stem E
TTTGGAGTCCGTCCTA-1,Stem B
TTTGGTTCAGGTTTAC-1,Neuron 4
TTTGGTTTCAAGTGGG-1,Stem C
TTTGGTTTCGGCTTCT-1,Stem G
TTTGGTTTCTGTAAGC-1,Neuron 4
TTTGTTGCAAGATCCT-1,Neuron 1
TTTGTTGCACACCTGG-1,Stem B
TTTGTTGGTGGAACCA-1,Parenchyma 1
TTTGTTGTCGTTCAGA-1,Stem A
