cell_barcode,Cluster
AAACCCAAGGGCGAGA-1,Stem A
AAACCCAAGTTACGTC-1,Stem D
AAACCCACATGAGGGT-1,Muscle 2
AAACCCACATGGGTCC-1,Stem F
AAACCCAGTACCCGAC-1,Stem A
AAACCCAGTATTTCTC-1,Parenchyma 1
AAACCCAGTCGCACGT-1,Stem C
AAACCCATCGATACAC-1,Muscle 2
AAACGAAAGCCTTGAT-1,Neuron 2
AAACGAAAGCGTGCTC-1,Parenchyma 2
AAACGAACACAAACGG-1,Muscle 2
AAACGAAGTAAGCGGT-1,Parenchyma 1
AAACGAAGTAGCCCTG-1,Muscle 2
AAACGAAGTATCCCTC-1,Parenchyma 1
AAACGAAGTGGTCTGC-1,Neuron 4
AAACGCTAGATCACTC-1,Stem B
AAACGCTAGCAGGTCA-1,Parenchyma 1
AAACGCTAGGAATCGC-1,Stem F
AAACGCTAGGACAAGA-1,Stem F
AAACGCTAGGCATCTT-1,Parenchyma 1
AAACGCTCACGCAGTC-1,Neuron 1
AAACGCTGTAGGTTTC-1,Muscle 1
AAACGCTGTCATAGTC-1,Protonephridia
AAACGCTGTGGCAACA-1,Stem B
AAAGAACAGCTGTACT-1,Parenchyma 2
AAAGAACGTCGGCCTA-1,Neuron 1
AAAGAACGTTTGGGTT-1,Muscle 1
AAAGAACTCGGCTATA-1,Muscle 1
AAAGGATAGCCACAAG-1,Stem B
AAAGGATAGCTCGACC-1,Stem C
AAAGGATAGTGTCATC-1,Stem F
AAAGGATCATACCATG-1,Muscle 2
AAAGGATCATATACCG-1,Muscle 2
AAAGGATGTAACTAAG-1,Parenchyma 1
AAAGGATGTATAGCTC-1,Tegument
AAAGGATGTTATGTGC-1,Muscle 2
AAAGGATTCAGACAAA-1,Parenchyma 1
AAAGGGCAGCTTTCCC-1,Neuron 2
AAAGGGCAGGAAAGAC-1,Parenchyma 1
AAAGGGCAGGCTAACG-1,Stem C
AAAGGGCCAGGTCAGA-1,Neuron 1
AAAGGGCGTGGGTTGA-1,Stem B
AAAGGGCGTTTAAGGA-1,Muscle 1
AAAGGGCTCCTCGATC-1,Parenchyma 2
AAAGGTAAGTCATAGA-1,Neuron 2
AAAGGTACAAGAGAGA-1,Tegument
AAAGGTAGTTGTATGC-1,Stem F
AAAGGTAGTTTGGGAG-1,Muscle 1
AAAGGTATCCCAAGCG-1,Stem F
AAAGTCCAGCAATTCC-1,Neuron 1
AAAGTCCAGTATGAAC-1,Stem A
AAAGTCCAGTCGGGAT-1,Neuron 4
AAAGTCCAGTGGCCTC-1,Stem B
AAAGTCCCAAGAGTAT-1,Stem D
AAAGTCCCATGACGAG-1,Muscle 1
AAAGTCCGTCACTTAG-1,Stem F
AAAGTCCGTCCACTCT-1,Muscle 1
AAAGTCCTCAAGGAGC-1,Muscle 1
AAAGTGAAGTGCAAAT-1,Muscle 1
AAAGTGACACTGTGAT-1,Parenchyma 2
AAAGTGACACTTGAAC-1,Stem D
AAAGTGACATGACTCA-1,Muscle 2
AAAGTGAGTATGCTTG-1,Parenchyma 2
AAAGTGAGTCAGGAGT-1,Parenchyma 1
AAAGTGAGTCGTCAGC-1,Neuron 4
AAAGTGATCGAGTCCG-1,Muscle 1
AAAGTGATCGGTGAAG-1,Parenchyma 2
AAAGTGATCTCGCTTG-1,Muscle 1
AAATGGAAGTGGAAGA-1,Stem D
AAATGGAGTACTCAAC-1,Muscle 1
AAATGGAGTCTAACGT-1,Neuron 1
AAATGGAGTCTTGTCC-1,Neuron 4
AAATGGAGTGACCGTC-1,Stem D
AAATGGATCGACGAGA-1,Parenchyma 1
AACAAAGAGGCGCTTC-1,Stem F
AACAAAGAGGTCGACA-1,Muscle 2
AACAAAGAGTACGAGC-1,Muscle 1
AACAAAGCATGGGTCC-1,Stem D
AACAAAGGTCACCTTC-1,Muscle 2
AACAAAGGTGCATGTT-1,Stem C
AACAACCCAGGAATCG-1,Muscle 2
AACAACCGTCAGTCTA-1,Stem D
AACAACCTCGATACAC-1,Parenchyma 2
AACAACCTCTAGGAAA-1,Tegument
AACAAGACAAACTCTG-1,Muscle 2
AACAAGACAGAAGCGT-1,Stem B
AACAAGACAGAGTCTT-1,Muscle 1
AACAAGACAGCCCACA-1,Muscle 1
AACAAGACAGTGTACT-1,Parenchyma 2
AACAAGAGTTCCAGGC-1,Tegument
AACAAGAGTTTCGTTT-1,Neuron 5
AACAAGATCGGTCTGG-1,Stem C
AACACACAGGGACAGG-1,Stem F
AACACACCACTGCATA-1,Stem B
AACACACCAGCAGGAT-1,Muscle 2
AACACACCATGCGGTC-1,Stem B
AACACACTCGCCTATC-1,Neuron 4
AACAGGGAGCACGGAT-1,Parenchyma 1
AACAGGGTCAAGCCCG-1,Neuron 1
AACAGGGTCATACAGC-1,Stem D
AACAGGGTCTGCGTCT-1,Stem F
AACCAACAGGCGAACT-1,Stem C
AACCAACCAGCTGTTA-1,Muscle 2
AACCAACGTCTTACTT-1,Muscle 1
AACCAACTCGCTAAAC-1,Stem D
AACCAACTCTACTGCC-1,Parenchyma 2
AACCACAAGGTGAGCT-1,Stem A
AACCACAAGTACAGCG-1,Neuron 4
AACCACACACGGCTAC-1,Parenchyma 2
AACCACACATGCACTA-1,Protonephridia
AACCACAGTACAAGCG-1,Stem C
AACCACATCGAGTGGA-1,Neuron 4
AACCATGCAACCCGCA-1,Tegument
AACCATGCAAGCGCTC-1,Neuron 1
AACCATGCAGCGTACC-1,Neuron 1
AACCATGGTTCCTTGC-1,Neuron 1
AACCATGGTTTATGCG-1,Neuron 2
AACCATGTCAGCACCG-1,Muscle 2
AACCCAAAGGTTAGTA-1,Muscle 1
AACCCAAGTGTCATCA-1,Protonephridia
AACCCAATCATAGAGA-1,Parenchyma 2
AACCTGAAGACTTAAG-1,Stem A
AACCTGAAGAGTTGCG-1,Muscle 1
AACCTGAAGGCTTCCG-1,Muscle 1
AACCTGAAGGGCTGAT-1,Stem D
AACCTGAGTCATGGCC-1,Stem D
AACCTGAGTCTAACGT-1,Muscle 1
AACCTGAGTGCATACT-1,Parenchyma 1
AACCTGATCCACTGGG-1,Stem F
AACCTTTCAAATTGGA-1,Muscle 2
AACCTTTCAAGTCCAT-1,Stem F
AACCTTTCACCGGTCA-1,Stem B
AACCTTTCACCTCTGT-1,Muscle 2
AACCTTTGTAGTATAG-1,Protonephridia
AACCTTTGTTGTCAGT-1,Parenchyma 1
AACCTTTTCGAAGTGG-1,Parenchyma 1
AACGAAAAGACACACG-1,Stem C
AACGAAAAGGCACGAT-1,Stem E
AACGAAAAGTATGAGT-1,Muscle 1
AACGAAAAGTCTCCTC-1,Protonephridia
AACGAAAGTCGGCACT-1,Stem A
AACGGGAAGATTTGCC-1,Muscle 1
AACGGGACAACCGTAT-1,Muscle 1
AACGGGACACTAAACC-1,Parenchyma 1
AACGGGAGTGAATGAT-1,Neuron 4
AACGGGATCCGAAGGA-1,Stem C
AACGTCAAGTCCCAAT-1,Stem D
AACGTCAAGTGAGTGC-1,Stem F
AACGTCACAATTCTTC-1,Neuron 4
AACGTCAGTCCGTACG-1,Muscle 1
AACGTCATCGACATAC-1,Muscle 1
AACTTCTAGACAACTA-1,Parenchyma 1
AACTTCTAGCCGGAAT-1,Stem C
AACTTCTAGGTTCAGG-1,Muscle 1
AACTTCTAGTCCCGGT-1,Stem B
AACTTCTAGTGAGCCA-1,Neuron 4
AACTTCTCACTCACTC-1,Parenchyma 1
AACTTCTGTGACTAAA-1,Muscle 2
AACTTCTTCGAATCCA-1,Neuron 4
AACTTCTTCGTAACTG-1,Muscle 1
AAGAACAAGAACCCGA-1,Muscle 2
AAGAACAAGGACTATA-1,Neuron 4
AAGAACACAGCTGGTC-1,Muscle 1
AAGAACAGTTACGGAG-1,Stem B
AAGAACAGTTTACCAG-1,Parenchyma 2
AAGAACATCGCCACTT-1,Stem A
AAGACAACAAATGCTC-1,Stem B
AAGACAACATACCACA-1,Neuron 5
AAGACAAGTATCTTCT-1,Muscle 2
AAGACAATCCTTCAGC-1,Muscle 2
AAGACAATCGGATTAC-1,Parenchyma 2
AAGACTCAGGTAGACC-1,Stem B
AAGACTCCACATTACG-1,Muscle 1
AAGATAGAGGGCCCTT-1,Protonephridia
AAGATAGAGTACGAGC-1,Stem F
AAGATAGCATAGATGA-1,Stem C
AAGATAGGTGCAAGAC-1,Muscle 2
AAGCATCCAACGTTAC-1,Tegument
AAGCATCCATTGCTGA-1,Stem B
AAGCATCGTTGGCCGT-1,Stem A
AAGCATCTCAAGAATG-1,Stem E
AAGCATCTCATTCGGA-1,Muscle 2
AAGCATCTCCCAGCGA-1,Protonephridia
AAGCATCTCCTACAAG-1,Tegument
AAGCATCTCTCCGAAA-1,Protonephridia
AAGCATCTCTGGAAGG-1,Stem A
AAGCCATAGAGCCGTA-1,Neuron 4
AAGCCATAGTTTGGCT-1,Muscle 2
AAGCCATCAACGGCTC-1,Neuron 1
AAGCCATCACCAGCTG-1,Muscle 1
AAGCCATCACCCAACG-1,Neuron 1
AAGCCATGTCTGGTTA-1,Neuron 1
AAGCCATGTGGCTGAA-1,Muscle 2
AAGCCATGTTCCTAGA-1,Stem F
AAGCCATGTTGCTAGT-1,Parenchyma 2
AAGCCATTCGCAGTTA-1,Neuron 1
AAGCCATTCGGATTAC-1,Neuron 1
AAGCGAGAGTAACCGG-1,Stem A
AAGCGAGAGTAATTGG-1,Stem E
AAGCGAGAGTCCGCGT-1,Tegument
AAGCGAGCAACTCCAA-1,Stem D
AAGCGAGCAAGTCGTT-1,Muscle 2
AAGCGAGGTTAATCGC-1,Stem F
AAGCGAGTCAAGCCAT-1,Muscle 1
AAGCGTTCAACGACTT-1,Muscle 1
AAGCGTTGTGCGAACA-1,Tegument
AAGCGTTGTTGTGCAT-1,Stem A
AAGCGTTTCTGAGAGG-1,Stem D
AAGGAATAGCCATATC-1,Stem D
AAGGAATAGTACCCTA-1,Neuron 4
AAGGAATCAATAACCC-1,Stem C
AAGGAATCAATAGTGA-1,Stem F
AAGGAATCAATCAGCT-1,Stem A
AAGGAATCACCCGTAG-1,Parenchyma 1
AAGGAATTCAGAGTGG-1,Muscle 1
AAGGAATTCCTACAAG-1,Parenchyma 2
AAGGAATTCCTGTAGA-1,Muscle 1
AAGGAATTCCTTGACC-1,Neuron 5
AAGGAATTCGCTTTAT-1,Muscle 2
AAGGTAAAGTAACCGG-1,Stem F
AAGGTAACACGGGCTT-1,Stem F
AAGGTAACAGCGCGTT-1,Stem D
AAGGTAATCGGCCTTT-1,Parenchyma 2
AAGGTAATCTCGTGGG-1,Tegument
AAGTACCAGTCGTCTA-1,Parenchyma 1
AAGTACCCAAAGCGTG-1,Muscle 2
AAGTACCCACGAGAAC-1,Stem D
AAGTACCGTCACTTCC-1,Stem C
AAGTACCGTGCCTGAC-1,Stem B
AAGTACCGTTCTGAGT-1,Ciliary plate
AAGTCGTAGAATAACC-1,Neuron 4
AAGTCGTAGCAGTAAT-1,Stem C
AAGTCGTAGTATTAGG-1,Stem C
AAGTCGTCACCAGTAT-1,Muscle 1
AAGTCGTCACGGTAGA-1,Stem D
AAGTCGTTCACCTGTC-1,Stem A
AAGTCGTTCTGCGGCA-1,Stem F
AAGTGAACAAAGCTCT-1,Protonephridia
AAGTGAAGTCGAGTTT-1,Neuron 4
AAGTGAAGTGAGGATC-1,Stem A
AAGTGAAGTGTCCACG-1,Neuron 4
AAGTGAATCACGAGGA-1,Muscle 1
AAGTGAATCGTAGCTA-1,Stem C
AAGTGAATCTCTCGCA-1,Muscle 2
AAGTGAATCTTCTCAA-1,Stem B
AAGTTCGCAAATGGAT-1,Stem F
AAGTTCGGTCCGAAAG-1,Protonephridia
AATAGAGAGCAGTACG-1,Stem A
AATAGAGCACGTATAC-1,Muscle 1
AATAGAGCAGACGCTC-1,Stem C
AATAGAGTCAACGAGG-1,Muscle 1
AATAGAGTCGGCAGTC-1,Ciliary plate
AATAGAGTCTTGTGCC-1,Protonephridia
AATAGAGTCTTTCAGT-1,Protonephridia
AATCACGAGCATGGGT-1,Muscle 1
AATCACGAGCTCGAAG-1,Stem A
AATCACGAGGATTACA-1,Stem C
AATCACGAGTGAGTGC-1,Muscle 1
AATCACGCAAACGAGC-1,Muscle 1
AATCACGCAGACACAG-1,Stem C
AATCACGCAGTAGAGC-1,Ciliary plate
AATCACGGTCAATCTG-1,Parenchyma 1
AATCGACAGCTCTATG-1,Stem F
AATCGACAGGATACAT-1,Stem F
AATCGACCATGGGTCC-1,Parenchyma 1
AATCGACGTCGGCCTA-1,Stem D
AATCGACTCACACGAT-1,Neuron 2
AATCGACTCCTACGGG-1,Ciliary plate
AATCGACTCGCTTTAT-1,Stem F
AATCGACTCGGAATTC-1,Muscle 2
AATCGACTCTCATTGT-1,Neuron 4
AATCGTGAGATCGCCC-1,Muscle 1
AATCGTGAGCCGCTTG-1,Stem D
AATCGTGAGGCGAACT-1,Stem F
AATCGTGCAGCTATAC-1,Stem E
AATCGTGGTGCCGGTT-1,Stem C
AATCGTGGTTTACCTT-1,Parenchyma 1
AATCGTGGTTTGATCG-1,Stem C
AATCGTGTCCTGTAAG-1,Muscle 1
AATCGTGTCGTCAGAT-1,Neuron 4
AATGAAGAGGCGATAC-1,Neuron 5
AATGAAGCAAGTATAG-1,Parenchyma 1
AATGAAGCACATAACC-1,Muscle 1
AATGAAGCACGTTGGC-1,Stem D
AATGAAGGTACCCGAC-1,Neuron 4
AATGAAGTCCCTCAAC-1,Neuron 1
AATGAAGTCGAAGCCC-1,Stem F
AATGAAGTCTATTGTC-1,Parenchyma 2
AATGAAGTCTGGGTCG-1,Stem A
AATGACCCAGTTACCA-1,Parenchyma 2
AATGACCGTCTGCAAT-1,Stem C
AATGACCGTGGCATCC-1,Neuron 4
AATGCCACAACAAGAT-1,Tegument
AATGCCACACGCTTAA-1,Muscle 2
AATGCCACAGCGACCT-1,Stem D
AATGCCACATATTCGG-1,Muscle 1
AATGCCAGTATCAGGG-1,Stem F
AATGCCATCATTGCGA-1,Stem F
AATGCCATCTCTATAC-1,Parenchyma 1
AATGGAAAGGTCGTCC-1,Muscle 2
AATGGAACAAGGCAAC-1,Parenchyma 1
AATGGAACACCGCTGA-1,Stem C
AATGGAACATGTTCGA-1,Neuron 1
AATGGAAGTGACCGAA-1,Stem F
AATGGAAGTGCCCTTT-1,Muscle 1
AATGGAAGTTATTCCT-1,Muscle 1
AATGGAATCCCTCGTA-1,Stem E
AATGGCTAGACCAACG-1,Muscle 2
AATGGCTCATTCGATG-1,Neuron 1
AATGGCTGTTTACGAC-1,Muscle 2
AATGGCTTCTCTTAAC-1,Stem D
AATTCCTAGAGAGCAA-1,Muscle 1
AATTCCTAGGGAGTTC-1,Muscle 2
AATTCCTCAAGGGTCA-1,Stem F
AATTCCTCACATGACT-1,Stem F
AATTCCTCACCCATAA-1,Stem B
AATTCCTCATACGCAT-1,Neuron 4
AATTCCTTCACCATAG-1,Stem C
AATTCCTTCGCAAGAG-1,Stem E
AATTTCCAGCTACAAA-1,Parenchyma 2
AATTTCCCAAAGGGTC-1,Parenchyma 1
AATTTCCCATGAGATA-1,Stem A
AATTTCCGTACGTTCA-1,Muscle 1
AATTTCCGTCGAATGG-1,Stem B
AATTTCCGTTTCGATG-1,Muscle 2
ACAAAGAAGCATCAGG-1,Muscle 2
ACAAAGACAACACACT-1,Parenchyma 1
ACAAAGACAGTGGGTA-1,Tegument
ACAAAGAGTCAAAGAT-1,Parenchyma 1
ACAAAGAGTCCTCCTA-1,Protonephridia
ACAAAGATCTCTAAGG-1,Muscle 2
ACAACCAAGACATCCT-1,Muscle 1
ACAACCAAGTCACTGT-1,Stem B
ACAACCAGTTCATCTT-1,Muscle 1
ACAACCATCGACATTG-1,Muscle 1
ACAAGCTAGGGCAAGG-1,Muscle 1
ACAAGCTAGGTAGATT-1,Neuron 5
ACAAGCTGTCATCACA-1,Muscle 1
ACAAGCTGTCCAATCA-1,Neuron 2
ACAAGCTTCGAGTCTA-1,Protonephridia
ACAAGCTTCTCGTCGT-1,Muscle 1
ACACAGTAGGAGAGGC-1,Tegument
ACACAGTAGGCTTTCA-1,Muscle 1
ACACAGTGTACGTACT-1,Tegument
ACACAGTGTAGGTACG-1,Muscle 2
ACACAGTGTCCTACGG-1,Stem F
ACACAGTTCAGCTGAT-1,Stem B
ACACAGTTCTTGGCTC-1,Stem C
ACACCAAAGCATGTTC-1,Protonephridia
ACACCAAAGGCTCTAT-1,Protonephridia
ACACCAAAGTCACTAC-1,Muscle 2
ACACCAAAGTTGTAAG-1,Muscle 1
ACACCAACACATAACC-1,Muscle 1
ACACCAACAGAACTTC-1,Neuron 5
ACACCAACATCGGATT-1,Muscle 1
ACACCAATCGAGATAA-1,Muscle 1
ACACGCGAGAAGTCCG-1,Stem C
ACACGCGAGCCTGTCG-1,Muscle 1
ACACGCGAGCTCTATG-1,Muscle 1
ACACGCGCACGGCTAC-1,Stem D
ACACGCGCAGACCCGT-1,Stem B
ACACGCGGTGGTCTCG-1,Neuron 1
ACACTGAAGAAGAGCA-1,Neuron 1
ACACTGAAGTCGAAGC-1,Parenchyma 1
ACACTGAAGTTCACTG-1,Muscle 1
ACACTGAGTCAGACTT-1,Parenchyma 1
ACACTGAGTCATAAAG-1,Stem A
ACAGAAAAGATTGACA-1,Parenchyma 2
ACAGAAACAATCCTAG-1,Stem A
ACAGAAACAGCGTGCT-1,Stem C
ACAGAAAGTCGAACGA-1,Stem C
ACAGAAAGTGAATGTA-1,Neuron 1
ACAGCCGAGTGTTGAA-1,Stem C
ACAGCCGCAGGACAGT-1,Neuron 4
ACAGCCGGTATGAAGT-1,Stem A
ACAGCCGGTGCAATGG-1,Neuron 1
ACAGCCGTCCGCAAAT-1,Stem F
ACAGCCGTCGCTCTAC-1,Neuron 4
ACAGGGACAAATCAGA-1,Stem C
ACAGGGAGTTCTTGTT-1,Muscle 1
ACAGGGATCAAGTGTC-1,Stem F
ACAGGGATCACCCTCA-1,Neuron 1
ACAGGGATCTGCCCTA-1,Neuron 4
ACATCCCAGCCTCGTG-1,Stem C
ACATCCCAGGAATCGC-1,Stem F
ACATCCCAGGGTAATT-1,Muscle 2
ACATCCCAGTACCGGA-1,Muscle 2
ACATCCCCACGCCAGT-1,Stem F
ACATCCCGTACCACGC-1,Muscle 2
ACATCCCGTCCCGGTA-1,Muscle 1
ACATCCCTCCCTCTTT-1,Muscle 2
ACATCCCTCGTTCTCG-1,Stem B
ACATCGAAGTCGTCTA-1,Stem D
ACATCGACACGTAGAG-1,Stem A
ACATCGAGTCATTCCC-1,Muscle 1
ACATCGATCTTTCAGT-1,Neuron 1
ACATGCAAGACCCTTA-1,Protonephridia
ACATGCACAACCCTCT-1,Stem F
ACATGCACACCCTAAA-1,Protonephridia
ACATGCACACGCAAAG-1,Stem F
ACATGCACATAATCCG-1,Neuron 1
ACATGCACATCCGATA-1,Neuron 2
ACATGCAGTAGAGATT-1,Stem A
ACATGCAGTCATATGC-1,Stem F
ACATGCATCAACTCTT-1,Stem D
ACATGCATCACAACCA-1,Muscle 1
ACATGCATCTTGTTAC-1,Muscle 1
ACATTTCAGGCAGGTT-1,Protonephridia
ACATTTCCAATCCTAG-1,Muscle 1
ACCAAACAGCTCTTCC-1,Protonephridia
ACCAAACCAAGAGAGA-1,Stem F
ACCAAACGTCATACCA-1,Muscle 1
ACCAAACGTCGCTTGG-1,Stem F
ACCAAACTCCGTGGCA-1,Muscle 1
ACCAAACTCGGCATCG-1,Muscle 1
ACCAAACTCTATTCGT-1,Stem A
ACCAACACACATGGTT-1,Muscle 1
ACCAACAGTGAGTGAC-1,Stem C
ACCAACATCTACAGGT-1,Neuron 5
ACCACAAAGACCAGCA-1,Muscle 1
ACCACAACAGTCGTTA-1,Neuron 1
ACCATTTAGCAAATGT-1,Parenchyma 2
ACCATTTCAATAAGGT-1,Muscle 2
ACCATTTCAATAGGGC-1,Stem E
ACCATTTCACGCACCA-1,Neuron 4
ACCATTTGTAACATCC-1,Muscle 2
ACCATTTTCTGCGGAC-1,Stem B
ACCCAAAAGGCCACCT-1,Tegument
ACCCAAACAAGCGATG-1,Stem F
ACCCAAAGTGCCGTTG-1,Neuron 1
ACCCAAATCTATCGGA-1,Stem A
ACCCTCAAGAGCAGAA-1,Protonephridia
ACCCTCAAGCACTAGG-1,Stem C
ACCCTCACAACTGCCG-1,Stem A
ACCCTCACACCTCTAC-1,Muscle 2
ACCCTCAGTTGTACGT-1,Muscle 1
ACCCTCATCAAAGACA-1,Stem C
ACCCTCATCACTTTGT-1,Muscle 1
ACCCTCATCGCGTGCA-1,Stem F
ACCCTCATCTATTCGT-1,Muscle 1
ACCCTTGAGGTCGACA-1,Muscle 1
ACCCTTGCACATAACC-1,Neuron 4
ACCCTTGCAGGCACAA-1,Protonephridia
ACCCTTGGTCCCGTGA-1,Stem D
ACCCTTGGTTGAATCC-1,Muscle 1
ACCCTTGTCCCTCTTT-1,Muscle 1
ACCCTTGTCGACCCAG-1,Muscle 1
ACCCTTGTCGAGATAA-1,Parenchyma 1
ACCCTTGTCTCCTACG-1,Muscle 2
ACCGTTCAGGCAGTCA-1,Muscle 1
ACCGTTCAGTCATCGT-1,Stem F
ACCGTTCCAAGTGGAC-1,Stem D
ACCGTTCGTAGTCCTA-1,Neuron 2
ACCGTTCGTCACTTAG-1,Stem D
ACCGTTCGTGTGCCTG-1,Parenchyma 1
ACCGTTCTCATCCTAT-1,Muscle 2
ACCTACCAGACCGTTT-1,Stem B
ACCTACCAGGTTCACT-1,Muscle 1
ACCTACCCAACTGATC-1,Muscle 2
ACCTACCGTAATGCTC-1,Protonephridia
ACCTACCGTACAAAGT-1,Stem C
ACCTACCTCGTAGGAG-1,Stem C
ACCTACCTCTTAGCCC-1,Stem F
ACCTGAAAGTGTCATC-1,Neuron 1
ACCTGAAGTTCGGTCG-1,Stem E
ACCTGAATCACCGACG-1,Stem G
ACCTGAATCTAGGCCG-1,Stem B
ACCTGTCAGACTCATC-1,Neuron 2
ACCTGTCAGGAATCGC-1,Stem G
ACCTGTCAGGACAGCT-1,Muscle 1
ACCTGTCAGTGCTCGC-1,Ciliary plate
ACCTGTCAGTTAGAAC-1,Neuron 1
ACCTGTCAGTTGTCGT-1,Stem A
ACCTGTCCAACTCCAA-1,Neuron 2
ACCTGTCGTGTCTCCT-1,Stem C
ACCTGTCTCAGACCTA-1,Muscle 1
ACCTGTCTCGCTATTT-1,Stem D
ACGATCAAGGGTAGCT-1,Muscle 1
ACGATCAGTCGATTCA-1,Stem C
ACGATCAGTCTCTCTG-1,Stem D
ACGATCATCATCGGGC-1,Stem C
ACGATCATCGGATACT-1,Stem A
ACGATGTCAACAGAGC-1,Stem C
ACGATGTCATCCTAAG-1,Stem F
ACGATGTGTGGCGTAA-1,Neuron 5
ACGATGTTCCAGCCTT-1,Stem D
ACGATGTTCCATCTAT-1,Muscle 1
ACGATGTTCGTGGCTG-1,Stem A
ACGCACGAGTACCATC-1,Stem D
ACGCACGCAGTCGTTA-1,Stem F
ACGCACGGTACCACGC-1,Tegument
ACGCACGGTTCGTGCG-1,Stem B
ACGCACGTCCCTTTGG-1,Tegument
ACGCACGTCGTAGCTA-1,Stem C
ACGGAAGAGGCACAAC-1,Neuron 4
ACGGAAGGTATGACAA-1,Parenchyma 1
ACGGAAGGTCTCGCGA-1,Parenchyma 1
ACGGAAGTCCACTTTA-1,Stem A
ACGGAAGTCGAGCCTG-1,Neuron 2
ACGGGTCGTAATCAGA-1,Stem A
ACGGGTCTCAAATAGG-1,Muscle 1
ACGGGTCTCAGCCTCT-1,Muscle 1
ACGGTCGAGACCATGG-1,Stem C
ACGGTCGAGTCATGCT-1,Muscle 1
ACGGTCGAGTTCACTG-1,Stem A
ACGGTCGCATCTATCT-1,Stem F
ACGGTCGGTCGAGTTT-1,Neuron 4
ACGGTTAAGTACCGGA-1,Stem B
ACGGTTACACAATTCG-1,Stem D
ACGGTTATCAAGTCGT-1,Parenchyma 2
ACGGTTATCCACCCTA-1,Stem F
ACGTAACAGGATATGT-1,Muscle 1
ACGTAACAGTTGCGCC-1,Neuron 4
ACGTAACCAGAGGACT-1,Muscle 2
ACGTAACGTCCAACGC-1,Stem F
ACGTAACGTTTCTTAC-1,Stem C
ACGTAACTCACACCGG-1,Stem A
ACGTACAAGTCAGCCC-1,Neuron 1
ACGTACAGTCTAACGT-1,Parenchyma 1
ACGTACATCCGACGGT-1,Neuron 4
ACGTAGTAGATGACCG-1,Stem F
ACGTAGTAGGACAAGA-1,Stem A
ACGTAGTCAAGTACCT-1,Neuron 5
ACGTAGTCAATAGTAG-1,Muscle 1
ACGTAGTGTAGATTGA-1,Stem C
ACGTAGTGTAGCTGCC-1,Muscle 1
ACGTAGTGTGACATCT-1,Parenchyma 1
ACGTAGTTCATGCATG-1,Stem B
ACGTAGTTCCTGTAAG-1,Protonephridia
ACGTCCTAGAAGCGAA-1,Parenchyma 1
ACGTCCTAGCCATTCA-1,Muscle 1
ACGTCCTAGCTGAGCA-1,Stem D
ACGTCCTAGCTTGTGT-1,Stem A
ACGTCCTCAACTAGAA-1,Parenchyma 1
ACGTCCTCAGTTACCA-1,Muscle 1
ACGTCCTTCCGCACTT-1,Stem D
ACGTCCTTCGCCATAA-1,Stem D
ACGTTCCAGAGAGGTA-1,Muscle 1
ACGTTCCAGGACACTG-1,Stem B
ACGTTCCCACCACTGG-1,Stem B
ACGTTCCCACGCCAGT-1,Stem B
ACGTTCCCAGTCTCTC-1,Stem F
ACGTTCCGTCCTACAA-1,Muscle 1
ACGTTCCGTCTGATCA-1,Neuron 1
ACGTTCCGTCTTGCTC-1,Stem F
ACGTTCCGTTGTGCCG-1,Stem F
ACGTTCCTCCAAGCCG-1,Stem D
ACGTTCCTCGACGCGT-1,Stem D
ACGTTCCTCTGGTGGC-1,Muscle 2
ACTACGACAAGGTCTT-1,Stem A
ACTACGAGTATCGGTT-1,Neuron 4
ACTACGAGTTGCGGAA-1,Stem E
ACTACGATCAACCGAT-1,Stem D
ACTACGATCACATACG-1,Parenchyma 2
ACTACGATCCAAGCTA-1,Stem C
ACTACGATCGATTGAC-1,Muscle 1
ACTACGATCGGTGAAG-1,Stem A
ACTACGATCTTCTGGC-1,Stem D
ACTATCTAGAGTATAC-1,Muscle 1
ACTATCTAGTAAGACT-1,Muscle 1
ACTATCTCACGAAAGC-1,Parenchyma 1
ACTATCTGTTCTTCAT-1,Muscle 2
ACTATCTTCCGCACTT-1,Stem F
ACTATCTTCGCATTGA-1,Neuron 1
ACTATGGCAGACAAGC-1,Neuron 1
ACTATTCAGTACTGGG-1,Parenchyma 2
ACTATTCCAAGATTGA-1,Muscle 1
ACTATTCCAAGCGAGT-1,Protonephridia
ACTCCCAAGCTACAAA-1,Muscle 2
ACTCCCAAGCTTAAGA-1,Neuron 4
ACTCCCAGTTCTCGTC-1,Stem F
ACTCCCATCTGGAGAG-1,Stem C
ACTCCCATCTGTCCGT-1,Stem C
ACTCTCGCAATTCTTC-1,Stem G
ACTCTCGCACCAGTTA-1,Stem B
ACTCTCGCATGAATAG-1,Stem F
ACTCTCGGTCATAGTC-1,Muscle 2
ACTCTCGGTCGAAGCA-1,Protonephridia
ACTCTCGGTTCTCTCG-1,Stem E
ACTCTCGTCGTACACA-1,Stem D
ACTCTCGTCTTTACAC-1,Muscle 1
ACTGATGGTCTTACAG-1,Neuron 1
ACTGATGTCAGCTTGA-1,Stem C
ACTGATGTCGCGGACT-1,Parenchyma 1
ACTGCAACAAGATGTA-1,Tegument
ACTGCAACATATCGGT-1,Stem F
ACTGCAAGTGACATCT-1,Muscle 1
ACTGCAAGTTTCAGAC-1,Parenchyma 2
ACTGCAATCCACTTCG-1,Muscle 1
ACTGTCCAGCGGACAT-1,Muscle 2
ACTGTCCAGGTAAGGA-1,Stem D
ACTGTCCCACAATTCG-1,Tegument
ACTGTCCCAGACTGCC-1,Stem A
ACTGTCCGTATCGGTT-1,Stem C
ACTGTCCTCCTATTTG-1,Muscle 1
ACTGTCCTCGTTCCCA-1,Muscle 1
ACTGTCCTCTATCGCC-1,Stem E
ACTGTGAAGAAATTGC-1,Muscle 1
ACTGTGAAGGTAGCCA-1,Stem A
ACTGTGACAAAGGGCT-1,Stem B
ACTGTGACAGCACACC-1,Neuron 4
ACTGTGAGTGAGAACC-1,Muscle 1
ACTGTGAGTGTTAGCT-1,Stem C
ACTGTGAGTTGCAACT-1,Protonephridia
ACTGTGATCCATCAGA-1,Muscle 2
ACTGTGATCCGGTTCT-1,Muscle 1
ACTGTGATCCTCTGCA-1,Ciliary plate
ACTTAGGAGCTAATGA-1,Neuron 1
ACTTAGGCAGAGTGAC-1,Stem C
ACTTAGGCAGCCATTA-1,Stem F
ACTTAGGGTCGTGGAA-1,Parenchyma 1
ACTTAGGTCCGCAGTG-1,Parenchyma 1
ACTTAGGTCTGGAGAG-1,Stem A
ACTTATCAGGTTCAGG-1,Muscle 1
ACTTATCGTAGATTAG-1,Muscle 1
ACTTATCGTTCAGCTA-1,Stem D
ACTTATCTCGGTGTAT-1,Parenchyma 2
ACTTATCTCTGGGCAC-1,Stem D
ACTTCCGCACACGTGC-1,Stem B
ACTTCCGCAGAGTAAT-1,Muscle 2
ACTTCCGGTGCCCAGT-1,Stem C
ACTTCGCTCGGTAGAG-1,Stem B
ACTTTCAAGATTCGAA-1,Stem F
ACTTTCACACCTGTCT-1,Muscle 2
ACTTTCACAGCTCTGG-1,Parenchyma 1
ACTTTCACATCAGTGT-1,Ciliary plate
ACTTTCAGTATCCTCC-1,Stem A
ACTTTCAGTATGCAAA-1,Muscle 2
ACTTTCATCCAAGCCG-1,Stem E
ACTTTCATCCGGTTCT-1,Ciliary plate
ACTTTCATCGTCCATC-1,Protonephridia
ACTTTGTAGGGTATAT-1,Neuron 1
ACTTTGTCACGACGCT-1,Stem F
ACTTTGTCAGTATACC-1,Tegument
ACTTTGTTCATTGTGG-1,Parenchyma 1
ACTTTGTTCCATTCGC-1,Muscle 1
ACTTTGTTCCCGTTCA-1,Parenchyma 1
ACTTTGTTCTACGGGC-1,Stem A
ACTTTGTTCTCATTAC-1,Parenchyma 2
ACTTTGTTCTTTGCGC-1,Tegument
AGAAATGAGACATAAC-1,Protonephridia
AGAAATGAGTGGCAGT-1,Neuron 5
AGAAATGCACAGTGTT-1,Parenchyma 2
AGAAATGCATGTGGTT-1,Neuron 1
AGAAATGGTAGGCTCC-1,Tegument
AGAAATGTCTCGGTAA-1,Stem C
AGAAATGTCTGAGGCC-1,Stem F
AGAACAAGTAATGCGG-1,Neuron 4
AGAACAAGTACGGCAA-1,Stem B
AGAACAATCCCTCTTT-1,Stem F
AGAACCTAGTAGGCCA-1,Stem A
AGAACCTCATCTGTTT-1,Muscle 1
AGAACCTGTAACGCGA-1,Tegument
AGAACCTGTGACAACG-1,Stem C
AGAACCTGTGCTGATT-1,Stem A
AGAACCTTCAACGTGT-1,Protonephridia
AGAACCTTCGCTCTAC-1,Stem A
AGAACCTTCTTTGCGC-1,Stem A
AGAAGCGAGACTCTTG-1,Muscle 1
AGAAGCGCATATCTGG-1,Muscle 1
AGAAGCGGTCCAGCAC-1,Parenchyma 2
AGAAGCGGTCCTACAA-1,Parenchyma 1
AGAAGCGGTTAAACAG-1,Muscle 1
AGAAGCGTCCAATGCA-1,Stem B
AGAAGTAAGTTCCGGC-1,Stem A
AGAAGTACACCTCAGG-1,Stem D
AGAAGTACAGCACCCA-1,Parenchyma 2
AGAAGTACATGGCTGC-1,Parenchyma 1
AGAAGTAGTAGCGTCC-1,Neuron 1
AGAAGTAGTCCGAAGA-1,Stem B
AGACAAAAGCCATATC-1,Protonephridia
AGACAAAAGTAGGAAG-1,Parenchyma 1
AGACAAACAACCGTGC-1,Stem B
AGACAAACAGCACCCA-1,Muscle 2
AGACAAAGTGCTGCAC-1,Stem C
AGACACTAGACAGTCG-1,Stem B
AGACACTCAAAGGGTC-1,Tegument
AGACACTGTATACGGG-1,Stem D
AGACACTGTGAAGCTG-1,Parenchyma 1
AGACACTGTTCCGCAG-1,Muscle 2
AGACACTTCTTTACAC-1,Muscle 2
AGACAGGAGCCGGATA-1,Stem B
AGACAGGAGTAGACAT-1,Muscle 1
AGACAGGCAAATAAGC-1,Neuron 4
AGACAGGCACACAGCC-1,Parenchyma 2
AGACAGGCATAACGGG-1,Parenchyma 1
AGACAGGCATTCAGCA-1,Neuron 4
AGACAGGCATTGAGGG-1,Muscle 2
AGACAGGGTCGAGCAA-1,Stem C
AGACAGGGTTGACTGT-1,Stem F
AGACAGGTCACGACTA-1,Stem C
AGACAGGTCGGAGTGA-1,Stem A
AGACAGGTCTACCACC-1,Parenchyma 1
AGACCATAGAACTTCC-1,Muscle 1
AGACCATGTCACGCTG-1,Tegument
AGACCATTCTGAATGC-1,Muscle 1
AGACCATTCTTTCGAT-1,Parenchyma 1
AGACCCGGTACAGGTG-1,Muscle 1
AGACCCGGTAGTAAGT-1,Stem C
AGACCCGGTCCTCAGG-1,Parenchyma 2
AGACCCGTCGGAGTGA-1,Neuron 2
AGACTCAAGACGTCCC-1,Stem F
AGACTCAAGATACCAA-1,Muscle 2
AGACTCAAGCCTGAAG-1,Neuron 1
AGACTCACAATGGGTG-1,Muscle 1
AGACTCACAGGTGTGA-1,Tegument
AGACTCAGTCGCATGC-1,Neuron 2
AGACTCAGTCGTATTG-1,Stem C
AGACTCAGTGTGACCC-1,Stem D
AGACTCAGTTCTTAGG-1,Stem C
AGACTCATCATTGAGC-1,Muscle 1
AGACTCATCCAGTTCC-1,Protonephridia
AGAGAATCAATTCTTC-1,Stem A
AGAGAATGTGAAGCTG-1,Muscle 2
AGAGAATGTGCGTCGT-1,Stem B
AGAGAGCAGAGTAACT-1,Stem A
AGAGAGCAGATCCGAG-1,Stem A
AGAGAGCAGATTAGAC-1,Muscle 2
AGAGAGCCATACTGAC-1,Muscle 1
AGAGAGCGTAGCTGCC-1,Stem D
AGAGAGCGTATGAGGC-1,Muscle 2
AGAGAGCGTTCCTTGC-1,Parenchyma 2
AGAGAGCTCAGGGATG-1,Neuron 1
AGAGAGCTCCAAGCAT-1,Parenchyma 1
AGAGAGCTCGTTCTGC-1,Stem F
AGAGCAGAGCCACAAG-1,Stem A
AGAGCAGAGGTTCAGG-1,Muscle 1
AGAGCAGCAAGATCCT-1,Parenchyma 1
AGAGCAGGTCACTCGG-1,Stem A
AGAGCAGGTCGTAATC-1,Stem C
AGAGCAGTCATGTCAG-1,Stem C
AGAGCAGTCGCGCTGA-1,Neuron 2
AGAGCAGTCGTCTACC-1,Stem C
AGAGCCCAGAGTTGTA-1,Stem D
AGAGCCCAGGTCGACA-1,Muscle 2
AGAGCCCCAATGCAGG-1,Neuron 1
AGAGCCCGTAGGGTAC-1,Muscle 1
AGAGCCCTCCAGTACA-1,Neuron 4
AGAGCCCTCGTTAGAC-1,Protonephridia
AGATAGAAGCATGAAT-1,Stem F
AGATAGAAGTCTGTAC-1,Neuron 4
AGATAGACACCTCGTT-1,Parenchyma 1
AGATAGACAGAGAATT-1,Stem F
AGATAGACAGCTGTTA-1,Neuron 1
AGATAGAGTACAAGCG-1,Ciliary plate
AGATAGAGTGACTATC-1,Stem D
AGATAGAGTGCAACAG-1,Neuron 1
AGATAGAGTTAAGTCC-1,Stem B
AGATAGATCATCTCTA-1,Muscle 2
AGATAGATCTCCCATG-1,Stem F
AGATCCAGTAACTAAG-1,Neuron 1
AGATCCAGTTATAGAG-1,Neuron 1
AGATCCATCGGTCATA-1,Stem F
AGATCGTAGCTTTCCC-1,Neuron 4
AGATCGTCACCGAATT-1,Muscle 1
AGATCGTCAGGTGGAT-1,Stem B
AGATCGTCATCCCGTT-1,Muscle 1
AGATCGTGTTGTCTAG-1,Stem F
AGATCGTTCCACTTTA-1,Parenchyma 2
AGATGAAAGCCAAGGT-1,Stem F
AGATGAAAGGTAAGTT-1,Stem F
AGATGAAAGTCGCCCA-1,Stem A
AGATGAAGTAACGTTC-1,Parenchyma 1
AGATGAAGTTAAACCC-1,Parenchyma 1
AGATGAATCTTCCGTG-1,Neuron 4
AGATGCTAGCTAGAAT-1,Neuron 4
AGATGCTTCCACCTGT-1,Muscle 2
AGATGCTTCCCGAGTG-1,Stem D
AGATGCTTCCGAGGCT-1,Muscle 1
AGATGCTTCTTCCCGA-1,Neuron 1
AGCATCAAGCACCGTC-1,Muscle 1
AGCATCACAAGGATGC-1,Neuron 5
AGCATCACAAGTTGGG-1,Parenchyma 2
AGCATCACATCCGTTC-1,Stem C
AGCATCAGTCCAGCAC-1,Muscle 2
AGCATCATCAGGACGA-1,Muscle 1
AGCATCATCCATCTAT-1,Neuron 4
AGCATCATCGGCTGTG-1,Muscle 1
AGCATCATCGTGAGAG-1,Muscle 1
AGCCAATCAATACCTG-1,Stem E
AGCCAATGTCCCTCAT-1,Muscle 1
AGCCAATGTTCTATCT-1,Stem E
AGCCAATTCCTCTTTC-1,Muscle 1
AGCCACGAGCCATTGT-1,Muscle 1
AGCCACGCACCGTCGA-1,Neuron 5
AGCCACGCAGCCTTCT-1,Parenchyma 1
AGCCACGGTGAGAGGG-1,Stem C
AGCCACGGTTTCCAAG-1,Neuron 1
AGCCACGTCGTTCCTG-1,Stem E
AGCCACGTCTCGGCTT-1,Muscle 1
AGCCACGTCTTTCTAG-1,Parenchyma 1
AGCCAGCAGCATGCAG-1,Stem C
AGCCAGCCAAATGAAC-1,Stem F
AGCCAGCCATCGAACT-1,Stem D
AGCCAGCGTGAACCGA-1,Stem A
AGCCAGCTCCCATTTA-1,Stem A
AGCCAGCTCGCAGTTA-1,Muscle 1
AGCCAGCTCTAATTCC-1,Neuron 1
AGCCAGCTCTTAGTTC-1,Tegument
AGCGATTAGAGCATAT-1,Stem C
AGCGATTAGCCTGTCG-1,Stem B
AGCGATTAGCTCAGAG-1,Muscle 2
AGCGATTCAATTAGGA-1,Muscle 1
AGCGATTTCGCGTCGA-1,Stem A
AGCGATTTCTGTCAGA-1,Neuron 1
AGCGCCAAGGACAGTC-1,Tegument
AGCGCCACAGCACGAA-1,Stem A
AGCGCCACAGTCGCTG-1,Stem F
AGCGCCAGTTACGGAG-1,Stem D
AGCGCCATCCCGAATA-1,Parenchyma 1
AGCGCCATCCTCGCAT-1,Neuron 2
AGCGCCATCTGCGTCT-1,Neuron 5
AGCGCTGCACGTACTA-1,Neuron 4
AGCGCTGCATGGCTAT-1,Neuron 1
AGCGCTGTCACCCTGT-1,Stem C
AGCGCTGTCATGGCCG-1,Stem A
AGCGTATTCGACCACG-1,Stem C
AGCGTCGAGCAGTACG-1,Stem D
AGCGTCGAGCCAACCC-1,Tegument
AGCGTCGCACCTTCGT-1,Stem F
AGCGTCGGTTCTCGCT-1,Stem C
AGCGTCGTCGGAGATG-1,Tegument
AGCTACACAATTGCGT-1,Stem D
AGCTACACAGAAGTGC-1,Protonephridia
AGCTACAGTGCATGAG-1,Stem D
AGCTACAGTTGCCGCA-1,Muscle 1
AGCTCAAAGCACTAAA-1,Stem D
AGCTCAAAGCCAAGTG-1,Muscle 1
AGCTCAAAGGTAAACT-1,Muscle 1
AGCTCAAAGTGCCGAA-1,Neuron 1
AGCTCAACACTCTGCT-1,Stem D
AGCTCAATCTCCAAGA-1,Stem D
AGCTTCCAGATGTAGT-1,Neuron 5
AGCTTCCAGTGGGAAA-1,Parenchyma 2
AGCTTCCCAAAGTATG-1,Stem D
AGCTTCCGTCATACCA-1,Stem D
AGCTTCCGTCTTGGTA-1,Stem A
AGCTTCCTCATTTCGT-1,Muscle 1
AGGAAATAGCCATCCG-1,Stem C
AGGAAATCACCTTCGT-1,Stem F
AGGAAATCAGACAATA-1,Muscle 1
AGGAAATGTATACCTG-1,Neuron 4
AGGAAATGTGGGACAT-1,Muscle 1
AGGAAATGTGTATTCG-1,Stem C
AGGAAATTCGATACAC-1,Parenchyma 2
AGGAAATTCTGATGGT-1,Stem B
AGGAATAAGAGTGACC-1,Stem D
AGGAATAAGGTCGTGA-1,Muscle 2
AGGAATAGTCGCATCG-1,Muscle 1
AGGAATAGTCGTACAT-1,Muscle 2
AGGAATAGTTATTCCT-1,Muscle 1
AGGAATAGTTCGGCTG-1,Stem B
AGGAATATCCGTGGCA-1,Parenchyma 1
AGGACGAAGGAGTACC-1,Neuron 1
AGGACGACAGTTTGGT-1,Parenchyma 2
AGGACGATCAAGTTGC-1,Stem D
AGGACGATCATAGGCT-1,Parenchyma 1
AGGACGATCGGTAACT-1,Parenchyma 1
AGGACTTAGGGAGGTG-1,Stem F
AGGACTTCACCGAATT-1,Stem D
AGGACTTCACGCTTAA-1,Muscle 2
AGGACTTCATCGTGCG-1,Stem B
AGGACTTGTCCTGTCT-1,Tegument
AGGACTTTCGTGCTCT-1,Muscle 1
AGGACTTTCTCCTGCA-1,Neuron 1
AGGAGGTCAACCGTAT-1,Muscle 2
AGGAGGTCAATCGAAA-1,Stem A
AGGAGGTCACCTAAAC-1,Stem B
AGGAGGTGTAGGCTCC-1,Stem F
AGGAGGTGTGGACCAA-1,Parenchyma 1
AGGAGGTTCACGATAC-1,Muscle 1
AGGATAAAGAGGGTCT-1,Stem B
AGGATAAAGCTCCGAC-1,Neuron 4
AGGATAAAGTAACCGG-1,Neuron 4
AGGATAACAAAGGCAC-1,Stem F
AGGATAACACCGGTCA-1,Protonephridia
AGGATAAGTACGACAG-1,Neuron 5
AGGATAAGTGCGCTCA-1,Stem C
AGGATAATCGATCCCT-1,Stem B
AGGATAATCTTCGTAT-1,Neuron 1
AGGATCTAGAGCTTTC-1,Muscle 1
AGGATCTAGCTGAGCA-1,Stem C
AGGATCTGTAGTCACT-1,Muscle 1
AGGATCTGTGCTCTCT-1,Parenchyma 1
AGGATCTTCTACACTT-1,Parenchyma 1
AGGCATTAGCACTCCG-1,Protonephridia
AGGCATTCAAGCAGGT-1,Stem A
AGGCATTCAGACGGAT-1,Stem D
AGGCATTGTACTGCGC-1,Muscle 1
AGGCATTGTCTACAGT-1,Muscle 1
AGGCATTGTGCAACAG-1,Stem A
AGGCATTTCAGAGCAG-1,Muscle 2
AGGCATTTCGGTAGAG-1,Stem C
AGGCATTTCGGTTGTA-1,Neuron 1
AGGCATTTCTGTTCAT-1,Stem B
AGGCCACCACAACCGC-1,Tegument
AGGCTGCAGCAGGCTA-1,Parenchyma 1
AGGCTGCAGGACTGGT-1,Muscle 1
AGGCTGCAGGTGCTAG-1,Stem C
AGGCTGCGTACAAGCG-1,Neuron 4
AGGCTGCGTTGTTGCA-1,Stem A
AGGCTGCTCAACTGGT-1,Neuron 1
AGGCTGCTCCGTGGCA-1,Parenchyma 1
AGGCTGCTCGATTCCC-1,Stem B
AGGCTGCTCTTAGCCC-1,Stem D
AGGGAGTCACAAGCTT-1,Protonephridia
AGGGAGTCACACAGCC-1,Neuron 2
AGGGAGTCACCAGCCA-1,Stem F
AGGGAGTCAGACCTGC-1,Parenchyma 1
AGGGAGTCATGCGGTC-1,Stem B
AGGGAGTGTGAATGTA-1,Muscle 2
AGGGAGTTCCAAAGGG-1,Parenchyma 2
AGGGAGTTCGGCCTTT-1,Stem C
AGGGCCTAGAATCGCG-1,Muscle 2
AGGGCCTAGTAGGAAG-1,Stem C
AGGGCCTCACATTCTT-1,Stem E
AGGGCCTCACTCCCTA-1,Neuron 2
AGGGCCTCATATCTCT-1,Neuron 5
AGGGCCTGTGAATTAG-1,Stem C
AGGGCCTTCAAACCCA-1,Stem C
AGGGCCTTCAAGAATG-1,Stem C
AGGGCCTTCAGAACCT-1,Stem F
AGGGCTCAGTGGACTG-1,Stem C
AGGGCTCCAAGCTGCC-1,Stem A
AGGGCTCCATCGTGGC-1,Stem D
AGGGCTCGTATGAGCG-1,Stem D
AGGGCTCGTCACTTCC-1,Muscle 1
AGGGCTCGTGTCCATA-1,Stem C
AGGGCTCTCTACTTCA-1,Muscle 1
AGGGTCCAGCGAGTAC-1,Protonephridia
AGGGTCCAGGTTAAAC-1,Muscle 1
AGGGTCCCACACGGAA-1,Neuron 1
AGGGTCCGTACGATCT-1,Stem F
AGGGTCCGTGAGGAAA-1,Stem F
AGGGTCCGTGCAGTGA-1,Stem B
AGGGTCCTCAGTGGGA-1,Muscle 1
AGGGTCCTCCCTCGTA-1,Neuron 2
AGGGTCCTCGGCATCG-1,Protonephridia
AGGGTCCTCGGCTATA-1,Muscle 1
AGGGTGAAGACATCCT-1,Stem F
AGGGTGACAGGCGATA-1,Stem F
AGGGTGAGTAGCGTTT-1,Stem C
AGGGTGAGTATAGGGC-1,Protonephridia
AGGGTGAGTCTCGCGA-1,Neuron 4
AGGGTGATCCACCTCA-1,Stem D
AGGGTTTAGAGTCACG-1,Parenchyma 2
AGGGTTTAGCCATTGT-1,Muscle 1
AGGGTTTCACTCGATA-1,Stem E
AGGGTTTGTGGCGTAA-1,Stem E
AGGTAGGAGCCGCTTG-1,Stem E
AGGTAGGGTTTACGTG-1,Stem D
AGGTAGGGTTTGGGAG-1,Muscle 1
AGGTAGGTCGTAGAGG-1,Protonephridia
AGGTCATAGGTATAGT-1,Protonephridia
AGGTCATCACACACGC-1,Stem B
AGGTCATCATGACTTG-1,Stem D
AGGTCATGTGTCTAAC-1,Protonephridia
AGGTCATGTTCTGAGT-1,Parenchyma 2
AGGTCATGTTGGTACT-1,Muscle 2
AGGTCATTCGTCACCT-1,Neuron 1
AGGTCTAAGCCTGAGA-1,Protonephridia
AGGTCTAAGGCTGTAG-1,Tegument
AGGTCTACACTATCGA-1,Muscle 2
AGGTCTACATCGATGT-1,Muscle 1
AGGTCTAGTCTTACAG-1,Muscle 1
AGGTCTAGTGAATGAT-1,Stem C
AGGTCTATCAGACCTA-1,Tegument
AGGTGTTAGTCATGGG-1,Muscle 1
AGGTGTTCACAGTACT-1,Stem A
AGGTGTTGTACAGCGA-1,Muscle 1
AGGTGTTGTAGGTGCA-1,Stem F
AGGTTACCAGAGTTCT-1,Protonephridia
AGGTTACGTATGGGAC-1,Parenchyma 1
AGGTTACGTGGTTTGT-1,Neuron 2
AGGTTACTCGAGAGCA-1,Stem C
AGGTTGTAGCTAGAAT-1,Muscle 2
AGGTTGTAGCTGACTT-1,Stem D
AGGTTGTAGTATTGCC-1,Stem C
AGGTTGTCAAATCAGA-1,Stem A
AGGTTGTCAACACACT-1,Muscle 2
AGGTTGTCACAAGTTC-1,Stem B
AGGTTGTCACTTCATT-1,Protonephridia
AGGTTGTCAGCACAAG-1,Stem E
AGGTTGTCAGCGACCT-1,Stem A
AGGTTGTGTGCAGATG-1,Neuron 1
AGGTTGTTCACTAGCA-1,Protonephridia
AGGTTGTTCCGTAGTA-1,Stem A
AGGTTGTTCTGGTGGC-1,Neuron 5
AGTAACCAGGGATGTC-1,Parenchyma 1
AGTAACCCACCTTCCA-1,Stem F
AGTAACCGTATGCGTT-1,Stem C
AGTAACCGTCACTCTC-1,Muscle 2
AGTAACCGTTGACTAC-1,Stem F
AGTAACCTCAGCCTCT-1,Stem A
AGTAACCTCCATTTAC-1,Stem F
AGTAACCTCGTTGTAG-1,Stem A
AGTACCAAGCCATCCG-1,Parenchyma 2
AGTACCAAGTTTAGGA-1,Muscle 2
AGTACCAGTACTGACT-1,Neuron 1
AGTACTGAGAAGAGCA-1,Neuron 4
AGTACTGAGCAACTCT-1,Muscle 2
AGTACTGAGGACAACC-1,Stem D
AGTACTGCATTGAGCT-1,Tegument
AGTACTGGTCATAAAG-1,Stem C
AGTACTGGTGCTAGCC-1,Stem C
AGTACTGTCGATACGT-1,Parenchyma 2
AGTACTGTCGCGCCAA-1,Neuron 1
AGTACTGTCTCAGGCG-1,Muscle 1
AGTACTGTCTCTGCTG-1,Parenchyma 1
AGTAGCTAGCTGTCCG-1,Neuron 4
AGTAGCTAGTGGTGGT-1,Neuron 4
AGTAGCTCACTTGGGC-1,Stem C
AGTAGCTGTCTGATCA-1,Muscle 2
AGTAGCTGTTCCAAAC-1,Stem A
AGTAGCTTCATTACCT-1,Parenchyma 2
AGTAGCTTCCGTATGA-1,Parenchyma 1
AGTAGCTTCTTCGCTG-1,Muscle 1
AGTAGTCAGAAGGTAG-1,Parenchyma 2
AGTAGTCAGCAGCCTC-1,Stem A
AGTAGTCAGGATCACG-1,Stem D
AGTAGTCAGGTAGATT-1,Protonephridia
AGTAGTCCACTCGATA-1,Stem D
AGTAGTCCAGCCTACG-1,Neuron 4
AGTAGTCCATCCCACT-1,Stem C
AGTAGTCGTCTACACA-1,Parenchyma 2
AGTAGTCGTGGTCCCA-1,Stem D
AGTAGTCTCCAACCGG-1,Parenchyma 2
AGTAGTCTCTCGTGGG-1,Stem C
AGTCAACCATCAGCTA-1,Parenchyma 2
AGTCAACGTCGTTTCC-1,Stem F
AGTCAACGTTTGACAC-1,Parenchyma 1
AGTCAACTCAACCGAT-1,Parenchyma 1
AGTCAACTCGTGCTCT-1,Stem D
AGTCACACAATGAGCG-1,Tegument
AGTCACAGTCCTATAG-1,Parenchyma 1
AGTCACAGTTGCCGCA-1,Muscle 1
AGTCACATCCGATGCG-1,Stem F
AGTCACATCCTGTTGC-1,Parenchyma 1
AGTCACATCTCCCATG-1,Stem A
AGTCATGAGCTGCCAC-1,Parenchyma 1
AGTCATGAGCTTCTAG-1,Stem A
AGTCATGAGTATCTGC-1,Stem A
AGTCATGCAAATGCTC-1,Stem D
AGTCATGCAAGCGAGT-1,Stem F
AGTCATGTCAACACCA-1,Protonephridia
AGTCATGTCCCTCGTA-1,Neuron 4
AGTCATGTCGGTTGTA-1,Protonephridia
AGTCTCCCACAATTCG-1,Stem E
AGTCTCCCACGGGTAA-1,Tegument
AGTCTCCTCATACAGC-1,Stem B
AGTCTCCTCTGTACAG-1,Stem A
AGTGACTAGTTGCGAG-1,Stem D
AGTGACTCAACTGAAA-1,Neuron 1
AGTGACTGTAACCCTA-1,Stem C
AGTGACTTCATGAGTC-1,Protonephridia
AGTGACTTCCGAGGCT-1,Stem E
AGTGACTTCTACGCAA-1,Neuron 4
AGTGATCAGGGACACT-1,Muscle 2
AGTGATCAGGGCGAGA-1,Neuron 4
AGTGATCAGGTTAGTA-1,Stem D
AGTGATCAGTGGGAAA-1,Muscle 2
AGTGATCCAGCTGTAT-1,Stem D
AGTGATCCAGTGTGCC-1,Muscle 1
AGTGATCGTCATCCCT-1,Stem D
AGTGATCTCAACTGAC-1,Muscle 2
AGTGATCTCTACACTT-1,Muscle 2
AGTGCCGAGAGAGCCT-1,Stem A
AGTGCCGCAAACCATC-1,Stem F
AGTGCCGCAGCACAAG-1,Muscle 1
AGTGCCGGTTACGCCG-1,Neuron 4
AGTGCCGGTTGAAGTA-1,Stem F
AGTGCCGTCAAAGCCT-1,Parenchyma 2
AGTGCCGTCAAGTGTC-1,Stem D
AGTGTTGAGAGGCGTT-1,Protonephridia
AGTGTTGAGCTAAACA-1,Muscle 1
AGTGTTGAGTCTACCA-1,Stem F
AGTGTTGCACAGCTTA-1,Stem A
AGTGTTGCACCTGCGA-1,Parenchyma 2
AGTGTTGGTCACTACA-1,Stem A
AGTTAGCAGGCGAAGG-1,Neuron 2
AGTTAGCAGTCACTGT-1,Stem D
AGTTAGCCATAGAGGC-1,Stem D
AGTTAGCCATCGAACT-1,Stem A
AGTTCCCAGAGCATCG-1,Stem E
AGTTCCCAGCTAGCCC-1,Stem A
AGTTCCCAGGGCGAAG-1,Muscle 1
AGTTCCCCAACTCGAT-1,Stem F
AGTTCCCCACCGCTGA-1,Stem B
AGTTCCCCACTACTTT-1,Muscle 1
AGTTCGAAGTCCCTAA-1,Stem A
AGTTCGAGTACAGGTG-1,Stem B
AGTTCGATCAGCTAGT-1,Stem B
AGTTCGATCCACAAGT-1,Muscle 1
ATACCGAAGATGACAT-1,Stem F
ATACCGACAACAGCCC-1,Stem B
ATACCGACAGGTCAGA-1,Muscle 2
ATACCGAGTAGGAGGG-1,Muscle 2
ATACCGAGTGTTCATG-1,Stem B
ATACCGATCGATACAC-1,Neuron 1
ATACCTTAGCAGGCAT-1,Neuron 3
ATACCTTCATAACAGA-1,Stem A
ATACCTTGTTTCACTT-1,Parenchyma 1
ATACCTTTCGCTGATA-1,Neuron 1
ATACCTTTCTCGTGAA-1,Muscle 1
ATACTTCAGAAACCAT-1,Stem D
ATACTTCAGGAATTAC-1,Stem F
ATACTTCGTTAAGGAT-1,Stem C
ATACTTCTCAACTACG-1,Neuron 1
ATACTTCTCATCAGTG-1,Parenchyma 1
ATAGACCCAGTCAGCC-1,Parenchyma 1
ATAGACCGTCGTCATA-1,Muscle 2
ATAGACCTCAAAGAAC-1,Stem C
ATAGACCTCTAGACAC-1,Muscle 1
ATAGACCTCTTACCGC-1,Muscle 1
ATAGAGAAGCAAGTGC-1,Muscle 1
ATAGAGAAGCTGGCCT-1,Stem D
ATAGAGACAAAGCTCT-1,Stem F
ATAGAGACACGTAACT-1,Parenchyma 1
ATAGAGACAGCTGTCG-1,Muscle 1
ATAGAGAGTCCGAAAG-1,Muscle 1
ATAGAGAGTGAATGAT-1,Stem C
ATAGAGAGTGCGGCTT-1,Muscle 2
ATAGGCTAGCAGCGAT-1,Neuron 1
ATAGGCTCATCCGATA-1,Stem F
ATAGGCTTCAAGATAG-1,Muscle 1
ATAGGCTTCGTTAGAC-1,Tegument
ATATCCTAGAACGTGC-1,Neuron 2
ATATCCTAGCACGGAT-1,Parenchyma 1
ATATCCTAGGTCCCGT-1,Muscle 1
ATATCCTCAGAATTCC-1,Stem F
ATATCCTGTTCTCAGA-1,Muscle 2
ATATCCTTCACACCCT-1,Muscle 1
ATATCCTTCTCTAGGA-1,Neuron 1
ATCACAGAGCATCCTA-1,Stem E
ATCACAGAGCCGTTAT-1,Muscle 1
ATCACAGAGCGCCATC-1,Stem F
ATCACAGAGCTTCATG-1,Parenchyma 1
ATCACAGAGTGAGTTA-1,Stem C
ATCACAGCACCATATG-1,Stem F
ATCACAGGTCAAAGTA-1,Stem D
ATCACAGGTTTCGTAG-1,Muscle 1
ATCACGAGTCCTCATC-1,Muscle 2
ATCACGATCTGCACCT-1,Stem A
ATCACTTAGCACCTGC-1,Stem F
ATCACTTCACATGTTG-1,Stem F
ATCACTTGTAGCACGA-1,Stem E
ATCACTTGTTGTGCAT-1,Stem B
ATCACTTTCACCCTTG-1,Neuron 4
ATCACTTTCATTGTTC-1,Stem B
ATCACTTTCTTCTTCC-1,Stem D
ATCAGGTAGCCATTTG-1,Stem C
ATCAGGTAGGTCCTGC-1,Parenchyma 2
ATCAGGTGTTCTCAGA-1,Stem C
ATCAGGTTCAGTCACA-1,Stem A
ATCAGGTTCGTTCTCG-1,Muscle 1
ATCAGGTTCTGTGTGA-1,Neuron 1
ATCATTCAGCTCGAAG-1,Parenchyma 1
ATCATTCAGTGATGGC-1,Parenchyma 1
ATCATTCCACAATCTG-1,Stem E
ATCATTCCAGTAGATA-1,Neuron 4
ATCATTCCATGACGTT-1,Stem A
ATCATTCGTTCTTGCC-1,Muscle 2
ATCATTCGTTGGGACA-1,Muscle 2
ATCATTCTCCCAGTGG-1,Muscle 1
ATCATTCTCCGATAGT-1,Neuron 1
ATCATTCTCGCAGATT-1,Parenchyma 2
ATCCACCCAAACTGCT-1,Tegument
ATCCACCCAATCTCGA-1,Stem B
ATCCACCGTCAAGTTC-1,Parenchyma 2
ATCCACCGTGAGGAAA-1,Parenchyma 2
ATCCACCGTGTTGATC-1,Parenchyma 2
ATCCACCGTTAAGACA-1,Stem D
ATCCACCGTTCCAGGC-1,Muscle 1
ATCCATTAGCGTGTTT-1,Muscle 2
ATCCATTCAAAGGCGT-1,Neuron 4
ATCCATTCACACCGAC-1,Stem F
ATCCATTGTAGAGGAA-1,Stem A
ATCCATTGTATCTCTT-1,Protonephridia
ATCCATTGTGGACTAG-1,Muscle 2
ATCCATTTCACTTTGT-1,Stem B
ATCCATTTCGAGTGAG-1,Muscle 2
ATCCCTGAGCAGTACG-1,Stem C
ATCCCTGAGGTTGGAC-1,Stem E
ATCCCTGCACCTCGTT-1,Stem C
ATCCCTGCAGCGTATT-1,Tegument
ATCCCTGCAGCTATTG-1,Protonephridia
ATCCCTGCATCTTAGG-1,Muscle 1
ATCCCTGCATTCTCTA-1,Stem F
ATCCCTGGTCGGAAAC-1,Parenchyma 2
ATCCCTGTCAAACTGC-1,Tegument
ATCCCTGTCACTGTCC-1,Muscle 2
ATCCCTGTCCAACTAG-1,Parenchyma 1
ATCCCTGTCTAGCATG-1,Muscle 1
ATCCGTCAGGCTCACC-1,Muscle 1
ATCCGTCCAGCTGTCG-1,Stem A
ATCCGTCGTCGTACTA-1,Stem C
ATCCGTCGTTAGTTCG-1,Tegument
ATCCTATAGCCACTCG-1,Parenchyma 1
ATCCTATAGCCGTTAT-1,Neuron 4
ATCCTATCAACACAAA-1,Stem C
ATCCTATCAAGAGTGC-1,Muscle 2
ATCCTATTCCGCATAA-1,Parenchyma 1
ATCCTATTCCGGCAAC-1,Muscle 1
ATCCTATTCGCTATTT-1,Stem C
ATCGATGAGATGAACT-1,Muscle 2
ATCGATGGTAATCAAG-1,Parenchyma 1
ATCGATGGTAGCGCTC-1,Stem D
ATCGATGGTCATGACT-1,Muscle 1
ATCGATGGTGACAGGT-1,Stem D
ATCGATGGTGAGTAAT-1,Stem B
ATCGATGGTTTCTATC-1,Stem G
ATCGATGTCAAGCTTG-1,Stem D
ATCGATGTCTCGTGGG-1,Parenchyma 1
ATCGCCTAGAGCCGAT-1,Stem A
ATCGCCTCACTCACTC-1,Muscle 1
ATCGCCTCACTTCTCG-1,Parenchyma 2
ATCGCCTGTATGGAAT-1,Stem C
ATCGCCTGTCTAACTG-1,Muscle 1
ATCGCCTGTTGCAAGG-1,Stem F
ATCGCCTTCCCACAGG-1,Stem F
ATCGCCTTCGTTCTCG-1,Parenchyma 2
ATCGGATAGAGATGCC-1,Stem B
ATCGGATAGATGCTGG-1,Muscle 2
ATCGGATAGGCACTCC-1,Parenchyma 1
ATCGGATAGTGATAAC-1,Neuron 5
ATCGGATAGTGCACTT-1,Parenchyma 1
ATCGGATCAAGTTTGC-1,Ciliary plate
ATCGGATCACACCTTC-1,Stem C
ATCGGATCACTGTGAT-1,Parenchyma 2
ATCGGATCAGAGGAAA-1,Muscle 1
ATCGGATGTGCATGTT-1,Muscle 1
ATCGGATGTTTCTTAC-1,Neuron 2
ATCGGATTCCGTCAAA-1,Stem A
ATCGGATTCTCTGAGA-1,Stem A
ATCGGCGAGATGGCAC-1,Stem C
ATCGGCGAGCTCAGAG-1,Stem B
ATCGGCGAGCTGGCCT-1,Neuron 1
ATCGGCGGTGACTCTA-1,Tegument
ATCGTAGTCAATGCAC-1,Muscle 1
ATCGTAGTCCATACAG-1,Parenchyma 1
ATCGTCCAGCGAAACC-1,Stem C
ATCGTCCCAGACAATA-1,Muscle 1
ATCGTCCGTAGTGCGA-1,Neuron 2
ATCGTCCGTCTCTCTG-1,Stem D
ATCGTCCTCCTACTGC-1,Muscle 1
ATCGTCCTCGGAACTT-1,Parenchyma 2
ATCGTGAAGGTCGTCC-1,Stem D
ATCGTGACAGACAAGC-1,Stem D
ATCGTGACAGCACAGA-1,Muscle 1
ATCGTGAGTAACCAGG-1,Stem E
ATCGTGAGTACCTTCC-1,Stem B
ATCGTGAGTCTTCAAG-1,Neuron 1
ATCGTGAGTTCGGACC-1,Muscle 1
ATCGTGAGTTGGATCT-1,Stem F
ATCGTGATCACACCGG-1,Muscle 1
ATCGTGATCCATACTT-1,Neuron 5
ATCGTGATCCTACCGT-1,Muscle 1
ATCGTGATCGAAGGAC-1,Muscle 1
ATCGTGATCTTCCCAG-1,Protonephridia
ATCTCTAAGGTCCCGT-1,Neuron 5
ATCTCTACAAGACGGT-1,Neuron 1
ATCTCTAGTCTTGCGG-1,Stem A
ATCTTCACAAGAGTGC-1,Neuron 1
ATCTTCATCATTACGG-1,Parenchyma 1
ATGAAAGAGCCTAACT-1,Neuron 4
ATGAAAGAGCGACTTT-1,Neuron 1
ATGAAAGAGCGTGTCC-1,Stem A
ATGAAAGCAAAGCTCT-1,Stem E
ATGAAAGCACACTTAG-1,Muscle 1
ATGAAAGCAGTGCCTG-1,Muscle 1
ATGAAAGCATTGAAAG-1,Stem F
ATGAAAGGTAGCTCGC-1,Stem B
ATGAAAGGTATGCGGA-1,Stem C
ATGAAAGTCAGGACAG-1,Muscle 1
ATGAAAGTCCACCTCA-1,Neuron 4
ATGACCAAGAAACTCA-1,Neuron 2
ATGACCAAGAGAGTTT-1,Muscle 1
ATGACCACATCGCCTT-1,Stem C
ATGACCAGTCGATTCA-1,Stem C
ATGACCATCAAACCCA-1,Protonephridia
ATGACCATCAGCCTTC-1,Tegument
ATGACCATCAGTAGGG-1,Parenchyma 1
ATGACCATCTGCATGA-1,Neuron 5
ATGAGGGCACCCTCTA-1,Parenchyma 2
ATGAGGGGTACGTGTT-1,Neuron 2
ATGAGGGTCAAGATAG-1,Muscle 1
ATGAGGGTCTCTCCGA-1,Parenchyma 2
ATGAGTCAGCATGATA-1,Stem C
ATGAGTCAGGCCTTCG-1,Parenchyma 2
ATGAGTCGTAGATCCT-1,Stem D
ATGAGTCGTTCCTAAG-1,Parenchyma 1
ATGATCGAGTCAATCC-1,Stem C
ATGATCGAGTGATAAC-1,Stem A
ATGATCGCACAGACGA-1,Stem D
ATGATCGCACCCTTGT-1,Neuron 5
ATGATCGGTGATTAGA-1,Stem F
ATGATCGGTGCAAGAC-1,Neuron 1
ATGCATGAGCGATTCT-1,Stem A
ATGCATGAGCGTGTCC-1,Stem D
ATGCATGAGGTAAGGA-1,Stem F
ATGCATGCAAAGGTTA-1,Neuron 4
ATGCATGGTTGGGATG-1,Tegument
ATGCATGGTTTAAGGA-1,Stem B
ATGCATGTCAAACCCA-1,Neuron 1
ATGCATGTCCTTGACC-1,Muscle 2
ATGCCTCAGCCTGTGC-1,Neuron 4
ATGCCTCAGGTGTGAC-1,Parenchyma 2
ATGCCTCCAAATGGAT-1,Protonephridia
ATGCCTCCAATGGGTG-1,Stem F
ATGCCTCCACAATTCG-1,Parenchyma 1
ATGCCTCGTCAACATC-1,Neuron 1
ATGCCTCGTCTTCAAG-1,Muscle 1
ATGCCTCTCGATACTG-1,Muscle 1
ATGCCTCTCTCACGAA-1,Muscle 2
ATGCGATAGCAGGCAT-1,Parenchyma 1
ATGCGATAGCGCCTAC-1,Muscle 2
ATGCGATAGTCAGAGC-1,Neuron 4
ATGCGATTCACAGAGG-1,Neuron 1
ATGCGATTCCACACAA-1,Muscle 2
ATGGAGGAGGTTGAGC-1,Stem F
ATGGAGGTCACCTCAC-1,Protonephridia
ATGGAGGTCTCAGAAC-1,Neuron 4
ATGGATCAGGTCATTC-1,Parenchyma 1
ATGGATCGTAGAGTTA-1,Stem A
ATGGATCGTCGCATGC-1,Tegument
ATGGATCGTGTTACTG-1,Muscle 1
ATGGATCGTTCGTACA-1,Muscle 1
ATGGATCTCAGAGCAG-1,Muscle 1
ATGGATCTCCCGAGTG-1,Stem A
ATGGATCTCCCTCTCC-1,Neuron 2
ATGGATCTCCGATAAC-1,Parenchyma 1
ATGGATCTCCGCACGA-1,Parenchyma 2
ATGGATCTCGACCATA-1,Neuron 4
ATGGATCTCTAGGAAA-1,Muscle 1
ATGGGAGCAATTGAAG-1,Tegument
ATGGGAGCACCCTATC-1,Neuron 1
ATGGGAGCACTGATTG-1,Muscle 2
ATGGGAGGTAGAGCTG-1,Stem A
ATGGGAGGTCCTTAAG-1,Stem A
ATGGGAGGTGCGAGTA-1,Muscle 1
ATGGGAGTCCAGCCTT-1,Neuron 4
ATGGGAGTCGGTCACG-1,Parenchyma 1
ATGGGTTAGAAGAGCA-1,Neuron 1
ATGGGTTAGTCACAGG-1,Stem F
ATGGGTTCACACCGCA-1,Parenchyma 1
ATGGGTTCACCTTCGT-1,Muscle 2
ATGGGTTGTACCCGAC-1,Stem B
ATGGGTTGTCATCAGT-1,Stem C
ATGGGTTGTTTCTATC-1,Muscle 1
ATGGTTGAGATCCCGC-1,Stem D
ATGGTTGAGTCATGCT-1,Muscle 2
ATGGTTGGTACGCTAT-1,Tegument
ATGGTTGGTTGGTGTT-1,Stem A
ATGTCCCCAGAGGGTT-1,Stem B
ATGTCCCCATCGATGT-1,Stem C
ATGTCCCGTCCCGTGA-1,Parenchyma 1
ATGTCCCGTCGCTGCA-1,Stem A
ATGTCCCGTCGGCTAC-1,Muscle 1
ATGTCCCTCACAAGGG-1,Stem F
ATGTCTTAGAAGTCTA-1,Neuron 1
ATGTCTTAGCAGTAAT-1,Stem C
ATGTCTTAGCGATTCT-1,Muscle 2
ATGTCTTAGGACTTCT-1,Stem C
ATGTCTTCAAAGGCGT-1,Stem C
ATGTCTTGTCTAGGCC-1,Muscle 1
ATGTCTTGTGTGAGCA-1,Neuron 4
ATGTCTTGTTTGTGGT-1,Parenchyma 1
ATGTCTTTCTACGGTA-1,Parenchyma 2
ATGTCTTTCTCTCGAC-1,Muscle 1
ATTACCTAGATTCGCT-1,Stem E
ATTACCTAGCCTGTCG-1,Stem F
ATTACCTCAGACGATG-1,Neuron 1
ATTACCTCAGCTCGGT-1,Stem B
ATTACCTCATGCTGCG-1,Parenchyma 2
ATTACCTTCATTTCCA-1,Muscle 1
ATTACTCCAAACCACT-1,Neuron 4
ATTACTCGTCCAGCCA-1,Muscle 2
ATTACTCGTGAGGAAA-1,Neuron 1
ATTACTCGTTTGCAGT-1,Muscle 1
ATTACTCTCTATGTGG-1,Stem F
ATTATCCAGTGCAGGT-1,Muscle 1
ATTATCCCAGGTAGTG-1,Parenchyma 2
ATTCACTCAAACGGCA-1,Neuron 1
ATTCACTCAAAGGGCT-1,Stem C
ATTCACTCAATAACCC-1,Stem F
ATTCACTCATCCGAGC-1,Stem A
ATTCACTTCCTCATAT-1,Stem B
ATTCACTTCGGACAAG-1,Stem D
ATTCAGGAGACCCGCT-1,Muscle 2
ATTCAGGAGCCATTCA-1,Stem F
ATTCAGGCATAGTCAC-1,Stem D
ATTCAGGGTAGCGCCT-1,Parenchyma 2
ATTCAGGGTCACAGAG-1,Stem D
ATTCAGGGTCGTTATG-1,Muscle 1
ATTCAGGGTGGACCAA-1,Muscle 1
ATTCAGGGTTCTTGCC-1,Stem F
ATTCATCAGTGATAAC-1,Stem D
ATTCATCCATTAGGAA-1,Muscle 1
ATTCATCGTCACTGAT-1,Neuron 4
ATTCATCGTGGATACG-1,Parenchyma 1
ATTCATCTCACCGGGT-1,Stem C
ATTCCATCACCAGCTG-1,Muscle 1
ATTCCATCACCCTAGG-1,Stem A
ATTCCATGTGTTTCTT-1,Muscle 1
ATTCCATTCTAACGGT-1,Neuron 1
ATTCCATTCTTCGGAA-1,Muscle 1
ATTCCCGAGGTCGAGT-1,Muscle 2
ATTCCCGAGGTTGACG-1,Muscle 2
ATTCCCGCACTGGCCA-1,Stem B
ATTCCCGCAGGACTAG-1,Stem F
ATTCCCGGTCAATGGG-1,Muscle 1
ATTCCCGTCAAATGAG-1,Parenchyma 2
ATTCCCGTCATCTGTT-1,Stem F
ATTCCCGTCGATTCCC-1,Parenchyma 1
ATTCCCGTCTTAAGGC-1,Stem B
ATTCCTAAGGCGTTAG-1,Stem C
ATTCCTAAGGCTAAAT-1,Stem C
ATTCCTACAAGACCTT-1,Muscle 2
ATTCCTACACTAACGT-1,Tegument
ATTCGTTCAAATCGGG-1,Stem A
ATTCGTTCAACAAGTA-1,Muscle 1
ATTCGTTCAAGTCATC-1,Neuron 1
ATTCGTTCACCTGCTT-1,Stem B
ATTCGTTCACGCACCA-1,Muscle 1
ATTCGTTCAGGGTCTC-1,Stem C
ATTCGTTGTTAGGACG-1,Protonephridia
ATTCGTTTCGAGTACT-1,Stem C
ATTCTACAGCGGCTCT-1,Stem F
ATTCTACCAACCGGAA-1,Muscle 1
ATTCTACCACCGCTGA-1,Neuron 5
ATTCTACCAGTCGGTC-1,Tegument
ATTCTACCATACGCAT-1,Stem C
ATTCTACGTGAATTAG-1,Neuron 1
ATTCTACGTGAGCTCC-1,Parenchyma 2
ATTCTACTCATGCTAG-1,Stem A
ATTCTACTCGCAGATT-1,Neuron 4
ATTCTACTCTACACAG-1,Muscle 2
ATTCTACTCTGTCCCA-1,Parenchyma 2
ATTCTTGCAACTTGGT-1,Stem B
ATTCTTGGTATCAGCT-1,Parenchyma 1
ATTCTTGGTTTGCCGG-1,Neuron 2
ATTCTTGTCCTGTACC-1,Muscle 1
ATTCTTGTCGAGCCAC-1,Stem A
ATTGGGTAGCAACAAT-1,Protonephridia
ATTGGGTAGGTTCAGG-1,Muscle 1
ATTGGGTCAACAAAGT-1,Neuron 5
ATTGGGTCACGTAACT-1,Parenchyma 1
ATTGGGTGTAGTCGTT-1,Stem B
ATTGGGTGTATTGGCT-1,Parenchyma 2
ATTGTTCAGCGCCCAT-1,Parenchyma 1
ATTGTTCAGTCGTCTA-1,Parenchyma 1
ATTGTTCGTTGTAGCT-1,Muscle 1
ATTGTTCTCTTAGCAG-1,Neuron 1
ATTGTTCTCTTCTTCC-1,Protonephridia
ATTTACCCACTCCGAG-1,Muscle 1
ATTTACCCAGCCTTCT-1,Muscle 1
ATTTACCCATGCCGAC-1,Muscle 1
ATTTACCGTAAGTAGT-1,Muscle 2
ATTTACCGTTCGATTG-1,Muscle 2
ATTTACCTCAAAGCCT-1,Stem B
ATTTACCTCGGTAGAG-1,Stem C
ATTTACCTCTAGTCAG-1,Stem B
ATTTACCTCTGAATCG-1,Stem F
ATTTACCTCTTACCGC-1,Stem F
ATTTCACAGGATTTGA-1,Ciliary plate
ATTTCACCAACGTATC-1,Neuron 1
ATTTCACCAGGAGGAG-1,Stem D
ATTTCACGTTGACTGT-1,Neuron 1
ATTTCACTCAGTGCGC-1,Parenchyma 1
ATTTCACTCCCATTTA-1,Parenchyma 1
ATTTCTGAGATGGGCT-1,Tegument
ATTTCTGAGCAGCACA-1,Muscle 1
ATTTCTGAGCGTATGG-1,Muscle 1
ATTTCTGCAAAGTGTA-1,Muscle 2
ATTTCTGCACTTTAGG-1,Neuron 5
ATTTCTGGTAGACACG-1,Stem A
CAAAGAAAGACGCAGT-1,Muscle 2
CAAAGAAAGCCTCTCT-1,Neuron 4
CAAAGAAAGGATTCAA-1,Neuron 1
CAAAGAAAGGTCGTAG-1,Muscle 1
CAAAGAAGTCTCACGG-1,Neuron 1
CAAAGAATCCACACAA-1,Stem B
CAACAACAGCTCCGAC-1,Tegument
CAACAACAGGGCAAGG-1,Muscle 2
CAACAACAGGGCAGAG-1,Parenchyma 2
CAACAACAGGTGCATG-1,Neuron 1
CAACAACCAAACCACT-1,Muscle 2
CAACAACCAACCTAAC-1,Stem F
CAACAACCAAGATGGC-1,Stem F
CAACAACCACACACTA-1,Stem F
CAACAACGTGTCATTG-1,Neuron 1
CAACAACTCGAGAGAC-1,Neuron 1
CAACAGTAGCGGACAT-1,Neuron 2
CAACAGTAGGGAACAA-1,Parenchyma 2
CAACAGTCAGTTGCGC-1,Stem F
CAACCAAAGACGCCAA-1,Muscle 1
CAACCAAAGACTTCGT-1,Stem B
CAACCAAAGGCTAGCA-1,Neuron 1
CAACCAAAGTATCTGC-1,Muscle 1
CAACCAAAGTGCTCGC-1,Neuron 1
CAACCAACAAAGAGTT-1,Muscle 2
CAACCAACAACGGTAG-1,Parenchyma 1
CAACCAACATCAGTCA-1,Muscle 2
CAACCAATCGACATAC-1,Neuron 4
CAACCTCAGAGGGTGG-1,Parenchyma 2
CAACCTCAGGTGAGCT-1,Parenchyma 1
CAACCTCCACTAACGT-1,Stem F
CAACCTCCAGGAGGTT-1,Stem C
CAACCTCCATCCTAAG-1,Muscle 2
CAACCTCGTACGGCAA-1,Stem A
CAACCTCGTATCATGC-1,Muscle 1
CAACCTCGTATTGGCT-1,Muscle 1
CAACCTCGTGCACATT-1,Muscle 1
CAACCTCGTTATGTGC-1,Stem D
CAACCTCTCCTGGCTT-1,Muscle 1
CAACCTCTCCTTCTTC-1,Neuron 1
CAACCTCTCTGCCTGT-1,Stem D
CAACGATGTCGGTGTC-1,Stem D
CAACGATGTGTCTAAC-1,Stem D
CAACGATGTGTGGACA-1,Neuron 4
CAACGATTCTACTGCC-1,Protonephridia
CAACGGCCAACACTAC-1,Muscle 2
CAACGGCGTGAGTAGC-1,Stem C
CAACGGCTCATTCATC-1,Muscle 1
CAACGGCTCCAGTTCC-1,Muscle 2
CAACGGCTCTGACCCT-1,Neuron 2
CAAGACTAGCTACGTT-1,Stem A
CAAGACTAGTGGAATT-1,Parenchyma 2
CAAGACTGTATTCCTT-1,Neuron 3
CAAGACTGTGGGATTG-1,Stem A
CAAGAGGAGCACCGAA-1,Muscle 1
CAAGAGGAGCCTCATA-1,Stem B
CAAGAGGAGGGATCTG-1,Muscle 1
CAAGAGGCAGAGTAAT-1,Muscle 2
CAAGAGGCAGCACGAA-1,Protonephridia
CAAGAGGTCATGGAGG-1,Stem D
CAAGAGGTCGACGAGA-1,Stem A
CAAGCTAAGAGAAGGT-1,Stem C
CAAGCTACAAATGGAT-1,Stem D
CAAGCTACACGTTCGG-1,Stem F
CAAGCTACAGTTACCA-1,Stem D
CAAGCTAGTAACAAGT-1,Stem F
CAAGCTAGTCTCACAA-1,Stem D
CAAGCTATCCCTTTGG-1,Stem D
CAAGGGACACAGCTGC-1,Muscle 2
CAAGGGACACTTGTCC-1,Stem B
CAAGGGACATCTATCT-1,Muscle 2
CAAGGGAGTACAGTCT-1,Stem F
CAAGGGAGTTTACTTC-1,Muscle 1
CAAGGGATCATGGTAC-1,Muscle 2
CAATACGAGACATGCG-1,Muscle 1
CAATACGAGTGTGTTC-1,Neuron 4
CAATACGGTCTATGAC-1,Muscle 1
CAATACGGTTGCATCA-1,Stem C
CAATACGTCGTGGGTC-1,Stem E
CAATCGAAGAGTGTGC-1,Stem B
CAATCGACAAGTCATC-1,Neuron 2
CAATCGACACAAGCCC-1,Stem D
CAATCGAGTGACTCGC-1,Parenchyma 1
CAATCGATCAAGCCAT-1,Stem F
CAATCGATCCAAGCTA-1,Neuron 4
CAATCGATCGGTGAAG-1,Stem E
CAATGACAGGACGCAT-1,Stem C
CAATGACAGTAAACAC-1,Parenchyma 1
CAATGACAGTGGATTA-1,Parenchyma 2
CAATGACCAATCACGT-1,Neuron 1
CAATGACCACAGCTGC-1,Tegument
CAATGACCACTGTCCT-1,Stem D
CAATGACGTCTAATCG-1,Neuron 1
CAATGACTCCTGGGTG-1,Muscle 1
CAATGACTCTCTGAGA-1,Parenchyma 1
CAATGACTCTTCCAGC-1,Muscle 1
CAATTTCAGGCTAGCA-1,Neuron 2
CAATTTCCAAGATGTA-1,Muscle 2
CAATTTCCAATGCAGG-1,Neuron 4
CAATTTCGTCTTTCAT-1,Neuron 1
CACAACAAGACCAAAT-1,Parenchyma 2
CACAACAAGCCACCGT-1,Muscle 2
CACAACACAAAGAACT-1,Muscle 1
CACAACACATTCTCCG-1,Neuron 1
CACAACAGTACTGCCG-1,Stem B
CACAACATCAGGAAAT-1,Neuron 1
CACACAAAGCTTTCCC-1,Parenchyma 2
CACACAAAGTTCCAGT-1,Stem B
CACACAACAGGCAATG-1,Stem C
CACACAACATAAGCAA-1,Stem A
CACACAAGTATCGAAA-1,Tegument
CACACAAGTTTGCAGT-1,Stem B
CACAGATAGGTACATA-1,Stem F
CACAGATAGTAAATGC-1,Tegument
CACAGATCAGTAACGG-1,Tegument
CACAGATGTGTCGCTG-1,Stem F
CACAGATTCCCATTTA-1,Neuron 4
CACAGATTCCGTGTAA-1,Stem B
CACAGATTCTCCTGCA-1,Parenchyma 2
CACAGGCAGACCATGG-1,Muscle 1
CACAGGCAGATAACAC-1,Muscle 1
CACAGGCAGATACCAA-1,Stem C
CACAGGCCAACTTGGT-1,Stem F
CACAGGCGTCATGCAT-1,Muscle 2
CACATGAAGGAAGTAG-1,Parenchyma 1
CACATGACAACACGAG-1,Muscle 1
CACATGAGTAAGACCG-1,Stem B
CACATGAGTGCGGTAA-1,Stem C
CACATGATCACGATCA-1,Parenchyma 2
CACATGATCACTACTT-1,Stem A
CACCAAAAGCCTCTGG-1,Stem F
CACCAAACACTAGTAC-1,Neuron 2
CACCAAACAGCCGTTG-1,Muscle 2
CACCAAACATGCCGCA-1,Neuron 2
CACCAAAGTCATCCCT-1,Muscle 2
CACCAAAGTTGGGACA-1,Parenchyma 1
CACCAAATCATCCTGC-1,Parenchyma 1
CACCAAATCTCATTAC-1,Muscle 2
CACCGTTCAAAGACGC-1,Stem F
CACCGTTCACTCACTC-1,Stem F
CACCGTTCATCCGTTC-1,Stem C
CACCGTTGTCATATGC-1,Muscle 1
CACCGTTGTGAGAGGG-1,Tegument
CACCGTTGTGAGGAAA-1,Stem F
CACCGTTGTGCTATTG-1,Parenchyma 2
CACCGTTGTTAGAGTA-1,Parenchyma 2
CACCGTTTCTACTCAT-1,Protonephridia
CACCGTTTCTCGAGTA-1,Neuron 4
CACGAATAGGTGATCG-1,Ciliary plate
CACGAATCAATGAAAC-1,Muscle 2
CACGAATCAGCTACAT-1,Muscle 2
CACGAATCATGAGTAA-1,Muscle 1
CACGAATTCACTGGGC-1,Muscle 1
CACGGGTAGACGCTCC-1,Neuron 4
CACGGGTAGAGAGCGG-1,Stem C
CACGGGTAGTAAGACT-1,Stem C
CACGGGTAGTGGTTGG-1,Stem F
CACGGGTCAAGTGTCT-1,Muscle 1
CACGGGTCAATGTCTG-1,Stem D
CACGGGTCAGGACGAT-1,Neuron 1
CACGGGTCATAAGATG-1,Stem D
CACGGGTCATGAGATA-1,Muscle 2
CACGGGTTCAGGAAAT-1,Parenchyma 1
CACGGGTTCTACTATC-1,Stem A
CACGGGTTCTGGTCAA-1,Muscle 2
CACGTGGAGAAATGGG-1,Stem A
CACGTGGAGAGAGGGC-1,Stem D
CACGTGGAGAGCATAT-1,Stem C
CACGTGGTCAAAGGTA-1,Protonephridia
CACGTGGTCAGACCCG-1,Parenchyma 1
CACGTGGTCTACGGTA-1,Neuron 5
CACGTTCAGAAGTCAT-1,Stem C
CACGTTCAGACCATTC-1,Neuron 1
CACGTTCAGGAGTATT-1,Muscle 1
CACGTTCAGTGCGCTC-1,Muscle 2
CACGTTCGTAGTCGTT-1,Stem C
CACGTTCGTCTTCCGT-1,Stem C
CACTAAGAGTCCGCGT-1,Parenchyma 2
CACTAAGAGTCTGCAT-1,Stem A
CACTAAGCAAACTGCT-1,Tegument
CACTAAGCACAAAGCG-1,Stem F
CACTAAGCAGCCCAGT-1,Muscle 1
CACTAAGGTGAGGAAA-1,Stem A
CACTAAGTCTTTCAGT-1,Stem C
CACTGAAAGAACCGCA-1,Neuron 2
CACTGAAAGTCTTCGA-1,Stem F
CACTGAACAGCCGGTT-1,Muscle 1
CACTGAAGTAACATGA-1,Stem C
CACTGAAGTAGCTTGT-1,Muscle 2
CACTGAAGTCATACCA-1,Neuron 4
CACTGAAGTTGCAACT-1,Muscle 2
CACTGAATCTCATTGT-1,Stem E
CACTGGGCAAGCCTGC-1,Stem D
CACTGGGCAATGCAAA-1,Stem C
CACTGGGGTTGAGTCT-1,Stem A
CACTGGGTCAATCCGA-1,Muscle 1
CACTGGGTCCCTCTAG-1,Stem F
CACTGGGTCCTCAGAA-1,Stem F
CACTGTCAGAAACTAC-1,Stem F
CACTGTCAGCCTTTGA-1,Muscle 1
CACTGTCAGTCTTGGT-1,Muscle 2
CACTGTCCACCTCTAC-1,Muscle 1
CACTGTCTCGCAATTG-1,Neuron 2
CACTTCGCACTTCAGA-1,Stem F
CACTTCGTCAAGCCTA-1,Stem C
CACTTCGTCTATTCGT-1,Stem F
CAGAGCCCACATCCCT-1,Muscle 1
CAGAGCCCACTTGGGC-1,Muscle 1
CAGAGCCCATGGTACT-1,Parenchyma 2
CAGAGCCGTGGCTGAA-1,Parenchyma 1
CAGAGCCTCCTACAAG-1,Muscle 1
CAGAGCCTCGCGCCAA-1,Stem D
CAGAGCCTCGTGCATA-1,Stem D
CAGAGCCTCTGCGATA-1,Stem C
CAGATACAGAGACAAG-1,Stem F
CAGATACAGGGAGATA-1,Stem C
CAGATACCAACAGATA-1,Stem E
CAGATACCACTCATAG-1,Neuron 1
CAGATACGTTCGGTCG-1,Protonephridia
CAGATCAAGCACGGAT-1,Stem F
CAGATCACAGTCCCGA-1,Muscle 2
CAGATCAGTGCGTGCT-1,Parenchyma 1
CAGATCATCAAAGCCT-1,Neuron 4
CAGATCATCCGATAGT-1,Tegument
CAGATCATCCTCTAGC-1,Neuron 2
CAGATTGTCACCCTCA-1,Stem D
CAGATTGTCTGTGCTC-1,Muscle 1
CAGCAATAGGCGTCCT-1,Stem A
CAGCAATAGTGCTAGG-1,Stem B
CAGCAATCAAAGACGC-1,Stem C
CAGCAATCAAAGTGTA-1,Muscle 1
CAGCAATCATAGGCGA-1,Stem D
CAGCAATGTACCTAAC-1,Stem D
CAGCAATTCGCTATTT-1,Muscle 1
CAGCACGAGACCTGGA-1,Muscle 2
CAGCACGGTCAAGTTC-1,Neuron 5
CAGCACGGTCCAAATC-1,Tegument
CAGCACGTCATTGTGG-1,Neuron 1
CAGCAGCAGACGCCAA-1,Muscle 1
CAGCAGCGTCACCACG-1,Stem F
CAGCCAGCAAATAGCA-1,Muscle 1
CAGCCAGCATGTGTCA-1,Stem A
CAGCCAGGTGGATGAC-1,Parenchyma 1
CAGCCAGTCAGGGATG-1,Muscle 2
CAGCGTGAGGGCAGTT-1,Neuron 4
CAGCGTGAGGTGCATG-1,Stem F
CAGCGTGCATCGGCCA-1,Stem D
CAGCGTGGTAAGCTCT-1,Tegument
CAGCGTGTCAAGGCTT-1,Stem D
CAGCGTGTCATTCGGA-1,Neuron 1
CAGCGTGTCTCTCTTC-1,Muscle 2
CAGGCCAAGGTGCAGT-1,Stem F
CAGGCCACACAACGTT-1,Neuron 4
CAGGCCACAGGCACAA-1,Stem C
CAGGCCAGTTCCACAA-1,Stem A
CAGGCCATCAAACTGC-1,Stem F
CAGGGCTAGGCGACAT-1,Neuron 1
CAGGGCTCATATCTGG-1,Stem F
CAGGGCTCATTGGATC-1,Stem D
CAGGGCTGTACCGTCG-1,Parenchyma 1
CAGGGCTGTAGCTCGC-1,Stem A
CAGGGCTTCCACCCTA-1,Stem B
CAGGGCTTCGTGTTCC-1,Neuron 1
CAGGGCTTCTTCGCTG-1,Muscle 2
CAGGTATCAATCCAGT-1,Muscle 1
CAGGTATCAGACAAAT-1,Stem B
CAGGTATGTTCGAAGG-1,Neuron 1
CAGGTATTCCATCTCG-1,Muscle 2
CAGGTATTCCCGTAAA-1,Stem C
CAGTGCGGTAGGTGCA-1,Stem A
CAGTGCGGTGTATTGC-1,Stem D
CAGTGCGTCAGTGATC-1,Neuron 4
CAGTTAGAGTACTGTC-1,Stem B
CAGTTAGCAATGAAAC-1,Stem A
CAGTTAGCAATTGTGC-1,Neuron 4
CAGTTAGCACATTGTG-1,Muscle 2
CAGTTAGCACTGCATA-1,Stem D
CAGTTAGGTAACTGCT-1,Parenchyma 1
CAGTTAGGTTAAGAAC-1,Muscle 2
CAGTTAGGTTTAGAGA-1,Neuron 2
CAGTTAGTCAACCCGG-1,Stem C
CAGTTAGTCTGCGGGT-1,Stem F
CAGTTAGTCTGGGTCG-1,Parenchyma 2
CAGTTCCAGTATAGAC-1,Parenchyma 2
CAGTTCCCAACCGATT-1,Neuron 4
CAGTTCCCACTACCCT-1,Stem F
CAGTTCCGTCGCCACA-1,Muscle 1
CAGTTCCGTGGTCTGC-1,Muscle 1
CAGTTCCGTGTAGGAC-1,Stem B
CAGTTCCTCCACTTCG-1,Stem C
CATAAGCCACACTGGC-1,Muscle 2
CATAAGCCACCCTGTT-1,Muscle 1
CATAAGCGTAACATCC-1,Muscle 2
CATAAGCGTACGAGCA-1,Neuron 4
CATAAGCGTCACTCTC-1,Stem D
CATAAGCTCTTCGTAT-1,Stem B
CATACAGAGCCTCAAT-1,Stem D
CATACAGAGCCTTCTC-1,Stem A
CATACAGAGTCCTACA-1,Stem E
CATACAGAGTGGTGGT-1,Stem F
CATACAGCAATCAGCT-1,Protonephridia
CATACAGGTATGGTTC-1,Parenchyma 2
CATACAGGTATTGACC-1,Neuron 5
CATACAGGTCCAGCGT-1,Parenchyma 1
CATACCCAGATACCAA-1,Muscle 2
CATACCCAGGCCGCTT-1,Muscle 1
CATACCCGTATCCCAA-1,Neuron 4
CATACCCTCAGGAGAC-1,Stem A
CATACTTAGGCTCAAG-1,Muscle 1
CATACTTAGTACGAGC-1,Stem F
CATACTTAGTGGACGT-1,Stem D
CATACTTCACCCAACG-1,Stem F
CATACTTCACCCTTGT-1,Neuron 1
CATACTTCATACTTTC-1,Stem F
CATACTTTCCCGTTGT-1,Stem C
CATACTTTCCGCATAA-1,Neuron 5
CATACTTTCCGTTGGG-1,Stem F
CATAGACAGTAGGCCA-1,Stem G
CATAGACGTGCACGCT-1,Stem D
CATAGACGTGTGTTTG-1,Muscle 2
CATCAAGCAACGAGGT-1,Protonephridia
CATCAAGCACATGACT-1,Muscle 2
CATCAAGCAGCAGAAC-1,Stem F
CATCAAGGTACCATAC-1,Muscle 1
CATCAAGGTTCAGCTA-1,Muscle 1
CATCAAGTCAAATGCC-1,Stem F
CATCAAGTCTCACCCA-1,Stem E
CATCCACAGGGTCACA-1,Stem E
CATCCACGTCATCGCG-1,Stem A
CATCCACTCGAGAAGC-1,Stem C
CATCCCAAGACATAGT-1,Neuron 4
CATCCCAAGAGGTGCT-1,Muscle 1
CATCCCAAGCTCTGTA-1,Muscle 1
CATCCCAGTCGAATTC-1,Protonephridia
CATCCGTAGCACCAGA-1,Stem D
CATCCGTAGTTCAACC-1,Parenchyma 1
CATCCGTCAGGGTTGA-1,Stem D
CATCCGTGTCTCTCTG-1,Parenchyma 2
CATCCGTTCTCGTGAA-1,Stem C
CATCGCTAGAGCTGCA-1,Stem B
CATCGCTAGGGCAATC-1,Protonephridia
CATCGCTAGTATTCCG-1,Parenchyma 1
CATCGCTCAAAGCTAA-1,Stem A
CATCGCTCAGTATGAA-1,Neuron 1
CATCGCTCATTAGGAA-1,Neuron 4
CATCGCTGTCGCGTCA-1,Stem A
CATCGCTGTGGCAACA-1,Muscle 1
CATCGCTGTTCCACGG-1,Muscle 1
CATCGCTTCGGTTCAA-1,Muscle 2
CATCGCTTCGTTACCC-1,Muscle 2
CATCGCTTCTACACTT-1,Neuron 4
CATCGGGAGAGAGCAA-1,Muscle 2
CATCGGGAGTCCGCCA-1,Stem C
CATCGGGCAGGGAGAG-1,Protonephridia
CATCGGGGTAAGTCAA-1,Tegument
CATCGGGGTACATACC-1,Parenchyma 1
CATCGGGGTACCTATG-1,Stem D
CATCGGGGTAGAGACC-1,Tegument
CATCGGGGTCGACGCT-1,Stem C
CATCGGGGTCGCATCG-1,Stem D
CATCGTCAGTTAACAG-1,Stem B
CATCGTCCAAGTGTCT-1,Muscle 2
CATCGTCCAGGAATCG-1,Tegument
CATCGTCGTAGGCTCC-1,Muscle 2
CATCGTCGTTGGACTT-1,Stem C
CATCGTCTCATGAGAA-1,Muscle 1
CATCGTCTCCATACTT-1,Muscle 1
CATCGTCTCGGCATCG-1,Muscle 1
CATCGTCTCGTACCTC-1,Muscle 1
CATGAGTAGCATCCCG-1,Neuron 4
CATGAGTAGCCGTTAT-1,Stem A
CATGAGTCATCGCTGG-1,Muscle 2
CATGAGTCATCTGGGC-1,Neuron 4
CATGAGTGTCCGGTGT-1,Neuron 1
CATGAGTGTGCCGTTG-1,Stem D
CATGCAAAGCATGCAG-1,Muscle 1
CATGCAAAGCGCCTAC-1,Parenchyma 2
CATGCAAAGTGTACCT-1,Stem B
CATGCAACAAAGTATG-1,Stem C
CATGCAACAGCCGTTG-1,Stem D
CATGCAAGTACAAAGT-1,Stem D
CATGCAAGTATCGCTA-1,Muscle 1
CATGCAAGTGCAATAA-1,Protonephridia
CATGCAAGTTTACACG-1,Stem E
CATGCAATCCATGCAA-1,Stem B
CATGCCTAGAAAGTCT-1,Protonephridia
CATGCCTCAACTCGAT-1,Stem F
CATGCCTCATGACGTT-1,Stem F
CATGCCTGTCTGTCCT-1,Stem F
CATGCCTGTCTTTCTA-1,Stem D
CATGCCTGTGTAGGAC-1,Stem B
CATGCCTTCCTCTTTC-1,Muscle 1
CATGCGGAGGTCATAA-1,Stem C
CATGCGGCATAGGTAA-1,Stem C
CATGCTCAGCGTATAA-1,Muscle 1
CATGCTCAGGACAGTC-1,Neuron 1
CATGCTCAGGCCTGAA-1,Neuron 4
CATGCTCGTAGAGCTG-1,Protonephridia
CATGCTCGTTCCTACC-1,Muscle 1
CATGCTCTCAAAGCCT-1,Muscle 2
CATGCTCTCATCACCC-1,Parenchyma 2
CATGGATCACTGTGAT-1,Stem D
CATGGATCAGCGAGTA-1,Ciliary plate
CATGGTACACTTCAGA-1,Muscle 2
CATGGTAGTTTCACAG-1,Stem A
CATGGTATCCTCTCGA-1,Stem F
CATGGTATCCTCTTTC-1,Parenchyma 2
CATGGTATCTCCCATG-1,Stem F
CATTCATAGGTGAGAA-1,Stem D
CATTCATCACCCTTGT-1,Stem F
CATTCATGTCGCTTGG-1,Stem D
CATTCATTCATCGCAA-1,Neuron 4
CATTCATTCTGCGATA-1,Stem B
CATTCCGGTTAAGGAT-1,Muscle 2
CATTCCGTCACATACG-1,Parenchyma 1
CATTCCGTCAGATGCT-1,Parenchyma 2
CATTCCGTCATACGGT-1,Parenchyma 1
CATTCCGTCTTTCTAG-1,Neuron 2
CATTCTAAGTCATCGT-1,Neuron 1
CATTCTAGTAACACGG-1,Muscle 2
CATTCTAGTCGCATCG-1,Muscle 2
CATTCTAGTTCGGCCA-1,Muscle 1
CATTCTATCAAACGTC-1,Stem A
CATTCTATCTCTAAGG-1,Neuron 4
CATTGAGAGGCCATAG-1,Parenchyma 1
CATTGAGCAAATGAAC-1,Muscle 1
CATTGAGCACTGAATC-1,Muscle 2
CATTGAGCACTTGTGA-1,Stem C
CATTGAGGTTCCAGGC-1,Stem F
CATTGAGTCACCACAA-1,Neuron 1
CATTGAGTCAGCAGAG-1,Stem A
CATTGAGTCCATCTGC-1,Stem D
CATTGAGTCGTTAGTG-1,Neuron 4
CATTGCCAGCTTAAGA-1,Stem B
CATTGCCCAGCCTACG-1,Stem F
CATTGCCGTATGCAAA-1,Neuron 1
CATTGCCGTCGAAGCA-1,Muscle 1
CATTGCCTCAATCTCT-1,Neuron 1
CATTGCCTCACTGAAC-1,Parenchyma 1
CATTGTTAGATGGGCT-1,Muscle 2
CATTGTTCACGCCAGT-1,Stem D
CATTGTTTCGTAGTGT-1,Neuron 4
CATTTCACACGTGTGC-1,Muscle 1
CATTTCAGTCGGTGTC-1,Stem F
CATTTCAGTGCATGAG-1,Stem C
CATTTCATCCAGTACA-1,Muscle 1
CCAAGCGAGAGCATCG-1,Neuron 5
CCAAGCGAGTCTTCCC-1,Muscle 2
CCAAGCGCAGACCTGC-1,Muscle 1
CCAAGCGCATCGCCTT-1,Muscle 2
CCAAGCGGTATCGTGT-1,Parenchyma 1
CCAATGAAGCGAAACC-1,Muscle 2
CCAATGAAGTGTCATC-1,Stem G
CCAATGACAACAGAGC-1,Stem B
CCAATGACATTCACCC-1,Stem F
CCAATGAGTCGAGATG-1,Stem G
CCAATGAGTGCAACAG-1,Stem A
CCAATGAGTTATCCAG-1,Parenchyma 1
CCAATGATCATGCCAA-1,Stem B
CCAATGATCGAACACT-1,Stem D
CCAATGATCGTCAAAC-1,Muscle 2
CCAATGATCTGAACGT-1,Stem A
CCAATTTAGACTTCGT-1,Stem D
CCAATTTCACTCCACT-1,Parenchyma 2
CCAATTTCATCATTTC-1,Muscle 1
CCAATTTCATTCTTCA-1,Muscle 1
CCAATTTGTATTGAGA-1,Parenchyma 1
CCAATTTGTCTAGGTT-1,Muscle 2
CCAATTTGTGTGGACA-1,Muscle 1
CCAATTTTCTTGATTC-1,Stem B
CCACAAAAGGAAAGGT-1,Neuron 4
CCACAAACAAGGACAC-1,Stem A
CCACAAAGTCATGGCC-1,Muscle 2
CCACAAATCATAGGCT-1,Stem F
CCACACTAGAGGATGA-1,Protonephridia
CCACACTAGCAGAAAG-1,Parenchyma 2
CCACACTTCATTGGTG-1,Stem F
CCACACTTCCATCTCG-1,Stem F
CCACACTTCGAATGCT-1,Muscle 2
CCACCATAGCCGTCGT-1,Muscle 2
CCACCATAGCGCCATC-1,Stem C
CCACCATAGCTCGACC-1,Tegument
CCACCATCAAGTTCCA-1,Muscle 1
CCACCATCACCGTGCA-1,Muscle 2
CCACCATTCCGGCAAC-1,Protonephridia
CCACGAGAGAACTGAT-1,Muscle 1
CCACGAGCACAGACGA-1,Stem D
CCACGAGGTACAATAG-1,Muscle 1
CCACGAGTCGGTCTAA-1,Muscle 1
CCACGAGTCGTTCCTG-1,Parenchyma 2
CCACGTTAGGTCTTTG-1,Parenchyma 1
CCACGTTAGTCGGCAA-1,Parenchyma 2
CCACGTTGTGCCAAGA-1,Stem C
CCACGTTTCTTTCTAG-1,Stem C
CCACTTGCACGTCGGT-1,Stem F
CCACTTGGTGACCTGC-1,Stem D
CCACTTGGTGCCGTTG-1,Parenchyma 2
CCACTTGGTGTCACAT-1,Muscle 1
CCACTTGGTGTCCGTG-1,Tegument
CCATAAGAGATAACAC-1,Stem C
CCATAAGCATCCTCAC-1,Parenchyma 2
CCATAAGGTATTCCTT-1,Neuron 1
CCATAAGGTCCGAAGA-1,Stem A
CCATCACGTGAGTTTC-1,Neuron 4
CCATCACGTTAAGGGC-1,Parenchyma 2
CCATCACGTTCGGACC-1,Muscle 1
CCATCACTCATCTACT-1,Parenchyma 1
CCATCACTCTGGACTA-1,Stem D
CCATCACTCTTCCTAA-1,Protonephridia
CCATCACTCTTTACAC-1,Muscle 1
CCCAACTAGGCGTCCT-1,Stem C
CCCAACTCACAATGAA-1,Muscle 2
CCCAACTCAGAACCGA-1,Stem A
CCCAACTCAGCTCTGG-1,Stem G
CCCAACTGTAGTGGCA-1,Stem F
CCCAACTTCCGTGACG-1,Protonephridia
CCCATTGAGCGGGTTA-1,Parenchyma 1
CCCATTGGTTAACCTG-1,Muscle 1
CCCATTGTCCACTGAA-1,Muscle 2
CCCGAAGTCCCAGCGA-1,Neuron 4
CCCGGAAAGACGTCCC-1,Stem A
CCCGGAACAACCCGCA-1,Neuron 5
CCCGGAACATGAAGGC-1,Stem A
CCCGGAAGTCCTCATC-1,Muscle 1
CCCGGAAGTCCTGAAT-1,Muscle 2
CCCGGAAGTCGTGTTA-1,Stem D
CCCGGAATCCGAACGC-1,Stem F
CCCGGAATCGGCCTTT-1,Muscle 1
CCCTAACAGATTTGCC-1,Muscle 1
CCCTAACAGGACATCG-1,Stem A
CCCTAACCAAGTTCCA-1,Muscle 1
CCCTAACCAGCAATTC-1,Parenchyma 1
CCCTAACGTCAACACT-1,Muscle 2
CCCTAACGTCGCGGTT-1,Stem C
CCCTAACGTGAGACCA-1,Neuron 1
CCCTAACGTGCCTTCT-1,Stem E
CCCTCAAAGCGTTAGG-1,Stem B
CCCTCAAAGGTTTGAA-1,Stem D
CCCTCTCAGAGGTATT-1,Stem B
CCCTCTCAGTGCCGAA-1,Muscle 1
CCCTCTCCAGCACAAG-1,Muscle 1
CCCTCTCCATGAAGCG-1,Stem C
CCCTCTCGTCTCGCGA-1,Neuron 5
CCCTCTCTCGATCCAA-1,Stem C
CCCTGATCACCGGCTA-1,Parenchyma 1
CCCTGATCATTCACCC-1,Neuron 2
CCCTGATGTCCGTTTC-1,Stem C
CCCTGATGTCCTGTTC-1,Muscle 2
CCCTGATGTTAGGAGC-1,Stem A
CCCTGATTCGCTTACC-1,Stem A
CCCTTAGCAAACCGGA-1,Parenchyma 1
CCCTTAGCACAACCGC-1,Muscle 1
CCCTTAGGTGCATCTA-1,Stem E
CCCTTAGGTGCCCAGT-1,Parenchyma 2
CCCTTAGTCAAAGAAC-1,Neuron 1
CCCTTAGTCCCTCAAC-1,Protonephridia
CCCTTAGTCCGCGGAT-1,Stem B
CCCTTAGTCCTATTGT-1,Muscle 1
CCCTTAGTCGTGTGGC-1,Neuron 5
CCGAACGAGCCATATC-1,Stem A
CCGAACGAGGGCAATC-1,Muscle 1
CCGAACGAGGTGATAT-1,Muscle 1
CCGAACGAGTTTCGAC-1,Stem D
CCGAACGGTGTACATC-1,Muscle 2
CCGATCTCAAACGTGG-1,Stem C
CCGATCTCAAGTGTCT-1,Muscle 1
CCGATCTCACAGCCAC-1,Stem F
CCGATCTGTCGCCACA-1,Stem B
CCGATCTTCACTGGTA-1,Stem D
CCGATCTTCCAAGAGG-1,Stem E
CCGATGGAGAAACTGT-1,Stem F
CCGATGGAGCCGTTGC-1,Stem E
CCGATGGGTAGACAGC-1,Neuron 4
CCGATGGTCGGCTTCT-1,Muscle 1
CCGCAAGAGGTTAAAC-1,Stem C
CCGCAAGCAAGCTGTT-1,Ciliary plate
CCGCAAGCACCGTGGT-1,Muscle 1
CCGCAAGGTAGGTAGC-1,Muscle 1
CCGCAAGGTCTCAGAT-1,Stem D
CCGCAAGGTTAAGACA-1,Stem C
CCGGACACACCGTGCA-1,Neuron 4
CCGGACACACTTTAGG-1,Muscle 1
CCGGACAGTACGGGAT-1,Stem D
CCGGGTAAGACGAGCT-1,Stem C
CCGGGTAAGAGCCTGA-1,Neuron 4
CCGGGTAAGGATTCAA-1,Parenchyma 1
CCGGGTAAGGGTAGCT-1,Stem D
CCGGGTAAGGTGAGAA-1,Stem C
CCGGGTACAACAGATA-1,Muscle 1
CCGGGTACACTATCGA-1,Stem B
CCGGGTACAGAGGTTG-1,Stem F
CCGGGTAGTGCCTGAC-1,Stem A
CCGGTAGAGACTTCCA-1,Neuron 1
CCGGTAGAGTCACGAG-1,Stem D
CCGGTAGAGTGCCGAA-1,Stem E
CCGGTAGCAAAGAGTT-1,Stem C
CCGGTAGCAAAGCAAT-1,Parenchyma 1
CCGGTAGCATAACTCG-1,Neuron 4
CCGGTAGCATTGTAGC-1,Muscle 1
CCGGTGATCCATTCGC-1,Stem A
CCGGTGATCTACTGAG-1,Stem B
CCGTAGGAGCGAGGAG-1,Stem B
CCGTAGGAGTCATGGG-1,Stem D
CCGTAGGTCCAGCAAT-1,Muscle 1
CCGTAGGTCCGTCAAA-1,Stem C
CCGTGAGAGAGGGTCT-1,Stem A
CCGTGAGAGCGTTCAT-1,Stem D
CCGTGAGAGGCTTAGG-1,Parenchyma 1
CCGTGAGCATAGCTGT-1,Stem B
CCGTGAGCATCCGCGA-1,Neuron 4
CCGTGAGCATCTTCGC-1,Protonephridia
CCGTGAGCATGTTACG-1,Stem A
CCGTGAGGTGATCGTT-1,Stem C
CCGTGAGTCCTTGACC-1,Parenchyma 2
CCGTGAGTCTATGCCC-1,Stem F
CCGTTCAAGTAGGATT-1,Neuron 4
CCGTTCATCGCTTGAA-1,Parenchyma 1
CCGTTCATCTCTCGAC-1,Muscle 1
CCTAACCAGTAATTGG-1,Stem D
CCTAACCGTTGGTGTT-1,Neuron 1
CCTAACCTCGCTCCTA-1,Stem E
CCTAACCTCGGAACTT-1,Muscle 1
CCTAACCTCGTAACAC-1,Stem A
CCTAACCTCTAGTGTG-1,Muscle 1
CCTAAGAAGCCGATCC-1,Muscle 2
CCTAAGAAGGGCAACT-1,Protonephridia
CCTAAGACAAACCACT-1,Stem A
CCTAAGAGTGAGGATC-1,Stem A
CCTAAGAGTGTCCACG-1,Muscle 1
CCTAAGATCAGACCGC-1,Tegument
CCTAAGATCATGCCAA-1,Neuron 1
CCTAAGATCCCGATCT-1,Stem D
CCTACGTAGACCATTC-1,Stem F
CCTACGTAGAGGCGTT-1,Stem C
CCTACGTAGCGCTTCG-1,Protonephridia
CCTACGTCACCGGTCA-1,Muscle 1
CCTACGTCAGGAATAT-1,Stem B
CCTACGTCATAGGCGA-1,Stem D
CCTACGTCATCAGCTA-1,Stem B
CCTACGTGTCAGACGA-1,Neuron 4
CCTACGTGTGACGCCT-1,Stem F
CCTACGTGTGCTATTG-1,Stem A
CCTACGTGTGTACGCC-1,Stem F
CCTACGTGTTACCCTC-1,Stem D
CCTACGTTCGCATTGA-1,Muscle 1
CCTACGTTCTTTCCGG-1,Stem F
CCTATCGAGCTCCCTT-1,Muscle 2
CCTATCGCACAGCCAC-1,Parenchyma 2
CCTATCGCACGATAGG-1,Stem E
CCTATCGGTATACAGA-1,Stem C
CCTATCGGTCCAGAAG-1,Neuron 5
CCTATCGGTCTAGGCC-1,Stem C
CCTATCGGTCTCAAGT-1,Stem A
CCTATCGTCGGTCTGG-1,Stem D
CCTCAACCATCAGCGC-1,Parenchyma 1
CCTCAACGTCAACCTA-1,Neuron 4
CCTCACAAGGAACGAA-1,Stem B
CCTCACAAGTCGCCCA-1,Muscle 1
CCTCACAAGTTAGTGA-1,Stem D
CCTCACAAGTTCACTG-1,Neuron 4
CCTCACACAAATACGA-1,Protonephridia
CCTCACACATGATAGA-1,Stem C
CCTCACACATGGCCAC-1,Stem B
CCTCACATCCATCTAT-1,Protonephridia
CCTCACATCGGTTCAA-1,Stem D
CCTCAGTCAGAGTTGG-1,Muscle 2
CCTCAGTCATAGAAAC-1,Muscle 2
CCTCAGTCATTGCTTT-1,Neuron 1
CCTCAGTGTCTAACGT-1,Stem D
CCTCAGTTCATGCAGT-1,Parenchyma 2
CCTCAGTTCCAGTGTA-1,Muscle 1
CCTCATGAGAATTTGG-1,Stem B
CCTCATGAGACCGTTT-1,Stem B
CCTCATGAGGGTCACA-1,Muscle 2
CCTCATGAGTCTGTAC-1,Muscle 1
CCTCATGCATGGGTTT-1,Protonephridia
CCTCATGGTCGTATTG-1,Stem F
CCTCATGGTGTACGCC-1,Muscle 1
CCTCATGTCAACCGAT-1,Protonephridia
CCTCATGTCCGTGGTG-1,Neuron 4
CCTCCAAAGCACTCGC-1,Protonephridia
CCTCCAACAGGTTCAT-1,Muscle 2
CCTCCAAGTGAGACGT-1,Muscle 2
CCTCCAAGTGCACAAG-1,Parenchyma 2
CCTCCAATCATGCTAG-1,Stem F
CCTCCAATCTACGCGG-1,Stem F
CCTCCTCAGAATGTTG-1,Parenchyma 1
CCTCCTCAGTTGCCCG-1,Muscle 1
CCTCCTCCAGACTGCC-1,Stem A
CCTCCTCGTTGGTGTT-1,Stem F
CCTCCTCTCTAAGGAA-1,Neuron 5
CCTCTAGAGGAGAATG-1,Parenchyma 1
CCTCTAGAGTCTGCGC-1,Muscle 2
CCTCTAGCATACTTTC-1,Parenchyma 1
CCTCTAGCATGCCGGT-1,Stem F
CCTCTAGTCCAAATGC-1,Stem B
CCTCTAGTCGATCCAA-1,Neuron 4
CCTCTAGTCTCCATAT-1,Stem F
CCTCTCCGTCGCCACA-1,Stem F
CCTGCATAGAACGTGC-1,Stem D
CCTGCATAGATTCGCT-1,Muscle 1
CCTGCATTCACCGACG-1,Muscle 1
CCTGTTGAGCTCGGCT-1,Parenchyma 2
CCTGTTGCACGCGGTT-1,Neuron 5
CCTGTTGCATGAAGCG-1,Stem B
CCTTCAGGTACGGCAA-1,Neuron 4
CCTTCAGTCCCTCAAC-1,Parenchyma 1
CCTTCAGTCGTCGATA-1,Stem F
CCTTCAGTCTGGCCTT-1,Stem F
CCTTGTGCAATGACCT-1,Muscle 2
CCTTGTGCAGCAGTCC-1,Muscle 2
CCTTGTGCATCGCTGG-1,Stem B
CCTTTGGAGATAGCTA-1,Stem B
CCTTTGGAGCTTGTGT-1,Stem A
CCTTTGGCATGCCGAC-1,Muscle 1
CCTTTGGGTCCGAAGA-1,Muscle 1
CCTTTGGGTTCGGACC-1,Stem F
CCTTTGGTCATTCCTA-1,Stem C
CCTTTGGTCATTCGGA-1,Stem D
CGAAGGAAGAAATTCG-1,Muscle 1
CGAAGGAAGTAACCTC-1,Muscle 1
CGAAGGAAGTCTAGAA-1,Stem C
CGAAGGAGTGCTCCGA-1,Stem B
CGAAGGATCCGAGTGC-1,Stem A
CGAAGTTAGCCGTTGC-1,Muscle 2
CGAAGTTCAAGTTTGC-1,Muscle 1
CGAAGTTGTACGCTAT-1,Tegument
CGAAGTTGTGAGATCG-1,Stem B
CGAAGTTTCACGGTCG-1,Stem E
CGAAGTTTCGTAGAGG-1,Stem B
CGAATTGGTAGATTAG-1,Muscle 1
CGAATTGTCACACGAT-1,Parenchyma 2
CGACAGCCACGCGGTT-1,Stem B
CGACAGCCAGAGTAAT-1,Stem B
CGACAGCCAGCGTTGC-1,Stem B
CGACAGCCATATACCG-1,Stem F
CGACAGCCATTACGGT-1,Protonephridia
CGACAGCGTGCCTATA-1,Protonephridia
CGACAGCGTTCCAAAC-1,Stem E
CGAGAAGAGATGGCAC-1,Neuron 1
CGAGAAGAGTTGTAGA-1,Parenchyma 1
CGAGAAGCACATCATG-1,Stem F
CGAGAAGCATCGCCTT-1,Stem A
CGAGAAGGTCGGAAAC-1,Stem A
CGAGAAGGTGTTAGCT-1,Parenchyma 2
CGAGAAGTCACCGACG-1,Stem A
CGAGAAGTCGGTCGAC-1,Parenchyma 2
CGAGGAAAGCAATTCC-1,Parenchyma 1
CGAGGAAAGCAGGCAT-1,Neuron 4
CGAGGAACACTCAAGT-1,Muscle 1
CGAGGAATCACGATCA-1,Muscle 2
CGAGGCTAGCCATATC-1,Muscle 1
CGAGGCTCACCGGTCA-1,Stem F
CGAGGCTCATGGGTTT-1,Muscle 1
CGAGGCTTCACTCTTA-1,Stem B
CGAGGCTTCCCTATTA-1,Neuron 4
CGAGGCTTCTGCTTAT-1,Parenchyma 1
CGAGTGCAGAGCAGCT-1,Stem C
CGAGTGCAGGTACAAT-1,Neuron 1
CGAGTGCCAACACAAA-1,Neuron 4
CGAGTGCCACGCCAGT-1,Muscle 2
CGAGTGCCAGCTACCG-1,Parenchyma 2
CGAGTGCGTCGATTCA-1,Stem F
CGAGTGCGTGAGCGAT-1,Stem B
CGAGTTAAGCATGATA-1,Neuron 4
CGAGTTATCCTATTGT-1,Stem D
CGAGTTATCTAAGGAA-1,Stem C
CGAGTTATCTTCACGC-1,Parenchyma 1
CGATCGGAGCTCGAAG-1,Stem C
CGATCGGAGGCCTAAG-1,Stem C
CGATCGGCAGTTAGAA-1,Muscle 2
CGATCGGGTAAGTTAG-1,Stem D
CGATCGGGTCACTAGT-1,Stem C
CGATCGGGTCGCCTAG-1,Stem C
CGATCGGTCAAACGAA-1,Stem C
CGATCGGTCAGATTGC-1,Parenchyma 2
CGATCGGTCGATACAC-1,Stem A
CGATGCGAGCTCTTCC-1,Muscle 2
CGATGCGCACACCTTC-1,Neuron 1
CGATGCGCACTGAATC-1,Neuron 5
CGATGCGCAGTTGTCA-1,Neuron 4
CGATGCGGTGACTAAA-1,Parenchyma 1
CGATGCGGTGGGAGAG-1,Muscle 1
CGATGCGGTTGCATTG-1,Parenchyma 2
CGATGCGTCATGGAGG-1,Stem D
CGATGGCCAAGCGCAA-1,Stem A
CGATGGCCACAACGCC-1,Stem F
CGATGGCCAGACGATG-1,Muscle 1
CGATGGCGTTCGCGTG-1,Muscle 2
CGATGGCTCCGAGATT-1,Muscle 1
CGATGGCTCCTGTACC-1,Parenchyma 2
CGATGGCTCGCCTTGT-1,Stem C
CGCAGGTCAAGTGGAC-1,Muscle 1
CGCAGGTGTCCAAGAG-1,Neuron 1
CGCAGGTGTCTGGTTA-1,Muscle 2
CGCAGGTTCATTCGGA-1,Stem D
CGCAGGTTCGCCGAAC-1,Stem E
CGCATAAAGATGAATC-1,Muscle 2
CGCATAAAGTCGGGAT-1,Stem A
CGCATAACACGACAGA-1,Neuron 4
CGCATAACATGATAGA-1,Stem D
CGCATAAGTAACGGTG-1,Muscle 2
CGCATAAGTTAGAAGT-1,Stem C
CGCATAAGTTATTCCT-1,Stem E
CGCATAAGTTGCATCA-1,Neuron 4
CGCATAAGTTTACCAG-1,Stem F
CGCATGGAGTGAACAT-1,Stem D
CGCATGGAGTGGTGGT-1,Protonephridia
CGCATGGAGTTGCATC-1,Stem B
CGCATGGGTAGGTGCA-1,Muscle 1
CGCATGGGTTTCACAG-1,Stem B
CGCATGGTCGAGAGAC-1,Parenchyma 2
CGCCAGAAGTATGAAC-1,Stem F
CGCCAGACATAACTCG-1,Parenchyma 2
CGCCAGAGTAAGCTCT-1,Stem D
CGCCAGAGTATGTGTC-1,Stem C
CGCCAGAGTCCCTGTT-1,Stem C
CGCCATTAGACCCGCT-1,Parenchyma 2
CGCCATTCAAACACCT-1,Stem F
CGCCATTCAAATACGA-1,Stem C
CGCCATTCACTTTAGG-1,Neuron 4
CGCCATTCAGGTTCGC-1,Stem D
CGCCATTCATCAGCTA-1,Muscle 1
CGCCATTTCGAGTGGA-1,Neuron 5
CGCGTGAAGCCAAGCA-1,Stem E
CGCGTGACAAAGTATG-1,Stem B
CGCGTGACACTACTTT-1,Stem A
CGCGTGAGTACGCGTC-1,Neuron 4
CGCGTGAGTGAGATCG-1,Stem A
CGCGTGAGTGTCCCTT-1,Stem B
CGCGTGAGTTTACTGG-1,Stem A
CGCGTGATCAGTCCGG-1,Protonephridia
CGCGTGATCCTTTAGT-1,Stem B
CGCGTGATCGGCCAAC-1,Stem A
CGCGTGATCGTGGAAG-1,Stem C
CGGAACCCAGAACTTC-1,Parenchyma 2
CGGAACCCAGGGATAC-1,Stem F
CGGAACCCATACCACA-1,Stem F
CGGAATTAGCAACAGC-1,Parenchyma 2
CGGAATTGTATCGCAT-1,Stem B
CGGAATTGTCAACGCC-1,Stem A
CGGAATTTCAACGCTA-1,Stem A
CGGACACAGATTGAGT-1,Stem C
CGGACACAGCCTTTCC-1,Muscle 1
CGGACACAGCTGCCTG-1,Stem F
CGGACACCATGAAGGC-1,Muscle 1
CGGACACGTCTCAGGC-1,Protonephridia
CGGACACGTGAAGCTG-1,Stem C
CGGACACTCATAGAGA-1,Stem B
CGGAGAAAGTTGGCGA-1,Neuron 4
CGGAGAACATGTTTGG-1,Stem C
CGGAGAAGTATACGGG-1,Protonephridia
CGGAGAAGTATGATCC-1,Stem A
CGGAGAATCGAGTTGT-1,Neuron 4
CGGCAGTAGAATTTGG-1,Tegument
CGGCAGTAGTCAAGCG-1,Stem D
CGGCAGTCACTCCTGT-1,Stem C
CGGCAGTCAGATCATC-1,Muscle 2
CGGCAGTGTATCTCGA-1,Stem A
CGGCAGTGTCCTCCAT-1,Stem F
CGGGACTAGCCGGAAT-1,Protonephridia
CGGGACTCAAACGTGG-1,Stem A
CGGGACTCAAGTGCTT-1,Stem D
CGGGACTCACGACTAT-1,Muscle 1
CGGGACTCATGGCCAC-1,Muscle 1
CGGGACTGTAGCGAGT-1,Muscle 2
CGGGACTGTCTAGGCC-1,Stem C
CGGGACTTCCCTCGTA-1,Muscle 1
CGGGCATCATTGCAAC-1,Stem B
CGGGCATTCCATCAGA-1,Muscle 1
CGGGTCAAGATGCTAA-1,Stem E
CGGGTCAAGCTCGACC-1,Stem B
CGGGTCACAAACGAGC-1,Stem A
CGGGTCACACTGGACC-1,Stem F
CGGGTCAGTGCTGATT-1,Muscle 2
CGGGTCATCATTGTTC-1,Stem A
CGGGTCATCCACAAGT-1,Stem A
CGGGTCATCGTCCTCA-1,Muscle 2
CGGGTCATCGTGTTCC-1,Stem C
CGGGTGTAGGCACCAA-1,Stem F
CGGGTGTAGTATGCAA-1,Neuron 2
CGGGTGTCAATTGGTC-1,Muscle 2
CGGGTGTCACACACTA-1,Stem A
CGGGTGTCACTCCGGA-1,Stem D
CGGGTGTTCGGCTATA-1,Parenchyma 2
CGGTCAGGTAAGGAGA-1,Stem C
CGGTCAGGTATCGTGT-1,Neuron 1
CGGTCAGGTGTTTGCA-1,Muscle 2
CGGTCAGTCCAATCTT-1,Muscle 1
CGGTCAGTCCGTAATG-1,Muscle 1
CGGTCAGTCTCGTTTA-1,Muscle 1
CGTAAGTCAAGTGACG-1,Stem D
CGTAAGTCACTGCTTC-1,Muscle 1
CGTAAGTCAGTCACGC-1,Stem B
CGTAAGTCAGTCCCGA-1,Parenchyma 2
CGTAAGTTCGACATCA-1,Stem F
CGTAAGTTCGGTGCAC-1,Muscle 2
CGTAAGTTCTGAATCG-1,Stem B
CGTAATGAGGTCGCCT-1,Neuron 4
CGTAATGAGGTGCGAT-1,Stem D
CGTAATGGTAAGCGGT-1,Parenchyma 2
CGTAATGTCGCAAGAG-1,Stem F
CGTAATGTCGGAATGG-1,Parenchyma 1
CGTAGTAAGATGCGAC-1,Stem B
CGTAGTAAGCCACTCG-1,Stem C
CGTAGTAAGCCATCCG-1,Muscle 1
CGTAGTACACACCGAC-1,Ciliary plate
CGTAGTACACCAGTAT-1,Neuron 4
CGTCAAAGTATGGTTC-1,Neuron 4
CGTCAAAGTCTGTAAC-1,Parenchyma 1
CGTCAAAGTTGCGAAG-1,Neuron 1
CGTCAAATCGTTCTAT-1,Muscle 2
CGTCAAATCTTTCTAG-1,Neuron 2
CGTCCATAGACTGTTC-1,Parenchyma 1
CGTCCATCAGAGGTAC-1,Protonephridia
CGTCCATCATTCACAG-1,Stem B
CGTCCATGTGCCCACA-1,Muscle 1
CGTCCATGTTCGCGTG-1,Stem A
CGTCCATTCCACACCT-1,Stem A
CGTCCATTCGATTGAC-1,Stem D
CGTCCATTCTTGAGCA-1,Protonephridia
CGTGAATAGTCCGCCA-1,Stem C
CGTGAATCATCGGAGA-1,Stem C
CGTGAATGTGCATGAG-1,Stem D
CGTGAATTCGGTCACG-1,Stem C
CGTGAATTCTCGTTTA-1,Stem C
CGTGAATTCTGTCGCT-1,Stem D
CGTGATAAGAGAGTGA-1,Stem D
CGTGATAAGATTGTGA-1,Neuron 1
CGTGATACAAGAAACT-1,Parenchyma 2
CGTGATACAGCATCTA-1,Muscle 2
CGTGATACATGAGGGT-1,Stem C
CGTGATACATTGCCTC-1,Tegument
CGTGATATCAAGAATG-1,Stem D
CGTGATATCTCCTGCA-1,Stem F
CGTGCTTAGATGCCGA-1,Parenchyma 1
CGTGCTTAGATTCGAA-1,Stem F
CGTGCTTAGGACAGCT-1,Muscle 1
CGTGCTTCACCAGTAT-1,Stem C
CGTGCTTGTAGTTACC-1,Stem C
CGTGCTTGTCCAGCCA-1,Muscle 1
CGTGCTTGTCGCGTCA-1,Muscle 1
CGTGCTTGTGGACTAG-1,Stem C
CGTGCTTTCATACGAC-1,Stem B
CGTGTCTCAGGCGATA-1,Stem B
CGTGTCTGTATTCCTT-1,Stem B
CGTGTCTGTCCGAAAG-1,Muscle 1
CGTGTCTGTGTTTGCA-1,Stem A
CGTGTCTTCACTACGA-1,Parenchyma 1
CGTGTCTTCGGATAAA-1,Stem A
CGTTAGAAGGAGACCT-1,Stem D
CGTTAGACAATTCACG-1,Stem A
CGTTAGACACGGTGAA-1,Stem D
CGTTAGAGTGAGATTA-1,Neuron 5
CGTTAGAGTGCCCTTT-1,Parenchyma 1
CGTTCTGAGACTCCGC-1,Muscle 2
CGTTCTGAGAGTCACG-1,Protonephridia
CGTTCTGAGCATCCCG-1,Stem C
CGTTCTGAGCCTCTGG-1,Muscle 1
CGTTCTGGTACGATTC-1,Neuron 4
CGTTCTGGTGCATGAG-1,Parenchyma 1
CGTTGGGAGCATTGTC-1,Ciliary plate
CGTTGGGCACGACAGA-1,Neuron 1
CGTTGGGCAGGTGACA-1,Stem D
CGTTGGGCATCCTATT-1,Stem F
CGTTGGGGTGCCAAGA-1,Stem C
CGTTGGGGTTGACTAC-1,Parenchyma 2
CGTTGGGTCGACGTCG-1,Stem D
CTAACCCAGGGTAATT-1,Muscle 2
CTAACCCAGTGATCGG-1,Muscle 2
CTAACCCGTGTGTCCG-1,Parenchyma 1
CTAACCCGTTCCGGTG-1,Stem B
CTAACCCTCACAATGC-1,Neuron 5
CTAACCCTCGTTGTGA-1,Neuron 1
CTAACCCTCTCCGCAT-1,Parenchyma 2
CTAACTTAGGGATCGT-1,Stem A
CTAACTTCACAGCTGC-1,Neuron 2
CTAACTTCAGTTAGAA-1,Muscle 1
CTAACTTGTATGCTAC-1,Stem F
CTAACTTGTCACAATC-1,Muscle 1
CTAACTTTCAAACTGC-1,Stem D
CTAACTTTCAATGTCG-1,Stem D
CTAACTTTCCGAGATT-1,Stem D
CTAACTTTCGGACTGC-1,Stem C
CTAAGTGGTATGGAGC-1,Neuron 1
CTAAGTGGTCTAATCG-1,Muscle 1
CTAAGTGGTGCCTACG-1,Muscle 1
CTAAGTGGTTGCTCGG-1,Parenchyma 2
CTAAGTGTCACCTGTC-1,Stem F
CTACAGAAGACCGCCT-1,Parenchyma 2
CTACAGAAGTCTTCGA-1,Neuron 2
CTACAGACAAGTGGAC-1,Muscle 1
CTACAGACACTATCCC-1,Neuron 4
CTACAGACATGGTGGA-1,Stem F
CTACAGAGTGTGCCTG-1,Stem A
CTACAGAGTTAGAAAC-1,Muscle 1
CTACATTAGTACCCTA-1,Neuron 4
CTACATTAGTGATAGT-1,Muscle 1
CTACATTAGTGTCATC-1,Muscle 1
CTACATTCAACGGGTA-1,Stem D
CTACATTCACAACGTT-1,Neuron 1
CTACATTCACCGCTGA-1,Stem D
CTACATTCACTTCATT-1,Stem F
CTACATTCATCTCCCA-1,Stem F
CTACATTGTGTCCATA-1,Muscle 1
CTACATTTCACATTGG-1,Muscle 1
CTACCCAAGATAGGGA-1,Parenchyma 1
CTACCCAAGGTGAGAA-1,Stem F
CTACCCACAGGTCAGA-1,Stem E
CTACCCACATGGCGCT-1,Muscle 1
CTACCCATCACTTGGA-1,Protonephridia
CTACCCATCCACAGGC-1,Stem F
CTACCCATCGGATACT-1,Parenchyma 2
CTACCCATCGGCTGGT-1,Muscle 1
CTACCTGCATAGACTC-1,Muscle 1
CTACCTGGTATTCTCT-1,Parenchyma 1
CTACCTGTCCGCAACG-1,Neuron 1
CTACCTGTCGCCTTGT-1,Stem C
CTACCTGTCGTTCATT-1,Parenchyma 2
CTACGGGAGACGGTTG-1,Stem B
CTACGGGAGATGTTAG-1,Stem B
CTACGGGCAATGTCAC-1,Stem C
CTACGGGCACTAACGT-1,Neuron 4
CTACGGGGTAATGATG-1,Parenchyma 1
CTACGGGGTATTGCCA-1,Parenchyma 2
CTACGGGGTCGCAACC-1,Stem A
CTACGGGTCCATGCAA-1,Stem C
CTACTATAGGCATTTC-1,Tegument
CTACTATCACCTCGTT-1,Muscle 1
CTACTATGTGTGAGCA-1,Muscle 2
CTAGACACAGTTCTAG-1,Neuron 4
CTAGACACATCTAACG-1,Tegument
CTAGACATCATCACCC-1,Neuron 5
CTAGGTAAGTAAAGCT-1,Parenchyma 2
CTAGGTACACCAGACC-1,Stem B
CTAGGTACAGCTGTCG-1,Muscle 2
CTAGGTATCCCGTGTT-1,Stem D
CTATAGGAGGACGCAT-1,Stem E
CTATAGGCACATGAAA-1,Muscle 2
CTATAGGCATGACTAC-1,Muscle 1
CTATAGGCATGCAGCC-1,Stem C
CTATAGGTCCTTCTTC-1,Stem D
CTATAGGTCGCTGTCT-1,Protonephridia
CTATCCGAGCAACTCT-1,Parenchyma 2
CTATCCGCAACCCTAA-1,Parenchyma 1
CTATCCGCAAGTTTGC-1,Muscle 2
CTATCCGCATACTTTC-1,Stem D
CTATCCGCATCGATCA-1,Neuron 5
CTATCCGGTAATGTGA-1,Muscle 1
CTATCCGGTTGGCCTG-1,Muscle 2
CTATCCGTCAGCGTCG-1,Stem D
CTATCTAAGCAACAGC-1,Stem C
CTATCTACACAAGTGG-1,Muscle 2
CTATCTAGTCCTGTTC-1,Stem F
CTATCTAGTGCGTTTA-1,Muscle 1
CTATCTATCACGGTCG-1,Neuron 5
CTATCTATCAGACTGT-1,Muscle 2
CTATCTATCTAACACG-1,Parenchyma 1
CTATCTATCTGGTGCG-1,Parenchyma 1
CTCAACCAGGCAATGC-1,Neuron 4
CTCAACCAGGCAGGTT-1,Muscle 2
CTCAACCCACAAAGTA-1,Stem A
CTCAACCGTGCTCCGA-1,Stem C
CTCAACCGTTTACACG-1,Stem D
CTCAACCTCCGGCAAC-1,Muscle 2
CTCAACCTCTAGACAC-1,Stem F
CTCAACCTCTGATGGT-1,Ciliary plate
CTCAAGAAGCTGCCTG-1,Stem D
CTCAAGACACTCTGCT-1,Parenchyma 1
CTCAAGACAGTCGAGA-1,Parenchyma 1
CTCAAGACATCCGAAT-1,Muscle 2
CTCAAGAGTACGATGG-1,Parenchyma 1
CTCAAGAGTCGAAGCA-1,Parenchyma 2
CTCAATTCAGTTAGGG-1,Stem F
CTCAATTTCACACCGG-1,Stem B
CTCAATTTCGAAGAAT-1,Parenchyma 1
CTCACTGAGGTACCTT-1,Stem F
CTCACTGAGTACCATC-1,Stem B
CTCACTGCAAGAGTAT-1,Parenchyma 2
CTCACTGTCAGGTAAA-1,Muscle 1
CTCACTGTCATTTGTC-1,Protonephridia
CTCACTGTCCTGTACC-1,Stem F
CTCACTGTCGGCACTG-1,Parenchyma 1
CTCACTGTCTTCTCAA-1,Stem F
CTCAGAAAGAAGCGCT-1,Stem D
CTCAGAAAGCCTTCTC-1,Muscle 1
CTCAGAAAGGTGCTAG-1,Stem B
CTCAGAAAGTGGACTG-1,Parenchyma 2
CTCAGAACATGTGGCC-1,Parenchyma 1
CTCAGAAGTACTCGAT-1,Neuron 1
CTCAGAAGTCCACATA-1,Stem B
CTCAGAAGTTCGGCCA-1,Stem A
CTCAGAATCGTTCTGC-1,Stem A
CTCAGAATCTGTCTCG-1,Neuron 5
CTCAGAATCTTACCAT-1,Parenchyma 2
CTCAGAATCTTGGTCC-1,Stem C
CTCAGGGAGACCATGG-1,Muscle 1
CTCAGGGAGACCCGCT-1,Stem F
CTCAGGGCAAGATGGC-1,Muscle 1
CTCAGGGCACATACGT-1,Stem F
CTCAGGGCACCGTACG-1,Muscle 1
CTCAGGGCAGTAACGG-1,Muscle 1
CTCAGGGGTGATACCT-1,Stem A
CTCAGGGGTGCGCTCA-1,Parenchyma 1
CTCAGGGTCCTTACCG-1,Muscle 1
CTCAGTCCATTGCCGG-1,Stem B
CTCAGTCGTAACATAG-1,Stem C
CTCAGTCGTGACTGAG-1,Stem C
CTCAGTCTCGTACCTC-1,Stem B
CTCATCGAGACGAAGA-1,Stem E
CTCATCGAGAGCCGTA-1,Stem C
CTCATCGAGATGCTAA-1,Stem D
CTCATCGAGTTGTAGA-1,Neuron 4
CTCATCGGTGTTAAAG-1,Stem D
CTCATCGGTTACCTGA-1,Stem C
CTCATCGTCCTTCGAC-1,Stem D
CTCATCGTCTTCGGTC-1,Stem C
CTCATGCAGGCGTTAG-1,Stem D
CTCATGCCACTCCCTA-1,Stem F
CTCATGCCAGACACCC-1,Neuron 1
CTCATGCCAGGAGGAG-1,Stem F
CTCATGCGTAACGGTG-1,Neuron 4
CTCATGCGTACCGGCT-1,Neuron 2
CTCATGCTCGTAGTCA-1,Stem B
CTCATGCTCTTCGACC-1,Tegument
CTCATTAAGACCATAA-1,Stem C
CTCATTATCGGTAAGG-1,Neuron 4
CTCCAACAGAAAGCGA-1,Parenchyma 1
CTCCAACAGGGATGTC-1,Neuron 1
CTCCAACCACATATCG-1,Stem F
CTCCAACCACGTTCGG-1,Neuron 4
CTCCAACCAGACCAAG-1,Stem F
CTCCAACCATCACAGT-1,Neuron 2
CTCCAACGTGCGCTCA-1,Stem B
CTCCAACGTTCGGACC-1,Muscle 2
CTCCAACTCAACGCTA-1,Tegument
CTCCAACTCCCGTGTT-1,Neuron 2
CTCCAACTCGTCTCAC-1,Stem A
CTCCAACTCTAGGCAT-1,Muscle 1
CTCCAACTCTCAAAGC-1,Stem F
CTCCACAAGACTTAAG-1,Stem F
CTCCACAAGTCTTCGA-1,Tegument
CTCCACACAGAAACCG-1,Muscle 1
CTCCACACAGAGAAAG-1,Parenchyma 2
CTCCACAGTACTCGAT-1,Stem C
CTCCACAGTCTTGGTA-1,Muscle 2
CTCCACAGTGACAACG-1,Stem D
CTCCACAGTTCGAACT-1,Stem C
CTCCATGCACCTCTGT-1,Stem F
CTCCATGCAGCGACCT-1,Neuron 5
CTCCATGGTAACTTCG-1,Stem B
CTCCATGGTAAGTTGA-1,Stem B
CTCCCAAAGTAGTCTC-1,Stem C
CTCCCAACAGGTGAGT-1,Stem C
CTCCCAACATAGAAAC-1,Stem F
CTCCCAAGTGTTCGTA-1,Neuron 4
CTCCCAAGTTGCCGCA-1,Muscle 1
CTCCCAATCAGGACGA-1,Neuron 1
CTCCCTCCAGAAGCGT-1,Stem F
CTCCCTCCAGTGGTGA-1,Muscle 2
CTCCCTCGTCCGGATC-1,Stem F
CTCCCTCGTCGAAACG-1,Parenchyma 1
CTCCCTCGTGCTGTCG-1,Tegument
CTCCCTCGTTCAACGT-1,Muscle 1
CTCCCTCTCAAGTAAG-1,Neuron 2
CTCCCTCTCCCGAGTG-1,Parenchyma 2
CTCCGATAGACAGCGT-1,Stem C
CTCCGATAGACGGAAA-1,Parenchyma 2
CTCCGATGTGCATGTT-1,Stem F
CTCCGATGTTAGGCTT-1,Parenchyma 1
CTCCTCCAGCCTTGAT-1,Stem F
CTCCTCCAGGTGCGAT-1,Stem D
CTCCTCCAGTCCGCCA-1,Stem C
CTCCTCCCAACTTGGT-1,Stem F
CTCCTCCCACTCAAGT-1,Stem C
CTCCTCCGTCTAGATC-1,Muscle 1
CTCCTCCGTGGTAACG-1,Stem C
CTCCTCCTCACCCATC-1,Neuron 1
CTCCTCCTCCTAGCTC-1,Muscle 1
CTCCTCCTCTACGGGC-1,Parenchyma 1
CTCCTTTGTCGAAACG-1,Muscle 1
CTCCTTTGTCGCAGTC-1,Stem D
CTCCTTTTCCGACAGC-1,Muscle 2
CTCGAGGAGAGCAGCT-1,Muscle 2
CTCGAGGAGCTGCCAC-1,Muscle 2
CTCGAGGCAAGCGATG-1,Stem D
CTCGAGGCAGGGTTGA-1,Stem A
CTCGAGGCATACTTTC-1,Neuron 5
CTCGAGGGTCCTTTGC-1,Stem F
CTCGAGGTCATTGTGG-1,Protonephridia
CTCGAGGTCCAATGCA-1,Stem F
CTCGAGGTCGTCCTCA-1,Stem C
CTCGAGGTCTGCGGCA-1,Stem C
CTCTCAGAGTCCTGTA-1,Stem D
CTCTCAGCAAGACCTT-1,Muscle 1
CTCTCAGCATCGGCCA-1,Parenchyma 2
CTCTCAGTCATCTCTA-1,Parenchyma 1
CTCTCAGTCTAGGCAT-1,Stem B
CTCTCGAAGGGAGATA-1,Stem D
CTCTCGACACTCCGGA-1,Neuron 4
CTCTCGACAGTCTGGC-1,Muscle 1
CTCTCGACATATGCGT-1,Parenchyma 2
CTCTCGAGTAGAAACT-1,Protonephridia
CTCTCGAGTCACGCTG-1,Neuron 4
CTCTCGAGTCCTCCAT-1,Muscle 1
CTCTCGAGTCGAGCAA-1,Muscle 1
CTCTCGAGTGATTGGG-1,Stem F
CTCTCGATCAGACATC-1,Neuron 5
CTCTCGATCAGTCATG-1,Muscle 1
CTCTCGATCCTGGCTT-1,Protonephridia
CTCTCGATCTAACGCA-1,Stem C
CTCTCGATCTTGTTAC-1,Stem F
CTCTGGTAGGCCTTCG-1,Stem C
CTCTGGTAGTCAGAGC-1,Stem B
CTCTGGTAGTGTAGTA-1,Stem C
CTCTGGTGTCCGGACT-1,Muscle 2
CTCTGGTGTGTCTTGA-1,Neuron 2
CTCTGGTTCCTAACAG-1,Parenchyma 1
CTCTGGTTCGCAATGT-1,Muscle 2
CTGAATGAGACTCTTG-1,Parenchyma 2
CTGAATGCAAATCAGA-1,Stem A
CTGAATGGTAGCGTCC-1,Neuron 1
CTGAGCGAGACATATG-1,Muscle 2
CTGAGCGAGGACATCG-1,Neuron 1
CTGAGCGAGTGTAGTA-1,Parenchyma 1
CTGAGCGAGTTCTCTT-1,Muscle 1
CTGAGCGGTAACGGTG-1,Stem C
CTGAGCGGTAGTGTGG-1,Muscle 1
CTGAGCGGTATCTCTT-1,Parenchyma 1
CTGAGCGGTGCTCGTG-1,Stem E
CTGAGCGGTTTCAGAC-1,Muscle 1
CTGAGCGTCAGCGGAA-1,Stem B
CTGAGGCCATAATGAG-1,Stem D
CTGAGGCCATGACTCA-1,Muscle 1
CTGAGGCGTTCCGGTG-1,Neuron 4
CTGAGGCTCAGTGTGT-1,Stem B
CTGAGGCTCGGTCGAC-1,Neuron 4
CTGATCCAGCAATTCC-1,Neuron 5
CTGATCCGTAGAAACT-1,Stem C
CTGATCCGTGAGCTCC-1,Stem D
CTGATCCGTTACGCCG-1,Parenchyma 2
CTGATCCTCGCGCCAA-1,Stem C
CTGCAGGAGAATCGCG-1,Neuron 4
CTGCAGGAGACCGTTT-1,Muscle 2
CTGCAGGCACGACGAA-1,Protonephridia
CTGCAGGCACTTTAGG-1,Tegument
CTGCAGGCAGCTAACT-1,Muscle 1
CTGCAGGGTAATGTGA-1,Muscle 1
CTGCAGGGTGGCTCTG-1,Stem D
CTGCAGGTCAGCCTTC-1,Tegument
CTGCAGGTCGCTGATA-1,Muscle 2
CTGCATCAGTTTGGCT-1,Stem A
CTGCATCCAATTTCCT-1,Parenchyma 1
CTGCATCCATGGACAG-1,Muscle 2
CTGCATCTCGGTCGGT-1,Parenchyma 2
CTGCCATAGGCGAAGG-1,Stem D
CTGCCATCATCCAACA-1,Muscle 2
CTGCCATCATGACGTT-1,Protonephridia
CTGCCATGTAGCGAGT-1,Ciliary plate
CTGCCATGTCGTTTCC-1,Stem D
CTGCCATTCATGCGGC-1,Stem A
CTGCCATTCCAGCCTT-1,Stem F
CTGCCATTCCCGATCT-1,Muscle 2
CTGCCATTCGTGCATA-1,Stem F
CTGCCTAAGACGCATG-1,Stem E
CTGCCTAAGGACTAAT-1,Muscle 1
CTGCCTAAGTAGACAT-1,Muscle 1
CTGCCTAAGTTGAAGT-1,Neuron 1
CTGCCTAGTCCGTTTC-1,Stem D
CTGCCTAGTGAGCCAA-1,Muscle 1
CTGCCTATCTGTCGTC-1,Neuron 2
CTGCGAGAGCATGATA-1,Stem A
CTGCGAGAGGGCAGGA-1,Stem D
CTGCGAGCAAGTATAG-1,Muscle 1
CTGCGAGCACTTCAGA-1,Neuron 4
CTGCGAGGTAAGTTGA-1,Stem B
CTGCGAGGTCGAGATG-1,Neuron 4
CTGCGAGGTCTTCAAG-1,Stem B
CTGCGAGTCTGAGGTT-1,Protonephridia
CTGCTCAAGAGCATTA-1,Stem B
CTGCTCAAGTCTGTAC-1,Stem C
CTGCTCACAAGGCAAC-1,Tegument
CTGCTCACACTCATAG-1,Stem F
CTGCTCACATGACTCA-1,Neuron 1
CTGCTCAGTGACAGCA-1,Neuron 1
CTGGACGAGCGCCTCA-1,Stem D
CTGGACGAGTACCGGA-1,Stem C
CTGGACGGTCACCCTT-1,Muscle 1
CTGGACGTCCGCTTAC-1,Neuron 1
CTGGACGTCGCTGTTC-1,Stem C
CTGGACGTCTGCGATA-1,Muscle 1
CTGGACGTCTTGCAGA-1,Stem B
CTGGCAGCAACTCGTA-1,Muscle 2
CTGGCAGCATGCCATA-1,Stem F
CTGGCAGTCATCCTGC-1,Neuron 4
CTGGCAGTCGGACAAG-1,Stem F
CTGGTCTAGCTCATAC-1,Muscle 2
CTGGTCTAGGCTTTCA-1,Tegument
CTGGTCTCAAATCAAG-1,Muscle 1
CTGGTCTCAATGTCAC-1,Neuron 5
CTGGTCTCAGGGAATC-1,Stem C
CTGGTCTGTGCACATT-1,Stem A
CTGGTCTTCGACCCAG-1,Stem A
CTGTACCAGATCGGTG-1,Stem B
CTGTACCCAAGGGCAT-1,Stem A
CTGTACCCAATGTCTG-1,Stem B
CTGTACCCACAACGAG-1,Neuron 1
CTGTACCCACCTGATA-1,Stem D
CTGTACCCAGATCCTA-1,Muscle 2
CTGTACCCAGCTACAT-1,Stem C
CTGTACCCAGTCAACT-1,Parenchyma 1
CTGTACCGTGGACTGA-1,Stem B
CTGTACCTCCTAGCGG-1,Stem C
CTGTACCTCGAAATCC-1,Stem A
CTGTAGAAGCATTGAA-1,Stem D
CTGTAGACACAGCGCT-1,Muscle 1
CTGTAGAGTCAGACTT-1,Parenchyma 1
CTGTAGAGTGGCTGCT-1,Stem F
CTGTATTGTTCAAGGG-1,Muscle 1
CTGTATTTCCCTTTGG-1,Parenchyma 1
CTGTCGTAGGACTGGT-1,Stem B
CTGTCGTCACGCGCTA-1,Stem D
CTGTCGTTCAGACATC-1,Muscle 1
CTGTGAACATCCGCGA-1,Muscle 1
CTGTGAAGTAAGTTAG-1,Stem B
CTGTGAAGTCAGTCCG-1,Stem F
CTGTGAAGTCTGTTAG-1,Muscle 1
CTGTGAATCAACTGGT-1,Parenchyma 2
CTGTGAATCGAACCTA-1,Stem D
CTGTGAATCTTGCGCT-1,Neuron 4
CTGTGGGAGTCAAGCG-1,Stem C
CTGTGGGGTCTAATCG-1,Neuron 2
CTGTGGGGTGCGTCGT-1,Parenchyma 1
CTGTGGGTCCGTAATG-1,Stem C
CTGTGGGTCGAGAATA-1,Protonephridia
CTGTGGGTCGTAACTG-1,Parenchyma 1
CTTACCGAGAGTGGCT-1,Stem B
CTTACCGAGCGCCTTG-1,Tegument
CTTACCGCACGTGTGC-1,Stem F
CTTAGGAAGTCACTCA-1,Muscle 1
CTTAGGACACTCTAGA-1,Neuron 1
CTTAGGAGTACGATGG-1,Stem F
CTTAGGAGTAGAGGAA-1,Stem F
CTTAGGATCCGATCTC-1,Muscle 2
CTTAGGATCCTTATAC-1,Stem D
CTTCAATAGATTGATG-1,Stem C
CTTCAATCAAACCATC-1,Stem F
CTTCAATTCACAAGGG-1,Muscle 2
CTTCAATTCTTGCAAG-1,Stem F
CTTCAATTCTTTGCAT-1,Stem F
CTTCCGAAGGCACGAT-1,Muscle 1
CTTCCGAAGTTTCTTC-1,Stem C
CTTCCGACAAAGCGTG-1,Parenchyma 1
CTTCCGACATACTTTC-1,Muscle 1
CTTCCGACATGTCGTA-1,Stem F
CTTCCGATCACGTCCT-1,Muscle 1
CTTCCGATCGAACTCA-1,Parenchyma 1
CTTCCGATCGTAGGGA-1,Muscle 2
CTTCCTTAGACTAAGT-1,Parenchyma 1
CTTCCTTAGCAATTAG-1,Muscle 1
CTTCCTTCAAGAGGCT-1,Tegument
CTTCCTTCAGACATCT-1,Muscle 2
CTTCCTTGTGGAATGC-1,Muscle 2
CTTCCTTTCCTCTGCA-1,Parenchyma 2
CTTCGGTAGGATATGT-1,Stem C
CTTCGGTAGTGTTGTC-1,Stem D
CTTCGGTCAGTCAGCC-1,Stem E
CTTCGGTGTAAGATAC-1,Neuron 5
CTTCGGTGTTTCCAAG-1,Stem C
CTTCGGTTCAGGAAGC-1,Stem F
CTTCTAAAGTCCTGTA-1,Neuron 4
CTTCTAACAAGTCATC-1,Stem F
CTTCTAACAGCCCACA-1,Tegument
CTTCTAACATCTCATT-1,Stem A
CTTCTAACATGGCTGC-1,Tegument
CTTCTAAGTACAGTTC-1,Parenchyma 1
CTTCTAAGTCCACGCA-1,Muscle 1
CTTCTAAGTCTTCTAT-1,Muscle 2
CTTCTAATCCTTGGAA-1,Stem B
CTTCTAATCGGCTGAC-1,Muscle 2
CTTCTCTAGGGCCAAT-1,Muscle 2
CTTCTCTCAAGTAGTA-1,Stem F
CTTCTCTCAGTGAGCA-1,Stem F
CTTCTCTTCCCTCTAG-1,Stem D
CTTCTCTTCTCAAAGC-1,Muscle 1
CTTGAGATCCACGTAA-1,Neuron 1
CTTGAGATCCACGTCT-1,Parenchyma 2
CTTGATTGTGGCTAGA-1,Stem F
CTTGATTTCACGGACC-1,Stem A
CTTGATTTCCAATCCC-1,Tegument
CTTGATTTCTGCAGCG-1,Muscle 2
CTTGATTTCTGGAGAG-1,Stem F
CTTTCAAAGACGCATG-1,Stem D
CTTTCAAAGCACCGTC-1,Neuron 1
CTTTCAACACAACGTT-1,Stem F
CTTTCAACAGCGTATT-1,Neuron 4
CTTTCAATCAGGCGAA-1,Muscle 1
CTTTCAATCCATACAG-1,Muscle 1
CTTTCAATCGGACTGC-1,Parenchyma 1
CTTTCGGAGGTCGACA-1,Neuron 1
CTTTCGGCAGACAATA-1,Stem C
CTTTCGGCAGCCGTCA-1,Tegument
CTTTCGGTCCACACAA-1,Tegument
CTTTCGGTCCCAGGCA-1,Stem F
CTTTCGGTCCTCAGGG-1,Stem A
CTTTCGGTCCTTGACC-1,Neuron 4
CTTTCGGTCGGTCAGC-1,Neuron 1
GAAACCTAGAATCTAG-1,Muscle 2
GAAACCTAGAGGTATT-1,Stem F
GAAACCTAGCCATTGT-1,Parenchyma 1
GAAACCTAGGAACATT-1,Neuron 2
GAAACCTAGGTTCCAT-1,Muscle 1
GAAACCTCACTGTGTA-1,Stem F
GAAACCTGTCCATCTC-1,Muscle 1
GAAACCTTCATAGCAC-1,Muscle 1
GAAACCTTCCCAATAG-1,Parenchyma 2
GAAATGAAGCACTCCG-1,Stem D
GAAATGACACCCTGTT-1,Muscle 1
GAAATGACAGAAGCTG-1,Parenchyma 1
GAAATGAGTTCCTAGA-1,Muscle 1
GAAATGAGTTGGGTAG-1,Protonephridia
GAAATGATCTTCTAAC-1,Protonephridia
GAACACTAGTACTGTC-1,Stem D
GAACACTAGTTGGACG-1,Stem C
GAACACTCAGCTACAT-1,Muscle 2
GAACACTCATCCTATT-1,Neuron 1
GAACACTGTGAGTAAT-1,Stem F
GAACACTGTGGGCTTC-1,Stem C
GAACGTTAGCCGTCGT-1,Stem A
GAACGTTAGGCTTTCA-1,Muscle 1
GAACGTTCAATTGCCA-1,Neuron 4
GAACGTTTCCTGGGAC-1,Stem C
GAACGTTTCTCGGGAC-1,Muscle 2
GAACTGTAGGATGTTA-1,Muscle 2
GAACTGTAGGGACAGG-1,Stem A
GAACTGTAGGGACCAT-1,Muscle 2
GAACTGTAGTCGAAAT-1,Muscle 2
GAACTGTCACCAATTG-1,Muscle 1
GAACTGTGTCAAAGCG-1,Stem F
GAACTGTGTCGCATCG-1,Stem B
GAACTGTGTGGTTCTA-1,Parenchyma 1
GAACTGTGTTCGAGCC-1,Stem C
GAACTGTTCACGATAC-1,Neuron 1
GAACTGTTCCATTTAC-1,Parenchyma 2
GAAGAATAGAGAATCT-1,Stem A
GAAGAATCATTAGGCT-1,Muscle 2
GAAGAATGTGGAGAAA-1,Stem E
GAAGAATTCAGACCTA-1,Muscle 1
GAAGAATTCGCTAATG-1,Stem C
GAAGAATTCTAGACCA-1,Stem C
GAAGCCCAGAAGCCTG-1,Stem D
GAAGCCCAGACTAAGT-1,Muscle 1
GAAGCCCAGAGCCCAA-1,Stem C
GAAGCCCCAATTCACG-1,Muscle 2
GAAGCCCCATTGTACG-1,Stem F
GAAGCCCGTAACTTCG-1,Stem A
GAAGCCCGTATTTCGG-1,Parenchyma 1
GAAGCCCGTCACGACC-1,Muscle 1
GAAGCCCTCCCAGGCA-1,Muscle 1
GAAGCCCTCGCCTCTA-1,Stem C
GAAGCCCTCGCTGATA-1,Parenchyma 1
GAAGCGAAGACGGTTG-1,Stem B
GAAGCGACAGCAGATG-1,Stem A
GAAGCGACAGCTCGGT-1,Muscle 1
GAAGGACAGACTACCT-1,Stem F
GAAGGACAGCATACTC-1,Stem A
GAAGGACCACAGCTGC-1,Stem C
GAAGGACCATAGAGGC-1,Stem C
GAAGGACCATATCTGG-1,Stem F
GAAGGACGTAGCGTTT-1,Muscle 2
GAAGGACGTGCTAGCC-1,Stem C
GAAGGACGTGGCGTAA-1,Stem C
GAAGGACGTTGTACGT-1,Parenchyma 2
GAAGGACTCCAGCAAT-1,Stem F
GAAGGACTCTACTGCC-1,Stem D
GAAGGGTAGGTAACTA-1,Stem A
GAAGGGTGTAAGATAC-1,Neuron 1
GAAGGGTGTGTAAACA-1,Parenchyma 2
GAAGGGTTCGACACCG-1,Neuron 5
GAAGTAAAGAGCAGCT-1,Stem F
GAAGTAAAGGCAGGTT-1,Stem D
GAAGTAACAAGCTGCC-1,Protonephridia
GAAGTAATCGCTTAAG-1,Stem A
GAAGTAATCGGCACTG-1,Parenchyma 1
GAAGTAATCTCATTTG-1,Muscle 2
GAATAGAAGATCCTAC-1,Parenchyma 1
GAATAGACAATTGCTG-1,Parenchyma 1
GAATAGACACAGCCAC-1,Stem D
GAATAGACACTGTTCC-1,Parenchyma 1
GAATAGACAGAGTTCT-1,Muscle 2
GAATAGATCCTACGAA-1,Neuron 1
GAATAGATCTACGGTA-1,Parenchyma 1
GAATCACCACCTGTCT-1,Stem F
GAATCACTCACCATGA-1,Muscle 1
GAATCACTCAGGACGA-1,Stem D
GAATCACTCCAACTAG-1,Muscle 1
GAATCGTAGAGTGTGC-1,Muscle 2
GAATCGTAGTCTCTGA-1,Neuron 4
GAATCGTGTAACCCTA-1,Parenchyma 2
GACACGCAGGATATAC-1,Muscle 1
GACACGCAGTTCCATG-1,Tegument
GACACGCCAGAACTTC-1,Stem F
GACACGCGTGGCCCAT-1,Stem B
GACACGCGTTGCGTAT-1,Protonephridia
GACACGCGTTTGGCTA-1,Muscle 1
GACACGCTCGGACTTA-1,Neuron 1
GACAGCCCAAATGGCG-1,Muscle 1
GACAGCCTCCATGCAA-1,Protonephridia
GACAGCCTCGAGTTGT-1,Stem C
GACAGCCTCTACGGTA-1,Muscle 2
GACATCACAAGTGGTG-1,Stem C
GACATCACACCATTCC-1,Muscle 2
GACCAATCATCCTATT-1,Muscle 1
GACCAATGTAAGGCTG-1,Stem D
GACCAATGTTATTCTC-1,Stem A
GACCCAGAGGTTCCAT-1,Muscle 1
GACCCAGGTCTTGAGT-1,Neuron 5
GACCCTTAGAGCTTTC-1,Neuron 1
GACCCTTAGTGCACAG-1,Muscle 2
GACCCTTGTAAGCTCT-1,Stem D
GACCCTTGTATCGCAT-1,Ciliary plate
GACCCTTGTCTACGAT-1,Stem C
GACCCTTTCATGAAAG-1,Stem A
GACCCTTTCCACAGCG-1,Neuron 1
GACCCTTTCTTCCTAA-1,Stem A
GACCGTGCACTACCCT-1,Stem D
GACCGTGCACTAGTAC-1,Muscle 1
GACCGTGCATGACGGA-1,Parenchyma 1
GACCGTGGTTGACTAC-1,Neuron 1
GACCTTCAGTATGCAA-1,Stem F
GACCTTCAGTGCTCGC-1,Parenchyma 2
GACCTTCAGTTCCTGA-1,Muscle 1
GACCTTCCATGACGTT-1,Muscle 2
GACCTTCGTAGAATGT-1,Stem F
GACCTTCGTCCACGCA-1,Muscle 1
GACCTTCTCACATACG-1,Muscle 1
GACCTTCTCTCAGAAC-1,Stem D
GACGCTGAGACAACTA-1,Neuron 1
GACGCTGAGCCACTCG-1,Neuron 1
GACGCTGAGCCTGTCG-1,Stem C
GACGCTGAGGATACCG-1,Stem B
GACGCTGAGTTCCATG-1,Muscle 1
GACGCTGGTGAGCGAT-1,Stem B
GACGCTGTCATCGCTC-1,Stem D
GACGCTGTCCCATTCG-1,Stem F
GACGCTGTCTAGAGCT-1,Muscle 2
GACGTTAAGCTAATCC-1,Stem A
GACGTTAAGGATCATA-1,Muscle 1
GACGTTAAGGCACCAA-1,Parenchyma 2
GACGTTAAGGTTTACC-1,Stem F
GACGTTACACAAGTTC-1,Muscle 2
GACGTTACACTAGGTT-1,Muscle 1
GACGTTACAGCATGCC-1,Parenchyma 2
GACGTTACAGTGAGCA-1,Neuron 4
GACGTTATCAGGACGA-1,Stem C
GACGTTATCCTGTTAT-1,Muscle 2
GACTATGAGCAGCCCT-1,Neuron 5
GACTATGAGCTCGGCT-1,Protonephridia
GACTATGCAAGTGGAC-1,Neuron 1
GACTATGCATCCAACA-1,Stem E
GACTATGGTATCGCTA-1,Stem F
GACTATGGTATTCCTT-1,Stem C
GACTATGGTGACTCGC-1,Neuron 2
GACTATGGTGTATTGC-1,Stem C
GACTATGGTGTCATCA-1,Muscle 1
GACTCAAAGCAAACAT-1,Neuron 1
GACTCAAAGCAGGCAT-1,Muscle 1
GACTCAAAGGAAAGAC-1,Parenchyma 2
GACTCAAAGGTAGTCG-1,Stem A
GACTCAACAATAGTCC-1,Stem F
GACTCAACAGCGTACC-1,Stem C
GACTCAACAGCTGGTC-1,Stem F
GACTCAAGTATACCTG-1,Protonephridia
GACTCAAGTGACGCCT-1,Tegument
GACTCAAGTGATACAA-1,Muscle 1
GACTCAAGTGGCTTAT-1,Neuron 4
GACTCAATCGCAGTCG-1,Stem C
GACTCTCAGACGGATC-1,Protonephridia
GACTCTCCAACTCGTA-1,Parenchyma 1
GACTCTCCACTAAACC-1,Neuron 1
GACTCTCCACTCATAG-1,Stem B
GACTCTCCATTGTCGA-1,Muscle 1
GACTCTCGTAGCGTTT-1,Stem B
GACTCTCGTGTAAATG-1,Stem A
GACTCTCTCACTGCTC-1,Stem A
GACTCTCTCCAAGGGA-1,Parenchyma 1
GACTGATAGACGATAT-1,Stem F
GACTGATAGAGTCTTC-1,Neuron 1
GACTGATCAATTGCCA-1,Stem D
GACTGATGTCCGGCAT-1,Stem F
GACTGATTCCCGTTGT-1,Parenchyma 1
GACTGATTCGTAATGC-1,Muscle 1
GACTTCCCACCGTACG-1,Muscle 1
GACTTCCGTACCGCGT-1,Stem F
GACTTCCGTATTGACC-1,Stem D
GACTTCCTCACGGTCG-1,Parenchyma 1
GACTTCCTCCGGACTG-1,Stem B
GAGAAATAGTTTCGGT-1,Muscle 2
GAGAAATGTCGATGCC-1,Stem F
GAGAAATGTTATAGCC-1,Protonephridia
GAGAAATTCTCACCCA-1,Neuron 1
GAGACCCAGCGCCATC-1,Stem A
GAGACCCAGGGTTAGC-1,Parenchyma 2
GAGACCCAGTCCTACA-1,Muscle 2
GAGACCCCAATAGTAG-1,Muscle 1
GAGACCCCACCTGCAG-1,Parenchyma 2
GAGACCCGTACAGTAA-1,Muscle 1
GAGACCCGTATGACAA-1,Muscle 2
GAGACCCGTCGCATTA-1,Stem A
GAGACCCGTGGCAGAT-1,Neuron 1
GAGACCCGTTAGAGTA-1,Stem E
GAGACTTAGGACAGCT-1,Stem D
GAGACTTCAGTACTAC-1,Stem F
GAGACTTGTCCACTTC-1,Muscle 1
GAGACTTGTCTCTCCA-1,Parenchyma 2
GAGACTTTCTACGGGC-1,Stem C
GAGAGGTAGCGGACAT-1,Muscle 1
GAGAGGTAGCTCGCAC-1,Stem F
GAGAGGTCAATTTCGG-1,Neuron 3
GAGAGGTCACGAGAAC-1,Parenchyma 2
GAGAGGTCAGAAGTTA-1,Stem D
GAGAGGTGTATCGCGC-1,Neuron 4
GAGAGGTGTCGTACTA-1,Neuron 1
GAGATGGAGACAACAT-1,Neuron 4
GAGATGGCAAGGACAC-1,Stem A
GAGATGGGTACAGGTG-1,Stem A
GAGATGGGTCAATCTG-1,Parenchyma 2
GAGATGGGTGAGGCAT-1,Parenchyma 1
GAGATGGGTGGATCGA-1,Stem D
GAGATGGGTTGTACGT-1,Parenchyma 2
GAGATGGTCCTAACAG-1,Stem C
GAGCCTGAGCATTGAA-1,Stem B
GAGCCTGAGCCGCACT-1,Stem D
GAGCCTGAGTGACCTT-1,Muscle 1
GAGCCTGCACCAACAT-1,Parenchyma 2
GAGCCTGCACTTGTCC-1,Stem A
GAGCCTGGTATACCCA-1,Stem A
GAGCCTGGTGCACGCT-1,Neuron 2
GAGCCTGTCAGCTTCC-1,Stem B
GAGCCTGTCGAGAAAT-1,Protonephridia
GAGCCTGTCTGCAGCG-1,Neuron 1
GAGCTGCAGAAACTAC-1,Stem D
GAGCTGCAGCCGTCGT-1,Protonephridia
GAGCTGCCACGCGCAT-1,Protonephridia
GAGCTGCCACTAGTAC-1,Muscle 2
GAGCTGCCAGCCGTCA-1,Neuron 1
GAGCTGCCATAAGCAA-1,Neuron 1
GAGCTGCTCCTGGGAC-1,Tegument
GAGCTGCTCGAAGTGG-1,Stem D
GAGGCAACAATTCTTC-1,Muscle 1
GAGGCAATCACGGACC-1,Parenchyma 1
GAGGCAATCATATGGC-1,Muscle 1
GAGGCAATCTCTCTTC-1,Protonephridia
GAGGCCTAGACCAGAC-1,Stem C
GAGGCCTAGCATTGTC-1,Neuron 2
GAGGCCTAGGTTTGAA-1,Stem C
GAGGCCTGTAGTCTGT-1,Stem F
GAGGCCTTCCTCATAT-1,Stem E
GAGGCCTTCGTTGCCT-1,Stem F
GAGGGATAGACTTCAC-1,Muscle 2
GAGGGATAGGCGAACT-1,Stem D
GAGGGATCAAACCGGA-1,Muscle 1
GAGGGATCATTCCTCG-1,Neuron 1
GAGGGATGTATGTCTG-1,Stem B
GAGGGATGTTCAGCGC-1,Stem G
GAGGGATTCCTCTAAT-1,Parenchyma 1
GAGGGATTCGTTCCTG-1,Muscle 1
GAGGGATTCTTGCAGA-1,Stem C
GAGGGTACACAGCGCT-1,Muscle 1
GAGGGTAGTGGCTAGA-1,Stem D
GAGGGTAGTTGGAGAC-1,Stem D
GAGGGTATCGCAGTCG-1,Stem C
GAGTCATAGTGGTTAA-1,Muscle 1
GAGTCATCAAGAGTGC-1,Stem D
GAGTCATCAGAACCGA-1,Muscle 1
GAGTCATGTCGATTTG-1,Stem F
GAGTCATGTTCTATCT-1,Muscle 1
GAGTCATTCAATCTCT-1,Tegument
GAGTCATTCGTGGGAA-1,Muscle 1
GAGTCTAAGCGGTAGT-1,Muscle 1
GAGTCTAGTAACACCT-1,Stem A
GAGTCTAGTGCCTTCT-1,Stem C
GAGTCTAGTGTAAATG-1,Stem B
GAGTCTATCCCTGGTT-1,Protonephridia
GAGTGAGAGATGGTCG-1,Stem F
GAGTGAGGTACCTGTA-1,Stem C
GAGTGAGTCATTGAGC-1,Stem D
GAGTGAGTCTGGGCAC-1,Parenchyma 1
GAGTGTTAGAACCGCA-1,Stem C
GAGTGTTAGCATCAAA-1,Parenchyma 2
GAGTGTTAGTACAGAT-1,Neuron 1
GAGTGTTAGTCTCTGA-1,Stem C
GAGTGTTCACAAGCTT-1,Stem A
GAGTGTTCAGAAGCGT-1,Stem C
GAGTGTTGTACTCGCG-1,Stem C
GAGTGTTGTAGGCTCC-1,Stem B
GAGTGTTTCGAAGGAC-1,Stem D
GAGTGTTTCGTGGCTG-1,Neuron 1
GAGTTACAGAATTGTG-1,Muscle 1
GAGTTACAGCAGATAT-1,Stem B
GAGTTACCAATAAGGT-1,Neuron 4
GAGTTACCAATTGAAG-1,Parenchyma 1
GAGTTACGTCTGATAC-1,Parenchyma 1
GAGTTACGTTAACCTG-1,Stem E
GAGTTGTAGAGCTTTC-1,Protonephridia
GAGTTGTAGCCTCCAG-1,Neuron 2
GAGTTGTAGGAACATT-1,Neuron 4
GAGTTGTCAGCGACAA-1,Stem B
GAGTTGTCATGGGTCC-1,Muscle 1
GAGTTGTCATTGGGAG-1,Stem B
GAGTTGTGTGTTCAGT-1,Stem A
GAGTTGTGTTGCCGCA-1,Neuron 4
GAGTTGTTCGGTGTAT-1,Neuron 1
GAGTTTGAGGGACCAT-1,Stem D
GAGTTTGCAACACGAG-1,Parenchyma 2
GAGTTTGCAACTCGTA-1,Stem D
GAGTTTGCAGCAGATG-1,Parenchyma 2
GAGTTTGGTCTGCATA-1,Stem F
GAGTTTGTCATTTGCT-1,Parenchyma 1
GAGTTTGTCCCGTAAA-1,Stem C
GATAGAACACAGTATC-1,Stem F
GATAGAACAGTCGCAC-1,Protonephridia
GATAGAAGTCACGCTG-1,Parenchyma 2
GATAGAAGTGAGCAGT-1,Neuron 4
GATAGAAGTGTGATGG-1,Stem C
GATAGAAGTTGGCTAT-1,Parenchyma 1
GATAGCTGTAGCGATG-1,Parenchyma 1
GATAGCTGTCGTGATT-1,Stem B
GATAGCTTCAATCTTC-1,Neuron 4
GATAGCTTCGTTGTAG-1,Stem D
GATCACACACAAGGTG-1,Stem D
GATCACACATCACGGC-1,Muscle 2
GATCACACATCAGCGC-1,Protonephridia
GATCACAGTAGGGTAC-1,Tegument
GATCACATCGACATAC-1,Protonephridia
GATCACATCGGTATGT-1,Stem C
GATCAGTCAATGACCT-1,Parenchyma 1
GATCAGTTCCGGTAGC-1,Muscle 1
GATCAGTTCTACCCAC-1,Neuron 1
GATCATGAGCCAAGGT-1,Parenchyma 2
GATCATGCATGGCCCA-1,Stem C
GATCATGGTCGCATCG-1,Muscle 1
GATCATGGTCGTGTTA-1,Stem D
GATCATGTCACCTCAC-1,Stem F
GATCCCTAGAGAGGGC-1,Muscle 1
GATCCCTCAATACGAA-1,Stem A
GATCCCTTCGAGTGAG-1,Muscle 2
GATCCCTTCTCACTCG-1,Stem D
GATCGTAAGCACTCCG-1,Parenchyma 2
GATCGTAGTAATGCTC-1,Muscle 1
GATCGTAGTAATTAGG-1,Muscle 2
GATCGTAGTGATGTAA-1,Protonephridia
GATCGTAGTTCGTAAC-1,Muscle 1
GATGACTAGGTAGGCT-1,Muscle 2
GATGACTAGTTTGGCT-1,Neuron 5
GATGACTCACACGGTC-1,Stem F
GATGACTCACTCCGGA-1,Neuron 1
GATGACTCATACGCAT-1,Stem F
GATGACTGTAGGTTTC-1,Muscle 1
GATGACTGTGGCTTAT-1,Neuron 4
GATGACTGTTCTCGTC-1,Stem D
GATGACTGTTGAGGAC-1,Stem E
GATGACTTCAAGTGTC-1,Muscle 1
GATGAGGAGTTGAAAC-1,Muscle 1
GATGAGGCAACCGACC-1,Parenchyma 2
GATGAGGCAACGTAAA-1,Stem A
GATGAGGCACCAAAGG-1,Neuron 1
GATGAGGCATGACTGT-1,Muscle 1
GATGAGGGTCAAAGAT-1,Muscle 1
GATGAGGGTCAGCGTC-1,Neuron 4
GATGAGGGTCCTGGTG-1,Protonephridia
GATGAGGGTGACTGTT-1,Stem C
GATGAGGGTGCCTGAC-1,Muscle 1
GATGAGGGTTAGGCTT-1,Stem A
GATGAGGTCACTACGA-1,Neuron 1
GATGAGGTCCACGTCT-1,Stem B
GATGAGGTCGGCATAT-1,Stem B
GATGAGGTCGTAGCTA-1,Muscle 2
GATGATCAGCTAAACA-1,Parenchyma 1
GATGATCAGTCGGCAA-1,Stem A
GATGATCCAAGAGAGA-1,Neuron 4
GATGATCCAGAGACTG-1,Stem C
GATGATCGTGGACAGT-1,Stem D
GATGATCTCAGGGATG-1,Muscle 2
GATGCTAAGATTCGAA-1,Muscle 1
GATGCTAAGCGCGTTC-1,Muscle 1
GATGCTAAGGCTCAAG-1,Stem A
GATGCTAAGTATTCCG-1,Protonephridia
GATGCTACAAATGAAC-1,Stem C
GATGCTACACTCCACT-1,Parenchyma 1
GATGCTAGTACCATAC-1,Muscle 2
GATGCTAGTAGACTGG-1,Stem A
GATGCTAGTAGCGAGT-1,Parenchyma 2
GATGCTAGTTGTGTTG-1,Muscle 1
GATGCTATCTCGCAGG-1,Muscle 1
GATGGAGAGATCCCGC-1,Muscle 1
GATGGAGAGGTTCTTG-1,Neuron 4
GATGGAGGTATGCGGA-1,Muscle 1
GATGGAGGTGATGGCA-1,Neuron 1
GATGGAGTCAAACGAA-1,Muscle 1
GATGTTGCAGGTCCGT-1,Stem F
GATGTTGGTAGGATAT-1,Stem C
GATGTTGGTCATCTAG-1,Stem A
GATTCGAAGACGCCCT-1,Muscle 1
GATTCGAGTGTCGCTG-1,Stem A
GATTCGATCGTTCTAT-1,Stem C
GATTCGATCTTCGATT-1,Stem D
GATTCTTAGACATACA-1,Stem F
GATTCTTCACGTAGAG-1,Stem F
GATTCTTTCTCGCTCA-1,Neuron 1
GATTCTTTCTGTCAGA-1,Stem C
GATTCTTTCTTGGTCC-1,Muscle 2
GATTGGTCAGTGTGGA-1,Stem F
GATTGGTGTCTACTGA-1,Stem A
GATTGGTGTGTTCGTA-1,Stem F
GATTGGTTCAGCCTCT-1,Stem E
GATTTCTAGTCTGCGC-1,Stem D
GATTTCTCAGATTTCG-1,Parenchyma 2
GATTTCTGTTTCTATC-1,Muscle 1
GATTTCTTCCTACGAA-1,Stem A
GATTTCTTCCTATGGA-1,Muscle 1
GCAACATCAACTCGAT-1,Neuron 1
GCAACATCAATGCTCA-1,Muscle 1
GCAACATTCCTGGGAC-1,Muscle 1
GCAACCGCAAGACTGG-1,Parenchyma 2
GCAACCGCATCTTTCA-1,Stem F
GCAACCGCATGACTTG-1,Neuron 4
GCAACCGTCACTTTGT-1,Neuron 1
GCACATAAGAGTACCG-1,Stem B
GCACATAAGCGCGTTC-1,Parenchyma 1
GCACATAAGTGATGGC-1,Stem B
GCACATAGTTCAAAGA-1,Muscle 2
GCACATAGTTCGGCTG-1,Parenchyma 1
GCACATATCCTTGAAG-1,Muscle 1
GCACATATCTCTAAGG-1,Stem E
GCACATATCTTCCAGC-1,Muscle 1
GCACGGTAGAGAGGTA-1,Neuron 4
GCACGGTAGAGGCTGT-1,Stem E
GCACGGTCAACTTGCA-1,Stem D
GCACGGTCAATCCTAG-1,Muscle 2
GCACGGTGTAGACGGT-1,Muscle 2
GCACGGTGTCCAATCA-1,Parenchyma 2
GCACGGTGTCCCTGTT-1,Parenchyma 1
GCACGGTGTGCTGATT-1,Protonephridia
GCACGGTTCACTCACC-1,Stem A
GCACGTGAGCAATAAC-1,Muscle 1
GCACGTGGTAACGGTG-1,Muscle 2
GCACGTGGTTAAGTCC-1,Muscle 2
GCACGTGTCGACGTCG-1,Muscle 1
GCACGTGTCTCGAGTA-1,Stem C
GCACGTGTCTCGTTTA-1,Stem F
GCACTAAAGATAGTCA-1,Tegument
GCACTAAAGCATGATA-1,Muscle 1
GCACTAAAGGACTATA-1,Muscle 2
GCACTAACACATACTG-1,Muscle 1
GCACTAAGTGACATCT-1,Muscle 1
GCACTAAGTGAGACCA-1,Stem B
GCACTAATCACTCTTA-1,Stem F
GCACTAATCTCGTTTA-1,Stem F
GCAGCCAGTACTGCCG-1,Stem C
GCAGCCAGTAGTGATA-1,Stem B
GCAGCCAGTCAGGTAG-1,Stem C
GCAGCCAGTCCCTAAA-1,Muscle 1
GCAGCCAGTCCTGTTC-1,Muscle 1
GCAGCCAGTGCCCGTA-1,Stem B
GCAGCCAGTTATCCAG-1,Muscle 1
GCAGCCAGTTCCGCAG-1,Muscle 1
GCAGCCATCTTCGCTG-1,Stem F
GCAGCTGAGACGGTCA-1,Tegument
GCAGCTGCATTACTCT-1,Muscle 1
GCAGCTGGTGGAGGTT-1,Stem D
GCAGCTGTCGCAGTCG-1,Stem F
GCAGCTGTCTGACAGT-1,Muscle 1
GCAGGCTAGAAGCGCT-1,Neuron 1
GCAGGCTAGTACCATC-1,Stem D
GCAGGCTCACCGTCGA-1,Stem F
GCAGGCTGTCGTGCCA-1,Tegument
GCAGGCTTCACAGAGG-1,Stem A
GCAGGCTTCCGTCCTA-1,Stem A
GCAGTTATCCGGTAGC-1,Muscle 2
GCAGTTATCTAAGAAG-1,Stem C
GCATCGGAGCATGTTC-1,Muscle 2
GCATCGGCATGGCCCA-1,Muscle 1
GCATCGGCATTGTCGA-1,Neuron 4
GCATCGGGTACGTACT-1,Parenchyma 1
GCATCGGTCTACCCAC-1,Parenchyma 2
GCATCGGTCTACTCAT-1,Stem F
GCATCGGTCTTACCGC-1,Muscle 2
GCATCTCAGATACATG-1,Stem F
GCATCTCCAGGATCTT-1,Parenchyma 1
GCATGATCACGCCACA-1,Muscle 1
GCATGATTCCGTGGTG-1,Neuron 4
GCATGATTCCTTACCG-1,Tegument
GCATTAGAGTCGTCTA-1,Muscle 1
GCATTAGCAGCTACAT-1,Muscle 2
GCATTAGGTCACTCAA-1,Neuron 1
GCATTAGGTTAATGAG-1,Stem E
GCCAACGAGAAAGCGA-1,Stem A
GCCAACGAGCTACTAC-1,Parenchyma 2
GCCAACGAGGAATGTT-1,Neuron 4
GCCAACGAGGACTATA-1,Muscle 2
GCCAACGAGGCCACTC-1,Muscle 1
GCCAACGAGGTAGATT-1,Parenchyma 1
GCCAACGAGTACCATC-1,Neuron 1
GCCAACGCAAGAGGTC-1,Stem D
GCCAACGGTCTAGGCC-1,Stem D
GCCAACGGTTTCACTT-1,Muscle 2
GCCAACGGTTTGGAAA-1,Stem F
GCCAACGTCCCATTTA-1,Muscle 1
GCCAGCAAGGCATTTC-1,Protonephridia
GCCAGCACATACTGAC-1,Stem C
GCCAGCAGTAACATCC-1,Stem B
GCCAGCAGTCCTACGG-1,Muscle 1
GCCAGCAGTCGCATTA-1,Stem F
GCCAGCATCAAGTTGC-1,Stem F
GCCAGCATCGCTGATA-1,Muscle 1
GCCAGCATCTTTGCGC-1,Stem F
GCCAGGTAGAGTCTGG-1,Neuron 1
GCCAGGTAGGCCTAGA-1,Stem A
GCCAGGTTCACGATAC-1,Neuron 1
GCCAGTGCAAAGGGCT-1,Stem A
GCCAGTGCAAGATGGC-1,Neuron 5
GCCAGTGGTAGTGCGA-1,Stem B
GCCAGTGGTCGCTGCA-1,Parenchyma 1
GCCAGTGGTGACACGA-1,Stem F
GCCAGTGGTTTGCAGT-1,Neuron 1
GCCAGTGTCCATTTGT-1,Parenchyma 2
GCCATGGCAATTCGTG-1,Ciliary plate
GCCATGGGTCGCAGTC-1,Stem C
GCCATGGTCAGAGCAG-1,Tegument
GCCATGGTCTCCGAGG-1,Tegument
GCCATTCAGTCAGCGA-1,Stem C
GCCATTCAGTCCCAAT-1,Stem A
GCCATTCCAACCGTAT-1,Parenchyma 2
GCCATTCCACTTTATC-1,Parenchyma 1
GCCATTCGTGAGCCAA-1,Neuron 4
GCCATTCGTTACGCCG-1,Stem D
GCCATTCGTTTGCCGG-1,Neuron 4
GCCATTCTCAAACTGC-1,Parenchyma 1
GCCATTCTCGTGAGAG-1,Stem A
GCCCAGAAGAGAGCAA-1,Parenchyma 2
GCCCAGAAGCCTCAGC-1,Muscle 1
GCCCAGAAGTAGTCAA-1,Stem C
GCCCAGAAGTCGAAGC-1,Muscle 2
GCCCAGAAGTGGGAAA-1,Muscle 1
GCCCAGACATCGTCCT-1,Stem A
GCCCAGACATGCAGGA-1,Muscle 2
GCCCAGAGTCGAGCAA-1,Stem C
GCCCAGAGTGGTACAG-1,Tegument
GCCCAGATCCTATTGT-1,Stem B
GCCCAGATCTTGATTC-1,Muscle 1
GCCCGAAAGCGTATAA-1,Muscle 1
GCCCGAACACGTCTCT-1,Stem D
GCCCGAAGTTGTGGAG-1,Stem D
GCCCGAAGTTTGCCGG-1,Stem B
GCCGATGAGTGGCCTC-1,Muscle 2
GCCGATGCAAACGTGG-1,Stem A
GCCGATGGTGAGCCAA-1,Stem C
GCCGATGGTGAGCTCC-1,Muscle 1
GCCGTGACAACCGTAT-1,Stem B
GCCGTGACATCGAACT-1,Neuron 1
GCCGTGAGTATGCAAA-1,Muscle 2
GCCGTGAGTCATCTAG-1,Muscle 1
GCCGTGATCATTGTTC-1,Neuron 5
GCCTGTTAGCGATGAC-1,Neuron 5
GCCTGTTAGTCACACT-1,Stem A
GCCTGTTCATCATCCC-1,Stem C
GCCTGTTGTTTGACAC-1,Stem B
GCGAGAACAAATGGCG-1,Stem B
GCGAGAACACAACGAG-1,Muscle 2
GCGAGAACAGCGCTTG-1,Stem C
GCGAGAACAGGCGATA-1,Muscle 1
GCGAGAAGTAGGCTGA-1,Muscle 2
GCGAGAATCAGAGCAG-1,Parenchyma 2
GCGAGAATCAGATGCT-1,Neuron 1
GCGATCGCACAGAAGC-1,Stem D
GCGATCGCATCCCGTT-1,Stem A
GCGATCGGTTCTAACG-1,Stem D
GCGATCGTCAGGGTAG-1,Stem F
GCGATCGTCCTGTTGC-1,Stem D
GCGGAAAAGGGTGGGA-1,Stem D
GCGGAAACAAAGGTTA-1,Stem D
GCGGAAACATCGCCTT-1,Stem F
GCGGAAAGTCGATGCC-1,Stem D
GCGGAAAGTCGTGGAA-1,Stem B
GCGGAAATCAACTACG-1,Neuron 4
GCGGAAATCGGTAACT-1,Muscle 2
GCGGAAATCTATACGG-1,Parenchyma 2
GCGGAAATCTCTGCTG-1,Stem B
GCGGATCAGAGTGGCT-1,Neuron 4
GCGGATCAGTGGAATT-1,Neuron 1
GCGGATCAGTGGTCAG-1,Stem A
GCGGATCCAAATCGTC-1,Tegument
GCGGATCCAACCAGAG-1,Muscle 1
GCGGATCCAGGAATAT-1,Stem D
GCGGATCGTTACCCTC-1,Parenchyma 2
GCGGATCTCTAAGCCA-1,Muscle 1
GCGGATCTCTCCGAAA-1,Neuron 4
GCGTGCAGTATCGTAC-1,Parenchyma 2
GCGTGCAGTGCCTGAC-1,Stem E
GCGTTTCGTAATCAAG-1,Muscle 2
GCGTTTCTCAGAGTTC-1,Muscle 2
GCGTTTCTCAGATGCT-1,Protonephridia
GCTACAAAGGTAGACC-1,Parenchyma 2
GCTACAAAGTGAGGCT-1,Muscle 2
GCTACAACACGGCACT-1,Protonephridia
GCTACAACATCCGTGG-1,Muscle 2
GCTACAACATGACTCA-1,Neuron 4
GCTACAAGTACTGAGG-1,Parenchyma 2
GCTACAAGTAGCGTTT-1,Stem D
GCTACAAGTGTTGATC-1,Muscle 2
GCTACAAGTTCGAGCC-1,Stem F
GCTACCTAGTGTACCT-1,Neuron 1
GCTACCTCAACTACGT-1,Stem F
GCTACCTCACAGTGTT-1,Stem E
GCTACCTCACCAAATC-1,Stem F
GCTACCTGTACGAGCA-1,Muscle 2
GCTACCTTCGGAGATG-1,Stem D
GCTCAAAAGCTTTGTG-1,Stem F
GCTCAAAAGTCGTCTA-1,Stem E
GCTCAAACAACATACC-1,Muscle 1
GCTCAAACATCGAGCC-1,Protonephridia
GCTCAAACATTCTCCG-1,Stem F
GCTCAAATCGGATAAA-1,Parenchyma 2
GCTGAATAGGACTTCT-1,Muscle 1
GCTGAATAGTTGTCAC-1,Stem F
GCTGAATCATCCGAAT-1,Muscle 1
GCTGAATCATCGTCCT-1,Stem D
GCTGAATTCAAAGGTA-1,Muscle 1
GCTGAATTCCAAAGGG-1,Stem F
GCTGCAGAGGTTGGAC-1,Muscle 1
GCTGCAGCACTGATTG-1,Protonephridia
GCTGCAGCAGTCTGGC-1,Stem F
GCTGCAGGTATCGAGG-1,Tegument
GCTGCAGGTCAATGGG-1,Parenchyma 1
GCTGCAGTCTGTTGGA-1,Parenchyma 2
GCTGGGTAGAAGTCTA-1,Tegument
GCTGGGTCAATACGAA-1,Stem F
GCTGGGTCATATCGGT-1,Stem D
GCTGGGTGTATGGAGC-1,Parenchyma 2
GCTGGGTGTCCACTTC-1,Stem F
GCTGGGTGTGTCTTGA-1,Neuron 4
GCTTCACAGCCAACCC-1,Neuron 4
GCTTCACCAAGTACCT-1,Neuron 4
GCTTCACGTTAACAGA-1,Muscle 1
GCTTCACTCGGTTCAA-1,Stem C
GCTTCACTCTACCCAC-1,Neuron 2
GCTTGGGAGAGTGAAG-1,Stem D
GCTTGGGAGCAACTCT-1,Neuron 1
GCTTGGGAGTCTAACC-1,Parenchyma 1
GCTTGGGCAAACCGGA-1,Parenchyma 1
GCTTGGGCACTCAAGT-1,Stem F
GCTTGGGTCCAAGCAT-1,Parenchyma 2
GCTTGGGTCTAGACCA-1,Neuron 4
GCTTTCGAGCATGCGA-1,Muscle 1
GCTTTCGAGCCACCGT-1,Stem D
GCTTTCGAGCTTAGTC-1,Muscle 1
GCTTTCGAGGCTATCT-1,Muscle 1
GCTTTCGGTACACGTT-1,Stem B
GCTTTCGTCACTACTT-1,Neuron 2
GCTTTCGTCCGTATAG-1,Protonephridia
GCTTTCGTCCTACAAG-1,Muscle 1
GCTTTCGTCGGTCATA-1,Stem B
GGAACCCAGAGCCGAT-1,Stem D
GGAACCCAGTCGTTAC-1,Parenchyma 2
GGAACCCCAGTTGCGC-1,Muscle 2
GGAACCCCATTGACCA-1,Stem B
GGAACCCGTGCCGAAA-1,Muscle 1
GGAACCCGTTGCACGC-1,Muscle 1
GGAACCCTCCAACCAA-1,Neuron 4
GGAAGTGAGACCGCCT-1,Stem C
GGAAGTGAGACCGTTT-1,Stem C
GGAAGTGAGCACACCC-1,Protonephridia
GGAAGTGAGGCTTAGG-1,Parenchyma 1
GGAAGTGCAACAAGAT-1,Stem F
GGAAGTGCATAGATCC-1,Parenchyma 2
GGAAGTGGTCGAAGCA-1,Stem D
GGAAGTGTCCACTAGA-1,Neuron 1
GGAAGTGTCGCAAGAG-1,Muscle 1
GGAATCTGTCATTCCC-1,Parenchyma 2
GGAATCTGTCGTGGTC-1,Muscle 2
GGAATCTGTGACACGA-1,Protonephridia
GGAATCTTCCCGAAAT-1,Muscle 1
GGAATCTTCCCTTGGT-1,Protonephridia
GGAATCTTCGTAACTG-1,Protonephridia
GGAATGGCATCCGTGG-1,Stem D
GGAATGGGTCAGGAGT-1,Stem D
GGAATGGGTCATTCCC-1,Protonephridia
GGAATGGGTTGCGGCT-1,Neuron 5
GGAATGGTCACCTTGC-1,Stem A
GGAATGGTCCCTATTA-1,Stem D
GGAATGGTCTCTGAGA-1,Stem D
GGACGTCAGCACACCC-1,Stem F
GGACGTCAGTCTGTAC-1,Stem C
GGACGTCAGTGATAGT-1,Protonephridia
GGACGTCGTTCGTAAC-1,Parenchyma 2
GGAGAACAGAGATTCA-1,Muscle 2
GGAGAACAGTGATTCC-1,Muscle 2
GGAGAACCAAAGGGCT-1,Stem C
GGAGAACCAGAAGTGC-1,Stem D
GGAGAACCAGGAACCA-1,Neuron 2
GGAGAACGTATTTCGG-1,Stem F
GGAGAACGTCACTCTC-1,Stem D
GGAGATGAGAGTAACT-1,Stem F
GGAGATGAGCATCAAA-1,Stem F
GGAGATGCAAGGAGTC-1,Stem C
GGAGATGCACAGTGAG-1,Stem B
GGAGATGGTAACCCTA-1,Stem C
GGAGCAAAGATAGTGT-1,Muscle 1
GGAGCAAAGGTCTGGA-1,Stem C
GGAGCAACACGGTCTG-1,Neuron 1
GGAGCAACATAGACTC-1,Stem C
GGAGCAAGTCGCGTTG-1,Neuron 1
GGAGGATAGCTCGAAG-1,Stem C
GGAGGATCACCGAATT-1,Muscle 1
GGAGGATGTCGAACAG-1,Muscle 2
GGAGGATTCGCTGTCT-1,Parenchyma 1
GGAGGATTCGGAAACG-1,Stem F
GGAGGATTCTCCTGAC-1,Parenchyma 1
GGAGGTAGTGCCGAAA-1,Stem F
GGAGGTAGTTAAGTCC-1,Muscle 1
GGAGGTATCTGGCCGA-1,Muscle 1
GGATCTAAGACAAGCC-1,Stem B
GGATCTAGTATCCCTC-1,Muscle 2
GGATCTAGTGTCCAAT-1,Tegument
GGATCTAGTTTACTTC-1,Stem C
GGATCTATCAGTCACA-1,Stem F
GGATCTATCCCGTTCA-1,Muscle 1
GGATGTTAGCTCGAAG-1,Stem A
GGATGTTCAAACTCTG-1,Stem B
GGATGTTGTGCAGATG-1,Stem C
GGATGTTGTTAAGAAC-1,Stem C
GGCACGTAGCTCACTA-1,Stem D
GGCACGTAGGTACAAT-1,Neuron 1
GGCACGTCACGACTAT-1,Stem A
GGCACGTGTACGTACT-1,Stem D
GGCACGTGTCTGTAAC-1,Stem D
GGCACGTTCATTACGG-1,Neuron 1
GGCACGTTCGTTGTGA-1,Muscle 1
GGCAGTCAGCTCATAC-1,Parenchyma 1
GGCAGTCAGTACTGGG-1,Stem D
GGCAGTCCATAACCCA-1,Stem F
GGCAGTCCATGACAGG-1,Neuron 1
GGCGTCAAGCGGTAAC-1,Neuron 4
GGCGTCAAGTAAACTG-1,Stem A
GGCTGTGCACAGCTTA-1,Stem B
GGCTGTGCAGGCCCTA-1,Muscle 1
GGCTGTGTCATGAGAA-1,Stem C
GGCTGTGTCTCGACGG-1,Stem B
GGCTTGGAGCTGACTT-1,Stem F
GGCTTGGAGGATACGC-1,Muscle 1
GGCTTGGAGGTGATCG-1,Stem C
GGCTTGGGTAAGGCCA-1,Muscle 1
GGCTTGGGTATCACGT-1,Stem E
GGCTTGGGTCACCCTT-1,Stem D
GGCTTGGTCCCATTCG-1,Tegument
GGCTTTCAGATACGAT-1,Neuron 1
GGCTTTCAGTGAGTGC-1,Muscle 1
GGCTTTCCAAGTGGCA-1,Stem D
GGCTTTCCAATACCCA-1,Stem C
GGCTTTCCATAGAGGC-1,Stem D
GGCTTTCTCGGCTGGT-1,Muscle 1
GGCTTTCTCTATACGG-1,Stem F
GGGAAGTCAGCAGGAT-1,Neuron 2
GGGAAGTGTTGGACCC-1,Parenchyma 1
GGGACAAAGGCCATAG-1,Muscle 1
GGGACAACACTCGATA-1,Stem A
GGGACAACAGGCGAAT-1,Stem A
GGGACAACATCCGGCA-1,Parenchyma 1
GGGACAACATCGGTTA-1,Stem A
GGGACAATCATTCGGA-1,Stem C
GGGACAATCTTGCGCT-1,Stem C
GGGACCTAGCTCAGAG-1,Stem C
GGGACCTCAACGTATC-1,Muscle 2
GGGACCTCACACCAGC-1,Stem C
GGGACCTCACCTCGTT-1,Protonephridia
GGGACCTCAGCTGCCA-1,Neuron 1
GGGACTCAGAGAGCGG-1,Stem D
GGGACTCAGATAACAC-1,Muscle 2
GGGACTCAGTCGCGAA-1,Stem D
GGGACTCCACTTGGCG-1,Stem F
GGGACTCGTAATCAAG-1,Parenchyma 2
GGGACTCTCTCGGCTT-1,Muscle 1
GGGAGATAGCAGGCTA-1,Stem F
GGGAGATAGCGATCGA-1,Muscle 1
GGGAGATAGGCACTAG-1,Stem C
GGGAGATAGGTGCTAG-1,Stem F
GGGAGATCACACCGAC-1,Muscle 1
GGGAGATCAGGAGACT-1,Stem C
GGGAGATGTTGCCATA-1,Muscle 1
GGGAGATGTTGCGAAG-1,Muscle 1
GGGAGATTCTCCCAAC-1,Stem B
GGGAGTACACCGTCGA-1,Muscle 2
GGGAGTAGTACCTATG-1,Muscle 1
GGGAGTATCATCGGGC-1,Muscle 1
GGGATCCCAACTGTGT-1,Stem B
GGGATCCCAAGCACAG-1,Muscle 2
GGGATCCGTAGCTTGT-1,Parenchyma 1
GGGATCCGTCCTTTGC-1,Neuron 1
GGGATCCGTCGATTAC-1,Stem C
GGGATCCTCTGGCCTT-1,Neuron 1
GGGATGAAGGGAGGCA-1,Neuron 1
GGGATGACAACCCTAA-1,Muscle 2
GGGATGACACGCGTGT-1,Stem D
GGGATGAGTCTCCCTA-1,Muscle 1
GGGATGAGTGGTTCTA-1,Muscle 1
GGGCCATAGACGCTCC-1,Muscle 2
GGGCCATAGGAGAATG-1,Protonephridia
GGGCCATAGGGCAATC-1,Muscle 2
GGGCCATAGGTGGTTG-1,Muscle 1
GGGCCATCACAAGCAG-1,Stem D
GGGCCATCATGGGAAC-1,Neuron 4
GGGCCATCATTGCTGA-1,Parenchyma 1
GGGCCATTCCATCTCG-1,Muscle 1
GGGCCATTCTCGCTTG-1,Muscle 2
GGGCCATTCTGGTCAA-1,Muscle 1
GGGCCATTCTGGTTGA-1,Muscle 2
GGGCGTTAGAGAGAAC-1,Muscle 1
GGGCGTTAGGAATCGC-1,Neuron 5
GGGCGTTAGGCCTAAG-1,Muscle 1
GGGCGTTAGTTCTACG-1,Stem E
GGGCGTTCACGCTGTG-1,Neuron 1
GGGCGTTGTCCGGATC-1,Neuron 1
GGGCGTTGTCCTGTCT-1,Parenchyma 2
GGGCGTTTCATTATCC-1,Muscle 2
GGGCGTTTCTAGCATG-1,Stem B
GGGCGTTTCTAGCCTC-1,Stem C
GGGCTACAGGTAGGCT-1,Neuron 2
GGGCTACAGTAAAGCT-1,Muscle 2
GGGCTACCAAGGAGTC-1,Protonephridia
GGGCTACCAATGACCT-1,Stem E
GGGCTACTCGATACAC-1,Neuron 1
GGGCTCAAGAACAAGG-1,Stem D
GGGCTCAAGACGAAGA-1,Stem F
GGGCTCAAGCACTGGA-1,Parenchyma 1
GGGCTCACAAACTCTG-1,Tegument
GGGCTCACAGGTTTAC-1,Stem C
GGGCTCAGTACTTGTG-1,Stem E
GGGCTCAGTATCGCTA-1,Protonephridia
GGGCTCATCCGGTTCT-1,Tegument
GGGCTCATCGAGTCCG-1,Stem A
GGGCTCATCTCCTGCA-1,Neuron 1
GGGTAGAAGCACCGTC-1,Stem C
GGGTAGAAGCGACATG-1,Stem F
GGGTAGAAGGACAAGA-1,Stem D
GGGTAGAAGGTGTGAC-1,Stem F
GGGTAGACATCCTTCG-1,Stem A
GGGTAGATCCTCTCTT-1,Parenchyma 2
GGGTAGATCGTGCGAC-1,Stem A
GGGTATTAGGTTAGTA-1,Muscle 2
GGGTATTAGTATAACG-1,Stem C
GGGTATTCAACCCGCA-1,Stem F
GGGTATTCACATTCTT-1,Muscle 2
GGGTATTCACTCCGGA-1,Stem B
GGGTATTCAGTGTGCC-1,Stem F
GGGTATTGTGCCTACG-1,Parenchyma 1
GGGTATTGTGGCACTC-1,Muscle 1
GGGTATTTCATCGTAG-1,Muscle 1
GGGTCACAGGAGAATG-1,Parenchyma 1
GGGTCACAGTCACTAC-1,Parenchyma 1
GGGTCACCACAATGCT-1,Muscle 2
GGGTCACGTAGCGTTT-1,Stem D
GGGTCACTCTAGGCAT-1,Muscle 1
GGGTCTGAGCAGCAGT-1,Stem D
GGGTCTGCAAGCTGCC-1,Stem B
GGGTCTGCACCATATG-1,Protonephridia
GGGTCTGTCACCTCAC-1,Neuron 5
GGGTGAAAGCATAGGC-1,Neuron 4
GGGTGAACACGACTAT-1,Stem D
GGGTGAACAGACAATA-1,Stem C
GGGTGAATCATATGGC-1,Muscle 2
GGGTGAATCCGTATGA-1,Tegument
GGGTGTCAGAAACTAC-1,Neuron 1
GGGTGTCCATGACAAA-1,Neuron 4
GGGTGTCGTCCAGGTC-1,Muscle 1
GGGTGTCGTGACCTGC-1,Neuron 4
GGGTTATGTGCCGTTG-1,Tegument
GGGTTATGTGTGTGGA-1,Stem C
GGGTTTAAGGTCATAA-1,Muscle 1
GGGTTTAGTCGTGCCA-1,Stem D
GGTAACTGTCGATTTG-1,Muscle 2
GGTAACTGTGTCATCA-1,Stem F
GGTAACTGTGTGTCGC-1,Tegument
GGTAACTTCATGGATC-1,Neuron 2
GGTAACTTCATGGCCG-1,Stem C
GGTAATCAGCGGTAAC-1,Parenchyma 2
GGTAATCAGGGAGGTG-1,Stem A
GGTAATCCACCTGATA-1,Neuron 1
GGTAATCGTACGAAAT-1,Neuron 5
GGTAATCGTCATCCCT-1,Muscle 2
GGTAATCGTGACAGGT-1,Muscle 1
GGTAATCTCGCTGCGA-1,Neuron 1
GGTAGAGCAACCAATC-1,Protonephridia
GGTAGAGCAAGGTCAG-1,Stem C
GGTAGAGCACCAGGTC-1,Stem D
GGTAGAGCAGCGAACA-1,Stem E
GGTAGAGCAGGCATGA-1,Stem E
GGTAGAGGTCGATTAC-1,Stem A
GGTAGAGTCGCAATTG-1,Neuron 4
GGTCACGAGTAGGTTA-1,Stem C
GGTCACGCACAGAGAC-1,Stem B
GGTCACGCAGGGCTTC-1,Stem B
GGTCACGGTGACCGTC-1,Stem D
GGTCTGGCACATATCG-1,Muscle 1
GGTCTGGCACGCGGTT-1,Neuron 5
GGTCTGGCAGGATCTT-1,Muscle 1
GGTCTGGCAGGCTCTG-1,Stem D
GGTCTGGGTACTGTTG-1,Parenchyma 2
GGTCTGGGTGAGTTTC-1,Protonephridia
GGTCTGGTCCCGAGTG-1,Stem D
GGTCTGGTCTGGCTGG-1,Stem D
GGTGAAGAGCATTTCG-1,Stem A
GGTGAAGAGCTCGGCT-1,Stem B
GGTGAAGCAAGGACAC-1,Stem C
GGTGAAGCAGCCTTCT-1,Stem A
GGTGAAGGTAGACGTG-1,Stem E
GGTGAAGGTAGCTCGC-1,Parenchyma 2
GGTGAAGGTCCCGGTA-1,Parenchyma 1
GGTGAAGGTCGTTTCC-1,Muscle 1
GGTGAAGTCACTGCTC-1,Stem B
GGTGAAGTCCATACTT-1,Muscle 2
GGTGATTCAATGGCCC-1,Stem F
GGTGATTCATGCCGCA-1,Muscle 2
GGTGATTGTCGAAACG-1,Neuron 2
GGTGGCTAGAATCCCT-1,Tegument
GGTGGCTAGATTGACA-1,Stem B
GGTGGCTAGCCTCAAT-1,Neuron 5
GGTGGCTCAATCGCGC-1,Parenchyma 2
GGTGGCTCATCCGATA-1,Parenchyma 1
GGTGGCTGTATACCTG-1,Neuron 1
GGTGGCTGTATGAAGT-1,Muscle 1
GGTGGCTGTCCAAGAG-1,Muscle 2
GGTGGCTGTCGTGTTA-1,Stem F
GGTGGCTTCATGAGGG-1,Muscle 2
GGTGGCTTCCTTATGT-1,Parenchyma 2
GGTGGCTTCTTCCCGA-1,Parenchyma 1
GGTGTCGAGGCAGCTA-1,Neuron 1
GGTGTCGCAGCACCCA-1,Stem D
GGTGTCGGTAACGATA-1,Muscle 2
GGTGTCGGTCATCAGT-1,Neuron 4
GGTGTCGGTGGGATTG-1,Stem B
GGTGTCGGTGTGTACT-1,Protonephridia
GGTGTCGTCATTCACT-1,Muscle 2
GGTGTTACATTGAAGA-1,Stem F
GGTGTTAGTATGAGAT-1,Muscle 1
GGTGTTAGTTAGCGGA-1,Parenchyma 1
GGTGTTAGTTCGGTTA-1,Neuron 4
GGTGTTATCCGTAGTA-1,Muscle 1
GGTGTTATCTGGTGGC-1,Muscle 1
GGTTAACAGAAATTCG-1,Neuron 4
GGTTAACAGTGCGTCC-1,Neuron 2
GGTTAACCAGCGTTTA-1,Neuron 5
GGTTAACGTTTGGAAA-1,Neuron 4
GGTTAACTCGGCATTA-1,Neuron 4
GGTTAACTCTGGTTGA-1,Muscle 1
GGTTCTCAGAGAGTGA-1,Neuron 1
GGTTCTCGTAAGCGGT-1,Neuron 4
GGTTCTCTCCGGTAGC-1,Neuron 5
GGTTCTCTCGGATAAA-1,Neuron 4
GGTTCTCTCGTCAACA-1,Muscle 2
GGTTGTAAGAACTGAT-1,Neuron 4
GGTTGTAAGCATCTTG-1,Stem D
GGTTGTACAAGAAATC-1,Muscle 2
GGTTGTAGTCGACTGC-1,Stem B
GGTTGTAGTCTAGGTT-1,Neuron 1
GGTTGTAGTGACACGA-1,Stem A
GGTTGTATCATCTATC-1,Muscle 2
GGTTGTATCATTTACC-1,Stem B
GTAACACAGGCGAACT-1,Muscle 1
GTAACACGTATTCCTT-1,Parenchyma 1
GTAACACTCGTGGACC-1,Stem D
GTAACCAAGCATCAAA-1,Stem F
GTAACCAAGGTAGTCG-1,Muscle 1
GTAACCAAGGTTACAA-1,Stem F
GTAACCACAAGTGATA-1,Muscle 2
GTAACCACATGGCACC-1,Stem A
GTAACCAGTACCTATG-1,Neuron 1
GTAACCAGTGTTTACG-1,Stem C
GTAACCATCATTACCT-1,Muscle 1
GTAACCATCGAGTCTA-1,Muscle 2
GTAACCATCTTCACGC-1,Stem A
GTAAGTCAGAGTCAGC-1,Muscle 1
GTAAGTCAGGAAGTGA-1,Muscle 2
GTAAGTCGTCCACAGC-1,Stem C
GTAAGTCGTCCGGTGT-1,Stem F
GTAAGTCGTGGCCTCA-1,Neuron 1
GTAAGTCTCCGTAATG-1,Muscle 1
GTAATCGAGCAATAGT-1,Muscle 1
GTAATCGGTGGAACCA-1,Tegument
GTAATCGTCGCCAACG-1,Muscle 2
GTAATCGTCGTCTCAC-1,Neuron 4
GTAATGCAGGCTCACC-1,Stem F
GTAATGCAGGTTCAGG-1,Muscle 1
GTAATGCGTAGCTCGC-1,Stem C
GTAATGCGTCCCGCAA-1,Parenchyma 1
GTAATGCGTCGACTGC-1,Protonephridia
GTAATGCTCTTGCGCT-1,Parenchyma 2
GTACAACAGAAACTCA-1,Neuron 1
GTACAACAGAAGCCTG-1,Stem F
GTACAACAGCCTCAGC-1,Parenchyma 2
GTACAACAGTTGTAAG-1,Muscle 1
GTACAACCAAGAGATT-1,Muscle 2
GTACAACGTACTTGTG-1,Stem F
GTACAACGTGCTGCAC-1,Muscle 1
GTACAACTCGGCCCAA-1,Parenchyma 2
GTACAGTAGAATAACC-1,Neuron 1
GTACAGTAGATCGCTT-1,Stem A
GTACAGTAGCGCCCAT-1,Muscle 1
GTACAGTAGGGCTGAT-1,Stem D
GTACAGTGTTCGTTCC-1,Protonephridia
GTACAGTTCATTCGTT-1,Muscle 1
GTACAGTTCATTGTTC-1,Neuron 1
GTACAGTTCTTAGCTT-1,Stem D
GTAGAAACAAGTAGTA-1,Stem A
GTAGAAACATCCGAGC-1,Neuron 4
GTAGAAAGTATGGGAC-1,Stem D
GTAGAAAGTGGGCTTC-1,Parenchyma 1
GTAGAAAGTTGCTCAA-1,Stem C
GTAGAAATCATCTACT-1,Parenchyma 2
GTAGAAATCGTCTAAG-1,Muscle 2
GTAGAAATCTGCGGGT-1,Protonephridia
GTAGAAATCTGTCCCA-1,Muscle 1
GTAGAGGGTCTACGTA-1,Stem F
GTAGAGGGTGTGATGG-1,Stem F
GTAGAGGTCTTACCGC-1,Muscle 1
GTAGATCCAGACTGCC-1,Stem E
GTAGCTAAGCGAGTCA-1,Stem F
GTAGCTAAGCTCGAAG-1,Stem C
GTAGCTACACTATCGA-1,Stem D
GTAGCTAGTCTAGGCC-1,Stem F
GTAGCTATCATCACCC-1,Stem F
GTAGCTATCGAGCTGC-1,Stem C
GTAGGAGAGAATAACC-1,Stem A
GTAGGAGAGCCATTCA-1,Stem C
GTAGGAGAGGGCAATC-1,Parenchyma 1
GTAGGAGCATGTCAGT-1,Stem C
GTAGGAGGTGACGTCC-1,Stem A
GTAGGAGGTTCCAGGC-1,Stem A
GTAGGAGTCGTGTCAA-1,Neuron 4
GTAGGAGTCTGACAGT-1,Parenchyma 1
GTAGGAGTCTGCAGCG-1,Parenchyma 2
GTAGGAGTCTGTAACG-1,Protonephridia
GTAGGTTCAGAACATA-1,Stem D
GTAGGTTGTACTAACC-1,Parenchyma 1
GTAGGTTTCCCTATTA-1,Muscle 2
GTAGGTTTCGCATAGT-1,Stem F
GTAGGTTTCGTTCGCT-1,Protonephridia
GTAGTACCACCCTGTT-1,Muscle 1
GTAGTACCAGTTGTCA-1,Parenchyma 1
GTAGTACGTACAAGTA-1,Stem E
GTAGTACTCAACCGAT-1,Muscle 1
GTAGTACTCCGCATAA-1,Parenchyma 1
GTATTGGCAATGAGCG-1,Neuron 4
GTATTGGGTATTAAGG-1,Stem A
GTATTGGGTCAGGTGA-1,Neuron 1
GTATTGGTCTCTTCAA-1,Stem F
GTATTGGTCTGGCTGG-1,Parenchyma 1
GTATTGGTCTTCCCAG-1,Muscle 1
GTATTTCCACCCTCTA-1,Neuron 4
GTATTTCTCTCCCATG-1,Stem B
GTCAAACAGTCACTAC-1,Neuron 1
GTCAAACGTCTCTCAC-1,Parenchyma 2
GTCAAACGTTCAGTAC-1,Muscle 1
GTCAAACTCCAACTGA-1,Muscle 2
GTCAAACTCTTCCTAA-1,Parenchyma 2
GTCAAGTAGGGTATAT-1,Muscle 1
GTCAAGTAGTCAACAA-1,Protonephridia
GTCACGGAGACGCCCT-1,Muscle 1
GTCACGGAGAGCAGAA-1,Stem D
GTCACGGCATTGGATC-1,Stem A
GTCACGGGTAAGCGGT-1,Stem B
GTCACGGGTAAGTTAG-1,Muscle 2
GTCACGGGTCGGAAAC-1,Neuron 1
GTCACGGTCAACGTGT-1,Stem C
GTCACGGTCTCGACCT-1,Stem A
GTCACTCAGGATACCG-1,Stem C
GTCACTCGTAGTACGG-1,Parenchyma 1
GTCACTCGTTTCTTAC-1,Stem F
GTCACTCTCTCGACGG-1,Stem F
GTCAGCGAGGGTACGT-1,Neuron 4
GTCAGCGCAACCTATG-1,Stem B
GTCAGCGGTAGTGATA-1,Muscle 1
GTCAGCGGTCAGACGA-1,Stem C
GTCAGCGGTTGTCAGT-1,Muscle 2
GTCAGCGGTTTGGGTT-1,Protonephridia
GTCAGCGTCAAGCTTG-1,Stem B
GTCAGCGTCGGTAGGA-1,Stem E
GTCAGCGTCTCAGTCC-1,Stem F
GTCAGCGTCTTCCCGA-1,Muscle 1
GTCATCCAGCCGATAG-1,Stem C
GTCATCCAGGCTAACG-1,Protonephridia
GTCATCCAGTATAGGT-1,Stem F
GTCATCCCACAATGTC-1,Muscle 1
GTCATCCGTCACCGAC-1,Stem F
GTCATCCTCCTACCAC-1,Muscle 2
GTCATGAGTTATCTGG-1,Stem D
GTCATTTAGCAGCCTC-1,Tegument
GTCATTTAGCCTCAGC-1,Parenchyma 1
GTCATTTCATCCGCGA-1,Protonephridia
GTCATTTTCAACTACG-1,Neuron 4
GTCATTTTCATGGAGG-1,Parenchyma 1
GTCATTTTCCCGTGAG-1,Neuron 4
GTCATTTTCCGCGAGT-1,Stem D
GTCATTTTCGCATAGT-1,Neuron 4
GTCATTTTCGGCTATA-1,Stem D
GTCATTTTCTGAGATC-1,Muscle 2
GTCCACTAGAAGCCTG-1,Muscle 1
GTCCACTCAGCACAGA-1,Neuron 1
GTCCACTCAGGTAGTG-1,Protonephridia
GTCCACTTCATAGCAC-1,Stem F
GTCCCATAGGCCTTCG-1,Muscle 1
GTCCCATAGTGACCTT-1,Stem C
GTCCCATCAAACAGGC-1,Muscle 1
GTCCCATCACATTCTT-1,Muscle 1
GTCCCATGTAGCCAGA-1,Parenchyma 2
GTCCCATGTAGCGAGT-1,Stem F
GTCCCATTCACCTACC-1,Neuron 5
GTCCCATTCACTAGCA-1,Stem C
GTCCCATTCCTTGGAA-1,Muscle 2
GTCCTCACATTCCTCG-1,Neuron 2
GTCCTCAGTAGTAAGT-1,Neuron 1
GTCCTCATCACCATCC-1,Stem D
GTCCTCATCCTGTAAG-1,Stem A
GTCGAATAGCACCCAC-1,Muscle 1
GTCGAATAGTGGAAAG-1,Parenchyma 2
GTCGAATCACACTTAG-1,Muscle 1
GTCGAATGTGCAACAG-1,Neuron 4
GTCGAATGTGCAGTGA-1,Muscle 1
GTCGAATTCATTGCGA-1,Parenchyma 2
GTCGAATTCCCTGTTG-1,Protonephridia
GTCGAATTCGCCAGTG-1,Parenchyma 2
GTCGAATTCTCAACCC-1,Stem A
GTCGCGAAGTGGAAGA-1,Parenchyma 2
GTCGCGAAGTTGCTGT-1,Parenchyma 2
GTCGCGACACAAATAG-1,Muscle 1
GTCGCGACACGCGCAT-1,Stem A
GTCGCGACAGTCAGAG-1,Stem B
GTCGCGACAGTGTGCC-1,Stem D
GTCGCGAGTCTGTGCG-1,Muscle 1
GTCGCGATCACATCAG-1,Protonephridia
GTCGCGATCGAAGAAT-1,Stem C
GTCGCGATCTCCACTG-1,Muscle 2
GTCGTAAAGGAATTAC-1,Parenchyma 1
GTCGTAAAGGCCACTC-1,Protonephridia
GTCGTAAAGTTAGTGA-1,Stem F
GTCGTAAGTCTGTGGC-1,Stem C
GTCGTAATCCCAATAG-1,Stem C
GTCGTAATCCCTTGGT-1,Stem F
GTCGTAATCCGCACGA-1,Stem B
GTCGTAATCGGAACTT-1,Stem C
GTCGTTCGTTAAGGAT-1,Stem A
GTCGTTCTCGGCCAAC-1,Muscle 2
GTCTACCAGACAACAT-1,Ciliary plate
GTCTACCCACCCAATA-1,Neuron 4
GTCTACCCACTTCTCG-1,Stem C
GTCTACCCAGTGCGCT-1,Stem A
GTCTACCGTAATCAGA-1,Stem F
GTCTAGAAGCGTTCCG-1,Stem E
GTCTAGAAGTTGAATG-1,Neuron 4
GTCTAGAGTGTGTCCG-1,Neuron 1
GTCTAGAGTTTACCAG-1,Muscle 1
GTCTCACAGAATTGTG-1,Stem A
GTCTCACAGACGCCCT-1,Parenchyma 2
GTCTCACAGCGTCAGA-1,Tegument
GTCTCACCAATCCAGT-1,Protonephridia
GTCTCACCATCCTCAC-1,Neuron 4
GTCTCACGTCAGGCAA-1,Stem F
GTCTCACGTCGTCATA-1,Stem A
GTCTGTCAGAGTGGCT-1,Neuron 5
GTCTGTCAGGCGCTCT-1,Stem F
GTCTGTCCAAGTAGTA-1,Stem C
GTCTGTCCATTGAAGA-1,Parenchyma 1
GTCTGTCGTAGTTACC-1,Neuron 4
GTCTGTCGTCTAACGT-1,Neuron 1
GTCTGTCTCCAACCGG-1,Stem D
GTCTGTCTCCCAATAG-1,Tegument
GTCTTTAAGAGCAGAA-1,Parenchyma 1
GTCTTTAAGTATAGGT-1,Muscle 2
GTGACGCAGCAAGTCG-1,Stem D
GTGACGCCAAGATGTA-1,Stem E
GTGACGCCACCTCTGT-1,Stem F
GTGACGCCACGCACCA-1,Neuron 2
GTGACGCCAGACCAGA-1,Stem D
GTGACGCCAGCACAAG-1,Parenchyma 1
GTGACGCGTCCAGAAG-1,Parenchyma 2
GTGACGCTCACATACG-1,Stem F
GTGACGCTCAGCAATC-1,Protonephridia
GTGACGCTCGTTGCCT-1,Muscle 1
GTGAGCCAGGTTGACG-1,Muscle 2
GTGAGCCCACAAAGCG-1,Stem B
GTGAGCCGTATAATGG-1,Tegument
GTGAGCCTCAAGCTGT-1,Stem A
GTGAGCCTCACACGAT-1,Stem B
GTGAGGAAGAGTGAAG-1,Stem C
GTGAGGAAGTTTAGGA-1,Stem C
GTGAGGACACCATTCC-1,Stem A
GTGAGGAGTCATCTAG-1,Muscle 2
GTGAGGAGTGGCACTC-1,Stem B
GTGAGTTAGCGTATAA-1,Protonephridia
GTGAGTTAGTGGTTCT-1,Parenchyma 1
GTGAGTTCAGATTAAG-1,Stem F
GTGAGTTCATGACGAG-1,Muscle 2
GTGAGTTGTGGCCACT-1,Stem A
GTGATGTAGCCATGCC-1,Muscle 2
GTGATGTAGGCCTAAG-1,Muscle 2
GTGATGTAGGCGACAT-1,Stem B
GTGATGTAGTAGTCTC-1,Stem B
GTGATGTCAAATTAGG-1,Neuron 4
GTGATGTCACCGCTAG-1,Stem F
GTGATGTCAGCATCTA-1,Stem A
GTGATGTGTAAGTAGT-1,Muscle 1
GTGATGTGTACGATTC-1,Stem C
GTGATGTTCGCAGAGA-1,Stem B
GTGCACGAGGTCGTCC-1,Stem F
GTGCACGAGTAGGAAG-1,Muscle 1
GTGCACGAGTTATGGA-1,Stem C
GTGCACGCAACTTGGT-1,Parenchyma 1
GTGCACGCAGAGTTGG-1,Stem C
GTGCACGCAGTCCGTG-1,Muscle 1
GTGCACGGTCTGTGAT-1,Stem B
GTGCACGTCATGGTAC-1,Neuron 1
GTGCACGTCCGTCAAA-1,Muscle 1
GTGCAGCAGCTGTCCG-1,Stem B
GTGCAGCCACTACCGG-1,Muscle 1
GTGCAGCCATGGTACT-1,Parenchyma 1
GTGCAGCGTACTGGGA-1,Stem B
GTGCAGCGTAGCTTGT-1,Muscle 1
GTGCAGCTCAACTGAC-1,Stem F
GTGCGTGAGAGCAACC-1,Parenchyma 1
GTGCGTGAGTAAAGCT-1,Muscle 1
GTGCTGGCACTTGGGC-1,Parenchyma 1
GTGCTGGGTGTCATGT-1,Stem A
GTGCTGGGTTAAGGGC-1,Neuron 1
GTGCTTCCACGAGGTA-1,Stem A
GTGCTTCGTTGGGACA-1,Parenchyma 2
GTGCTTCTCGGCTGTG-1,Stem C
GTGGAAGAGACGACTG-1,Neuron 1
GTGGAAGAGTAATCCC-1,Muscle 2
GTGGAAGAGTCTGCAT-1,Muscle 1
GTGGAAGCAAACCACT-1,Stem C
GTGGAAGGTGGCATCC-1,Stem A
GTGGAGAAGAGCCGAT-1,Stem D
GTGGAGAAGATGTAGT-1,Neuron 1
GTGGAGAAGGTTCCGC-1,Stem C
GTGGAGACAAAGGTTA-1,Stem D
GTGGAGACACGGCCAT-1,Muscle 1
GTGGAGAGTACTAGCT-1,Neuron 4
GTGGAGAGTAGACTGG-1,Neuron 5
GTGGAGAGTCCAGTTA-1,Muscle 2
GTGGAGAGTCTACGAT-1,Muscle 2
GTGGAGATCACTTATC-1,Muscle 2
GTGGCGTAGGTAGACC-1,Neuron 4
GTGGCGTCACAAATAG-1,Stem C
GTGGGAAAGCGAGAAA-1,Muscle 2
GTGGGAACAACAAGAT-1,Protonephridia
GTGGGAACACAAAGTA-1,Muscle 2
GTGGGAAGTCGTCAGC-1,Stem A
GTGGGAAGTTTACACG-1,Muscle 1
GTGGGAATCGTTCTCG-1,Muscle 1
GTGGGAATCTCCTGAC-1,Stem A
GTGGTTACACTGAGGA-1,Neuron 5
GTGGTTAGTAGAGACC-1,Muscle 1
GTGGTTAGTATGTCTG-1,Stem B
GTGGTTAGTGCTATTG-1,Muscle 2
GTGGTTAGTTGCATAC-1,Neuron 4
GTGGTTATCCGTGACG-1,Parenchyma 1
GTGGTTATCGTGAGAG-1,Stem A
GTGTAACAGACAGCTG-1,Muscle 1
GTGTAACAGATACGAT-1,Stem A
GTGTAACCAATAAGGT-1,Parenchyma 2
GTGTAACCAATGGCCC-1,Neuron 1
GTGTAACCATGAATCC-1,Muscle 1
GTGTAACGTAGGCAGT-1,Stem A
GTGTAACGTGAATTGA-1,Stem F
GTGTAACTCGCATAGT-1,Stem E
GTGTAACTCGCGCTGA-1,Stem B
GTGTAACTCTTGATTC-1,Stem F
GTGTCCTAGCTTGTTG-1,Parenchyma 1
GTGTCCTAGTGCGCTC-1,Stem C
GTGTCCTCAACATACC-1,Stem F
GTGTCCTCATGGCCCA-1,Muscle 1
GTGTCCTTCGTAATGC-1,Stem A
GTGTGATCAACCGCCA-1,Parenchyma 1
GTGTGATGTTGCCTAA-1,Stem E
GTGTGATTCCAACTAG-1,Stem D
GTGTGATTCCCTCTAG-1,Parenchyma 2
GTGTGATTCCTCTAAT-1,Stem D
GTGTGGCAGTCGAAGC-1,Muscle 2
GTGTGGCAGTCGAGGT-1,Tegument
GTGTGGCCAACGTTAC-1,Stem A
GTGTGGCGTCGAACGA-1,Stem B
GTGTGGCGTCGCTCGA-1,Stem D
GTGTGGCGTTAGGAGC-1,Stem D
GTGTGGCTCCATGCAA-1,Stem B
GTGTGGCTCGAAATCC-1,Stem B
GTGTTAGAGATTGACA-1,Stem A
GTGTTAGAGCTGACAG-1,Muscle 1
GTGTTAGAGGGTGGGA-1,Stem C
GTGTTAGAGTACTGGG-1,Stem F
GTGTTAGCACACCAGC-1,Neuron 2
GTGTTAGCATGGCGCT-1,Muscle 1
GTGTTAGCATTGAGCT-1,Stem D
GTGTTAGGTCCCAAAT-1,Tegument
GTGTTAGGTCTTACAG-1,Muscle 1
GTGTTAGGTTCCTACC-1,Muscle 1
GTGTTAGGTTCGTGCG-1,Stem A
GTGTTAGTCACTCACC-1,Neuron 4
GTGTTAGTCATGAGTC-1,Muscle 2
GTGTTCCAGACTGAGC-1,Muscle 1
GTGTTCCGTGTCCATA-1,Stem D
GTGTTCCTCAGATGCT-1,Muscle 1
GTTACAGCAGAGAGGG-1,Neuron 2
GTTACAGCATACTGTG-1,Parenchyma 1
GTTACAGGTAGCACAG-1,Neuron 1
GTTACAGGTTCAAGTC-1,Stem F
GTTACAGGTTTACCTT-1,Muscle 1
GTTACAGTCACAATGC-1,Parenchyma 2
GTTACAGTCCTGTTGC-1,Stem F
GTTACCCAGCATGTTC-1,Stem F
GTTACCCAGTATGAAC-1,Stem A
GTTACCCCAACAAGTA-1,Stem E
GTTACCCCATCGGATT-1,Muscle 1
GTTACGAAGTGCCAGA-1,Stem A
GTTACGAAGTTGCGCC-1,Stem B
GTTACGACAGAACATA-1,Muscle 1
GTTACGACAGGTAGTG-1,Muscle 1
GTTACGAGTGCCCACA-1,Stem A
GTTACGAGTGCGTGCT-1,Neuron 4
GTTACGAGTTCTCAGA-1,Stem B
GTTAGACAGATTGGGC-1,Stem A
GTTAGACAGCAACCAG-1,Muscle 2
GTTAGACAGCTTTCTT-1,Parenchyma 1
GTTAGACAGTATGGAT-1,Muscle 1
GTTAGACCAAAGGCAC-1,Stem F
GTTAGACCACCGGTCA-1,Muscle 2
GTTAGACGTGGAAATT-1,Muscle 2
GTTAGACTCGTTGTAG-1,Stem D
GTTAGACTCTAAGCCA-1,Stem C
GTTAGTGAGGGTACAC-1,Muscle 1
GTTAGTGAGTTGCATC-1,Stem B
GTTAGTGAGTTGTAAG-1,Muscle 1
GTTAGTGCAACTAGAA-1,Neuron 1
GTTAGTGTCAGTGTGT-1,Stem F
GTTAGTGTCGCCGATG-1,Stem D
GTTATGGGTGATTCTG-1,Stem A
GTTATGGGTTGTAGCT-1,Stem F
GTTATGGTCGGATACT-1,Parenchyma 2
GTTATGGTCGGTTGTA-1,Stem E
GTTATGGTCTCATAGG-1,Stem A
GTTCATTAGACTTCGT-1,Neuron 4
GTTCATTAGAGTGACC-1,Neuron 3
GTTCATTCAAGCTCTA-1,Stem C
GTTCATTGTCCGATCG-1,Muscle 1
GTTCATTTCACCCTCA-1,Parenchyma 1
GTTCCGTAGAGCTGCA-1,Neuron 1
GTTCCGTAGCTCCATA-1,Neuron 5
GTTCCGTCACGACGAA-1,Muscle 2
GTTCCGTCACTGCACG-1,Stem E
GTTCCGTCAGCTGTAT-1,Neuron 2
GTTCCGTGTGGTAATA-1,Stem F
GTTCCGTGTTATCTTC-1,Neuron 4
GTTCCGTTCAAGCCGC-1,Muscle 1
GTTCCGTTCTTACCGC-1,Stem A
GTTCGCTAGACTCAAA-1,Neuron 1
GTTCGCTCACTTCAGA-1,Muscle 1
GTTCGCTCAGCACAGA-1,Stem B
GTTCGCTCATGCAGGA-1,Stem A
GTTCGCTGTCTTTATC-1,Stem C
GTTCGCTGTTTAGACC-1,Stem D
GTTCGCTTCTGCTTTA-1,Muscle 1
GTTCTATAGTATCCTG-1,Muscle 1
GTTCTATGTCAGACTT-1,Muscle 1
GTTCTATTCGCCTAGG-1,Parenchyma 1
GTTGAACCACCTGAAT-1,Muscle 1
GTTGAACCAGAATCGG-1,Stem C
GTTGAACGTGACTGTT-1,Muscle 1
GTTGAACTCCCGAATA-1,Muscle 1
GTTGAACTCTGCCTGT-1,Stem A
GTTGAACTCTGCGGCA-1,Stem C
GTTGCGGAGAAGCGCT-1,Protonephridia
GTTGCGGAGGTTCTAC-1,Parenchyma 2
GTTGCGGCATATACCG-1,Stem F
GTTGCGGTCTAGAGCT-1,Tegument
GTTGCGGTCTCTCTAA-1,Muscle 1
GTTGCTCAGTCTAACC-1,Muscle 2
GTTGCTCGTCGGCACT-1,Muscle 1
GTTGCTCTCCGATAAC-1,Stem F
GTTGCTCTCGCCAGTG-1,Tegument
GTTGCTCTCTTAGGAC-1,Tegument
GTTGTAGAGGCTCTCG-1,Muscle 1
GTTGTAGTCATTGGTG-1,Stem D
GTTGTCCAGACCGCCT-1,Muscle 2
GTTGTCCAGCCTGAGA-1,Parenchyma 2
GTTGTCCAGTCGTTAC-1,Neuron 4
GTTGTCCGTAACCAGG-1,Stem B
GTTGTCCGTAGACACG-1,Stem F
GTTGTCCGTAGCGATG-1,Muscle 2
GTTGTCCGTCGAAGCA-1,Stem C
GTTGTCCGTCTGTAAC-1,Stem C
GTTGTCCGTCTTTATC-1,Muscle 1
GTTGTCCGTGAGTAGC-1,Stem C
GTTGTCCGTTCGGACC-1,Stem F
GTTGTCCTCACCTGTC-1,Stem F
GTTGTGAAGAGTTCGG-1,Muscle 1
GTTGTGAAGATGAATC-1,Parenchyma 2
GTTGTGAAGTAATACG-1,Stem C
GTTGTGAAGTCACAGG-1,Stem B
GTTGTGAAGTTGGACG-1,Muscle 1
GTTGTGACATCTCGTC-1,Neuron 4
GTTGTGAGTATGTCAC-1,Stem C
GTTGTGAGTCTTCAAG-1,Stem C
GTTGTGATCCACCTGT-1,Muscle 2
GTTGTGATCGTCCTTG-1,Muscle 1
GTTGTGATCTCGAACA-1,Tegument
GTTTACTAGCCAACCC-1,Stem C
GTTTACTAGCCGGATA-1,Stem C
GTTTACTCACACGGAA-1,Stem A
GTTTACTCAGCTATTG-1,Stem C
GTTTACTCATAGCACT-1,Muscle 2
GTTTACTGTATGACAA-1,Stem B
GTTTACTGTGTGAGCA-1,Muscle 2
GTTTACTGTTAAAGTG-1,Stem B
GTTTACTGTTCGGGTC-1,Stem F
GTTTACTTCACTCGAA-1,Protonephridia
GTTTGGAAGGAGGGTG-1,Parenchyma 1
GTTTGGAAGTACGTCT-1,Muscle 1
GTTTGGAAGTTCATCG-1,Stem C
GTTTGGACAACACTAC-1,Stem C
GTTTGGACAAGATGTA-1,Neuron 4
GTTTGGACATGGGATG-1,Stem D
GTTTGGATCGATCCCT-1,Stem F
GTTTGGATCGCCGATG-1,Parenchyma 2
GTTTGGATCGTGGTAT-1,Neuron 1
TAACACGAGGACTATA-1,Muscle 1
TAACACGCAAGTATCC-1,Muscle 1
TAACACGCAATGCTCA-1,Stem A
TAACACGCACCGTGCA-1,Stem E
TAACACGCAGCAGTAG-1,Parenchyma 1
TAACACGCATGGGTCC-1,Stem B
TAACACGGTGATACAA-1,Muscle 2
TAACACGGTGGCTGAA-1,Tegument
TAACACGTCACACCGG-1,Stem D
TAACCAGCAAGGCGTA-1,Muscle 2
TAACCAGCATCCGGCA-1,Stem B
TAACCAGGTGAGATCG-1,Stem A
TAACCAGTCTAGACAC-1,Parenchyma 1
TAACGACAGAGAGCAA-1,Muscle 1
TAACGACAGCACACAG-1,Stem E
TAACGACAGCCTGCCA-1,Stem A
TAACGACAGCCTGTCG-1,Stem F
TAACGACCACATTGTG-1,Stem F
TAACGACCAGTAGTGG-1,Muscle 1
TAACGACGTCAAAGCG-1,Stem A
TAACGACTCGATTGGT-1,Stem D
TAACTTCAGCTCCGAC-1,Stem A
TAACTTCAGTCTGGAG-1,Stem C
TAACTTCCATGAGTAA-1,Neuron 1
TAACTTCGTACTAAGA-1,Neuron 1
TAACTTCGTTGAGGAC-1,Neuron 5
TAACTTCGTTGCTAGT-1,Stem E
TAACTTCTCACAACCA-1,Neuron 4
TAACTTCTCCACGTAA-1,Muscle 2
TAACTTCTCCGCGAGT-1,Stem C
TAACTTCTCTGTCGTC-1,Neuron 1
TAAGCACAGTCATCGT-1,Stem C
TAAGCACCAACCCGCA-1,Stem B
TAAGCACCAGACCTGC-1,Stem D
TAAGCACCAGAGAAAG-1,Stem D
TAAGCACGTGCAGATG-1,Stem F
TAAGCACTCGTAACCA-1,Neuron 5
TAAGCACTCTACCACC-1,Stem B
TAAGCCAAGGTTCCAT-1,Protonephridia
TAAGCCAAGTAAACAC-1,Stem A
TAAGCCAAGTAGCATA-1,Stem C
TAAGCCAAGTGAGGCT-1,Muscle 1
TAAGCCACACCTATCC-1,Stem C
TAAGCCACACGGTGAA-1,Parenchyma 1
TAAGCCAGTTCGGCGT-1,Muscle 2
TAAGCCATCAAGAGGC-1,Parenchyma 2
TAAGCGTAGGTTAAAC-1,Stem A
TAAGCGTCACAGCTTA-1,Stem B
TAAGCGTCAGTACTAC-1,Stem C
TAAGCGTGTTGCATAC-1,Stem C
TAAGTCGAGCCTATTG-1,Stem A
TAAGTCGAGGAGAGTA-1,Muscle 1
TAAGTCGAGTTCTCTT-1,Muscle 1
TAAGTCGGTCAATGGG-1,Protonephridia
TAAGTCGGTCACTTAG-1,Muscle 2
TAAGTCGTCAACCCGG-1,Stem E
TAAGTCGTCACACCGG-1,Stem D
TAAGTCGTCTCTTAAC-1,Tegument
TAATCTCAGCCTAGGA-1,Stem A
TAATCTCCAACTACGT-1,Stem B
TAATCTCTCAGCTCTC-1,Stem C
TAATCTCTCCACGAAT-1,Stem B
TAATTCCAGGCGACAT-1,Parenchyma 1
TAATTCCAGTGCCTCG-1,Protonephridia
TAATTCCCACGATTCA-1,Muscle 1
TAATTCCCACTGGCGT-1,Stem D
TAATTCCTCAGCTGAT-1,Protonephridia
TACAACGAGCGACATG-1,Muscle 1
TACAACGAGCTAAGTA-1,Muscle 1
TACAACGAGGCCCGTT-1,Stem B
TACAACGCATACAGAA-1,Muscle 1
TACAACGGTACAGCGA-1,Muscle 2
TACAACGTCGCGCCAA-1,Stem B
TACACCCAGAATAACC-1,Muscle 2
TACACCCAGGAGGGTG-1,Parenchyma 1
TACACCCAGTGAGGCT-1,Muscle 1
TACACCCCATGACGGA-1,Neuron 4
TACACCCGTTACAGCT-1,Muscle 1
TACACCCGTTACCGTA-1,Stem C
TACACCCGTTAGGACG-1,Parenchyma 2
TACACCCGTTCGGTAT-1,Neuron 5
TACACCCTCACCTCGT-1,Stem B
TACACCCTCATATGGC-1,Stem F
TACAGGTAGTTGTCGT-1,Stem F
TACAGGTCACACCTTC-1,Neuron 1
TACAGGTGTACGAGCA-1,Stem A
TACAGGTGTCAAGTTC-1,Stem F
TACAGGTGTTCTCGCT-1,Muscle 1
TACAGGTTCCGTGGCA-1,Stem B
TACATTCCACTTGAAC-1,Muscle 1
TACATTCGTAGGACTG-1,Muscle 2
TACATTCTCTCCCATG-1,Stem B
TACATTCTCTCGGTAA-1,Stem C
TACCCACAGACAGCGT-1,Muscle 1
TACCCACAGGAACATT-1,Stem F
TACCCACCATATGGCT-1,Protonephridia
TACCCACGTAGATTAG-1,Neuron 4
TACCCACGTCACTAGT-1,Stem D
TACCCACTCACGACTA-1,Muscle 1
TACCCACTCCTACGAA-1,Stem B
TACCCGTAGGTCGTCC-1,Stem C
TACCCGTAGTGCGTCC-1,Neuron 1
TACCCGTAGTTCTCTT-1,Neuron 1
TACCCGTCAAGTCCAT-1,Stem F
TACCCGTCACGTATAC-1,Stem F
TACCCGTCAGCTGGTC-1,Stem B
TACCCGTGTGGTTTGT-1,Stem C
TACCCGTTCCTGCTAC-1,Parenchyma 2
TACCCGTTCGGCATCG-1,Stem F
TACCCGTTCTCATGGA-1,Protonephridia
TACCGAAAGAGCAGAA-1,Muscle 2
TACCGAACACGACGCT-1,Stem D
TACCGAACACGTTGGC-1,Stem D
TACCGAACAGCTGTAT-1,Muscle 1
TACCGAAGTACCCAGC-1,Stem D
TACCGAAGTATTCCTT-1,Muscle 1
TACCGAAGTCGCTTAA-1,Parenchyma 1
TACCGAAGTGATTCTG-1,Neuron 4
TACCGAAGTGGCTCTG-1,Muscle 1
TACCGAAGTTCTCAGA-1,Stem F
TACCGAATCATCCTGC-1,Muscle 2
TACCGGGAGTGGTTAA-1,Stem A
TACCGGGCATACCAGT-1,Stem B
TACCGGGGTCCACGCA-1,Stem F
TACCGGGGTCTCTCTG-1,Muscle 2
TACCGGGGTTCGGCCA-1,Stem F
TACCGGGTCAGTGATC-1,Stem A
TACCGGGTCCTTCAGC-1,Stem C
TACCTCGAGGTTGCCC-1,Tegument
TACCTCGAGTAGCATA-1,Muscle 1
TACCTCGCAAGGTTGG-1,Protonephridia
TACCTCGGTACCTATG-1,Neuron 4
TACCTCGGTGCAATGG-1,Stem D
TACCTCGTCAAGAGGC-1,Stem C
TACCTGCAGGAGATAG-1,Stem C
TACCTGCAGTTGCATC-1,Stem F
TACCTGCCAACGACAG-1,Protonephridia
TACCTGCCATACACCA-1,Tegument
TACCTGCGTCCATACA-1,Stem A
TACCTGCGTCTTTATC-1,Stem D
TACCTGCTCCGTCAAA-1,Stem F
TACGCTCAGCACACCC-1,Stem C
TACGCTCCAAGAATGT-1,Ciliary plate
TACGCTCCAATCGCCG-1,Parenchyma 2
TACGCTCCATCCGGCA-1,Stem D
TACGCTCGTCGTGGAA-1,Neuron 1
TACGCTCGTGAGCGAT-1,Protonephridia
TACGCTCTCAACACCA-1,Stem B
TACGGGCAGAACGCGT-1,Ciliary plate
TACGGGCAGAGGTTAT-1,Neuron 1
TACGGGCAGGGTACGT-1,Stem D
TACGGGCAGTAAATGC-1,Stem A
TACGGGCCAAATGATG-1,Stem E
TACGGGCCATGGCTAT-1,Stem D
TACGGGCTCCGTGTAA-1,Parenchyma 2
TACGGTAAGGTCGTAG-1,Stem C
TACGGTAGTCTCTCCA-1,Muscle 2
TACGGTAGTGACCGAA-1,Muscle 2
TACGGTAGTGGTCTCG-1,Muscle 2
TACGTCCAGAAGTCAT-1,Parenchyma 1
TACGTCCCAATCCTAG-1,Muscle 2
TACGTCCCACAACGAG-1,Stem F
TACGTCCCATTCTCCG-1,Tegument
TACGTCCGTTGCAAGG-1,Parenchyma 1
TACGTCCGTTGTGTTG-1,Stem F
TACTGCCAGAGAGCGG-1,Muscle 2
TACTGCCAGGGATCGT-1,Parenchyma 1
TACTGCCAGGGTACAC-1,Muscle 2
TACTGCCCAGTTGTTG-1,Muscle 2
TACTGCCGTCCAAGAG-1,Neuron 1
TACTGCCGTCGTCGGT-1,Stem B
TACTGCCGTGCCCACA-1,Stem D
TACTGCCGTTGCAAGG-1,Muscle 1
TACTTACAGGGTCACA-1,Stem C
TACTTACTCTGGCCTT-1,Stem F
TACTTCAAGGACGGAG-1,Stem F
TACTTCAAGGAGAATG-1,Muscle 2
TACTTCACAAGACTGG-1,Muscle 1
TACTTCACACTTACAG-1,Protonephridia
TACTTCACATAGTCAC-1,Parenchyma 1
TACTTCAGTCACATTG-1,Muscle 1
TACTTCATCAATGCAC-1,Stem C
TACTTCATCCTCACTG-1,Neuron 1
TACTTGTAGAAGAACG-1,Stem D
TACTTGTCAGGATCTT-1,Stem B
TACTTGTGTTTAGAGA-1,Parenchyma 2
TACTTGTTCGCAGATT-1,Stem B
TACTTGTTCGCCAATA-1,Muscle 1
TACTTGTTCTTACCGC-1,Muscle 2
TAGACCAAGCCAGACA-1,Muscle 1
TAGACCACAATGTGGG-1,Stem C
TAGACCAGTATACCCA-1,Stem A
TAGACCAGTCTGTGCG-1,Stem B
TAGACCATCACAACCA-1,Muscle 1
TAGACCATCAGCGCAC-1,Stem F
TAGACTGAGAAGCGAA-1,Stem C
TAGACTGAGCTCCCTT-1,Neuron 4
TAGACTGAGGCCCGTT-1,Stem D
TAGACTGGTACGCGTC-1,Neuron 1
TAGACTGGTCCCGGTA-1,Stem A
TAGACTGGTGCCAAGA-1,Parenchyma 1
TAGACTGGTGTAACGG-1,Muscle 2
TAGACTGTCGTAGCCG-1,Neuron 1
TAGAGTCCAGGACGAT-1,Stem E
TAGAGTCTCGCGCCAA-1,Stem F
TAGAGTCTCGGAAACG-1,Neuron 5
TAGATCGAGACTACCT-1,Neuron 4
TAGATCGCAACTGATC-1,Stem E
TAGATCGCAGAAGTTA-1,Parenchyma 2
TAGATCGGTATGCGTT-1,Stem B
TAGATCGTCGCAGATT-1,Stem D
TAGCACACATGACCCG-1,Stem B
TAGCACAGTAGTTCCA-1,Protonephridia
TAGCACAGTCTTTCTA-1,Muscle 1
TAGCACATCTACCCAC-1,Neuron 4
TAGCACATCTCACTCG-1,Stem A
TAGGAGGCACGGAAGT-1,Neuron 4
TAGGAGGGTCCACTTC-1,Muscle 2
TAGGAGGGTCGAAACG-1,Muscle 1
TAGGAGGGTGCCGGTT-1,Muscle 1
TAGGAGGGTTCCAAAC-1,Muscle 1
TAGGAGGTCTCTAGGA-1,Stem C
TAGGGTTAGGCTCAAG-1,Parenchyma 2
TAGGGTTCACGACAGA-1,Stem A
TAGGGTTCAGCGTAGA-1,Muscle 1
TAGGGTTGTATCAGCT-1,Stem B
TAGGGTTTCTAAACGC-1,Muscle 1
TAGGGTTTCTGAGCAT-1,Stem B
TAGGGTTTCTGCTTAT-1,Muscle 1
TAGGGTTTCTTCGACC-1,Parenchyma 2
TAGGTACAGAGGTTAT-1,Neuron 1
TAGGTACAGCACAAAT-1,Protonephridia
TAGGTACCACAACGTT-1,Stem F
TAGGTACCAGAGGAAA-1,Neuron 1
TAGGTACTCCATCACC-1,Neuron 4
TAGGTACTCGGTAGAG-1,Muscle 1
TAGGTACTCGTCGACG-1,Neuron 1
TAGGTACTCGTGTGAT-1,Stem A
TAGGTTGAGAGTCAGC-1,Stem C
TAGGTTGAGCACCGTC-1,Stem C
TAGGTTGGTAATGCGG-1,Stem C
TAGGTTGGTAGGACCA-1,Stem A
TAGGTTGTCATAGGCT-1,Muscle 1
TAGTGCAAGATTGCGG-1,Muscle 2
TAGTGCAAGCCGAACA-1,Stem C
TAGTGCAAGTCTGGTT-1,Muscle 2
TAGTGCACAACACGAG-1,Stem A
TAGTGCACAATGTCTG-1,Stem E
TAGTGCACATTAGGCT-1,Stem F
TAGTGCAGTACGGGAT-1,Stem D
TAGTGCATCCACCTGT-1,Ciliary plate
TAGTGCATCGGAAGGT-1,Stem A
TATACCTCACACACTA-1,Muscle 2
TATACCTCATATAGCC-1,Muscle 2
TATACCTTCCCGAGGT-1,Muscle 1
TATATCCAGCGAAACC-1,Muscle 1
TATATCCAGTATTCCG-1,Tegument
TATATCCCACCCAAGC-1,Tegument
TATATCCCAGAACGCA-1,Parenchyma 2
TATATCCCATCGGTTA-1,Stem A
TATATCCGTACGGTTT-1,Muscle 1
TATATCCTCACCTTGC-1,Stem D
TATATCCTCCGACATA-1,Stem C
TATCAGGAGCTCTATG-1,Muscle 1
TATCAGGAGTAGCCAG-1,Muscle 2
TATCAGGAGTCGAAAT-1,Stem F
TATCAGGAGTGAGGTC-1,Muscle 1
TATCAGGCAAGCGCAA-1,Stem C
TATCAGGGTGAATGTA-1,Muscle 1
TATCAGGGTTAGGCTT-1,Muscle 1
TATCAGGGTTCATCGA-1,Parenchyma 2
TATCAGGTCAGCATTG-1,Stem C
TATCAGGTCCATCGTC-1,Muscle 1
TATCAGGTCGGCAGTC-1,Stem F
TATCAGGTCTGACAGT-1,Neuron 1
TATCCTAAGTCTACCA-1,Stem A
TATCCTACATCCGAAT-1,Muscle 1
TATCCTATCGCTAAAC-1,Stem D
TATCGCCAGAAGTCCG-1,Ciliary plate
TATCGCCAGTAAACGT-1,Muscle 1
TATCGCCCACAATGAA-1,Stem D
TATCGCCCAGCATACT-1,Parenchyma 2
TATCGCCGTGAATGTA-1,Stem A
TATCGCCTCGACCTAA-1,Stem D
TATCTGTAGGTTCAGG-1,Muscle 1
TATCTGTAGTAGTCCT-1,Parenchyma 2
TATCTGTCAGATCATC-1,Stem C
TATCTGTCAGTAGGAC-1,Neuron 2
TATCTGTGTATGAGGC-1,Muscle 1
TATCTGTGTCGCTGCA-1,Stem F
TATCTGTGTGAAGCTG-1,Stem D
TATCTGTGTTTCACAG-1,Muscle 1
TATCTGTTCCCTTTGG-1,Muscle 1
TATCTGTTCGGCCTTT-1,Muscle 1
TATCTGTTCTAATTCC-1,Stem F
TATCTTGAGGGCCTCT-1,Neuron 1
TATCTTGCAACGTTAC-1,Stem A
TATCTTGTCAAGAGGC-1,Muscle 1
TATCTTGTCAAGCGTT-1,Stem C
TATCTTGTCCACCTGT-1,Ciliary plate
TATCTTGTCGATTGAC-1,Stem D
TATGTTCCACCATAAC-1,Stem F
TATGTTCCAGGAACCA-1,Neuron 4
TATGTTCCATCCGGCA-1,Muscle 2
TATGTTCTCAAGCCGC-1,Neuron 1
TATGTTCTCCACACAA-1,Stem E
TATGTTCTCCGGACGT-1,Muscle 1
TATGTTCTCTATCACT-1,Neuron 1
TATTCCAAGACAAGCC-1,Parenchyma 1
TATTCCACAGCAGTTT-1,Muscle 2
TATTCCACAGGCACTC-1,Neuron 4
TATTCCACATCACGGC-1,Tegument
TATTCCATCACGGACC-1,Stem A
TATTGCTAGGATGGCT-1,Stem F
TATTGCTAGGTGCTGA-1,Muscle 2
TATTGCTAGTGTAGTA-1,Neuron 1
TATTGCTAGTTAACAG-1,Neuron 4
TATTGCTCATAGAATG-1,Neuron 4
TATTGCTGTCCAATCA-1,Neuron 4
TATTGCTTCCCTCTAG-1,Tegument
TATTGCTTCGAGTCCG-1,Muscle 1
TATTGGGCACGACAGA-1,Stem C
TATTGGGCAGCTACCG-1,Parenchyma 2
TATTGGGGTACTTGTG-1,Neuron 2
TATTGGGGTGTTCGAT-1,Muscle 2
TATTGGGTCAGTGATC-1,Stem F
TATTGGGTCGAGTGGA-1,Parenchyma 1
TATTTCGAGCGGTAGT-1,Stem F
TATTTCGAGGGACTGT-1,Stem B
TATTTCGAGTTTGAGA-1,Stem D
TATTTCGGTGATCGTT-1,Muscle 1
TATTTCGTCATTACTC-1,Muscle 1
TATTTCGTCCCTTGTG-1,Muscle 2
TATTTCGTCCTTGAAG-1,Parenchyma 2
TATTTCGTCGAGATGG-1,Stem F
TATTTCGTCTGAGGCC-1,Parenchyma 2
TCAAGACAGCTAAGTA-1,Stem E
TCAAGACCAGTAACGG-1,Muscle 2
TCAAGACTCCATCTAT-1,Muscle 1
TCAAGACTCGACCCAG-1,Stem F
TCAAGCAAGCGTACAG-1,Stem F
TCAAGCACAACGATTC-1,Stem F
TCAAGCACACACCTAA-1,Neuron 1
TCAAGCACACAGTGTT-1,Muscle 1
TCAAGCACATACTTTC-1,Stem F
TCAAGCACATTGTGCA-1,Stem F
TCAAGCATCCAAGGGA-1,Muscle 2
TCAAGCATCGTCGATA-1,Muscle 1
TCAAGCATCTCGCCTA-1,Neuron 4
TCAAGTGAGATTAGAC-1,Muscle 2
TCAAGTGAGTCCGCGT-1,Stem B
TCAAGTGCACCTGCGA-1,Stem C
TCAAGTGGTAGGCAAC-1,Muscle 2
TCAAGTGGTATCAAGA-1,Stem A
TCAATCTAGAGCAGAA-1,Stem C
TCAATCTAGCAAGCCA-1,Muscle 2
TCAATCTCACACGCCA-1,Stem D
TCAATCTCAGTGGCTC-1,Muscle 1
TCAATCTGTCACTCTC-1,Stem F
TCAATCTGTCCGGCAT-1,Neuron 2
TCAATCTGTGAAGCGT-1,Stem B
TCAATCTGTGCTGATT-1,Tegument
TCAATCTTCGCTGATA-1,Stem F
TCAATTCGTCGTACTA-1,Protonephridia
TCAATTCTCCCGTTCA-1,Tegument
TCACAAGAGGCCTTGC-1,Stem E
TCACAAGCAAGCGATG-1,Stem B
TCACAAGCATGGCTGC-1,Muscle 2
TCACAAGGTCGCAACC-1,Stem F
TCACAAGGTGTGTCCG-1,Stem C
TCACAAGTCTCTTGCG-1,Stem B
TCACAAGTCTGTCGTC-1,Muscle 1
TCACACCAGTGAGGTC-1,Neuron 4
TCACACCAGTGATAAC-1,Muscle 2
TCACACCCATGGCCCA-1,Parenchyma 1
TCACACCGTTCCGCGA-1,Stem D
TCACACCGTTTGCCGG-1,Muscle 1
TCACATTAGCACCGAA-1,Stem F
TCACATTAGCAGTCTT-1,Parenchyma 2
TCACATTCAAATGGTA-1,Stem A
TCACATTGTGACCTGC-1,Parenchyma 1
TCACATTTCCACAGCG-1,Muscle 1
TCACGCTCAGGTACGA-1,Muscle 1
TCACGCTCATCTGCGG-1,Neuron 1
TCACGCTGTACAAGTA-1,Muscle 1
TCACGCTGTTCGAACT-1,Neuron 2
TCACGGGAGATGGCAC-1,Stem F
TCACGGGAGCTAATGA-1,Stem D
TCACGGGAGCTGACCC-1,Neuron 5
TCACGGGAGGTAAGGA-1,Stem A
TCACGGGGTGGCTGAA-1,Parenchyma 2
TCACGGGGTTTCCCAC-1,Stem B
TCACGGGTCTCGACGG-1,Stem C
TCACGGGTCTGACGCG-1,Muscle 1
TCACTATAGCTTCGTA-1,Neuron 4
TCACTATAGTGATCGG-1,Neuron 1
TCACTATCACCTGCTT-1,Neuron 4
TCACTATGTATCGCGC-1,Stem D
TCACTATTCCATTGGA-1,Stem A
TCACTCGAGGCCGCTT-1,Stem F
TCACTCGAGTTGTCAC-1,Stem D
TCACTCGCAGCGGTCT-1,Muscle 1
TCACTCGTCAAAGACA-1,Stem A
TCACTCGTCAGCACCG-1,Muscle 1
TCACTCGTCGAGATAA-1,Muscle 1
TCACTCGTCGGAAGGT-1,Stem B
TCACTCGTCGTGCTCT-1,Muscle 1
TCAGCAACAATACGCT-1,Neuron 1
TCAGCAACACATATGC-1,Stem D
TCAGCAAGTCAGGAGT-1,Stem F
TCAGCAATCACGACTA-1,Stem C
TCAGCAATCTCAGAAC-1,Stem B
TCAGCCTAGCACTCAT-1,Stem F
TCAGCCTCAGCCGGTT-1,Stem F
TCAGCCTCATGTGGCC-1,Stem F
TCAGCCTGTGACAGGT-1,Parenchyma 1
TCAGGGCAGAACAAGG-1,Stem D
TCAGGGCAGAGGGTCT-1,Neuron 1
TCAGGGCAGCCGAATG-1,Muscle 1
TCAGGGCAGCTAAACA-1,Stem E
TCAGGGCAGGAACGCT-1,Stem D
TCAGGGCAGTGCGTCC-1,Parenchyma 1
TCAGGGCCAAGGGTCA-1,Stem B
TCAGGGCCAATCGAAA-1,Neuron 4
TCAGGGCTCATAGAGA-1,Stem E
TCAGGTAAGGTTACAA-1,Neuron 4
TCAGGTACATCCGAGC-1,Muscle 1
TCAGGTACATGTGCCG-1,Muscle 2
TCAGGTATCCGCACTT-1,Muscle 2
TCAGGTATCTTACGTT-1,Muscle 1
TCAGTCCAGTGTTGAA-1,Protonephridia
TCAGTCCGTCCTGTTC-1,Stem F
TCAGTCCGTCGGTAAG-1,Neuron 5
TCAGTCCGTCGTGATT-1,Stem D
TCAGTCCTCGAGAAAT-1,Muscle 2
TCAGTGAAGAAGGGAT-1,Stem E
TCAGTGAAGTTGCATC-1,Stem F
TCAGTGAGTCGCACGT-1,Stem D
TCAGTGATCACACCCT-1,Stem F
TCAGTTTAGCAGTAAT-1,Stem A
TCAGTTTAGCGAGGAG-1,Muscle 2
TCAGTTTCAAAGGAGA-1,Stem A
TCAGTTTCATCGCTGG-1,Stem A
TCAGTTTTCACTTTGT-1,Muscle 1
TCAGTTTTCATGCCAA-1,Muscle 2
TCATACTAGACATCCT-1,Muscle 1
TCATACTAGTATGGCG-1,Muscle 1
TCATACTCAATGGCCC-1,Stem C
TCATACTCATGGCCCA-1,Muscle 1
TCATACTTCAGCGGAA-1,Stem C
TCATACTTCCGTTTCG-1,Neuron 1
TCATACTTCGACACTA-1,Stem B
TCATACTTCGCAATTG-1,Stem D
TCATATCAGGCCTTGC-1,Stem A
TCATATCAGTTGTACC-1,Stem D
TCATATCGTTAAGGGC-1,Muscle 1
TCATATCGTTGCATAC-1,Muscle 1
TCATATCTCAGACTGT-1,Muscle 2
TCATATCTCGCTACAA-1,Stem F
TCATATCTCGTCTACC-1,Muscle 1
TCATCATCAGATCACT-1,Neuron 4
TCATCATGTAGCGTTT-1,Muscle 1
TCATCATGTTGTTGCA-1,Stem C
TCATCATTCAAGAAAC-1,Stem B
TCATCATTCCGGCAGT-1,Muscle 1
TCATCATTCCGTAGTA-1,Muscle 1
TCATCCGAGCTGTTAC-1,Stem D
TCATCCGCACACACGC-1,Stem A
TCATCCGCACACCGCA-1,Stem F
TCATCCGCACATGAAA-1,Stem F
TCATCCGGTGCATTTG-1,Muscle 1
TCATCCGTCTTCCAGC-1,Stem A
TCATGAGAGGCGAACT-1,Stem A
TCATGAGAGTAATCCC-1,Parenchyma 2
TCATGAGCACCTTCCA-1,Stem F
TCATGAGGTCGAGCAA-1,Muscle 1
TCATGAGTCACCTGGG-1,Neuron 1
TCATGAGTCATCTATC-1,Muscle 1
TCATGAGTCTCTGCTG-1,Muscle 1
TCATGCCAGACCAAGC-1,Muscle 1
TCATGCCAGCTACTGT-1,Muscle 1
TCATGCCCAAAGGCAC-1,Muscle 1
TCATGCCCACACACGC-1,Parenchyma 1
TCATGCCCACTTCCTG-1,Muscle 2
TCATGCCCAGAGAATT-1,Stem E
TCATGCCCAGCGTGCT-1,Stem C
TCATGCCGTAGCCAGA-1,Tegument
TCATGGAAGCCTATTG-1,Stem F
TCATGGACAGGGTCTC-1,Protonephridia
TCATGGAGTAGCACAG-1,Neuron 5
TCATGGAGTGACCGAA-1,Muscle 1
TCATGGAGTTAAGAAC-1,Neuron 4
TCATGGATCACGGAGA-1,Stem B
TCATGGATCCGTGACG-1,Stem F
TCATGTTAGAAACACT-1,Stem B
TCATGTTAGTGCTCAT-1,Stem C
TCATGTTCAAGACTGG-1,Stem B
TCATGTTGTGCCTGCA-1,Neuron 4
TCATGTTGTTCTCTCG-1,Neuron 1
TCATGTTTCCCTTCCC-1,Stem F
TCATTACCAGCCATTA-1,Muscle 1
TCATTACGTGCAGTGA-1,Neuron 1
TCATTACTCGCTGACG-1,Stem C
TCATTACTCGGTCAGC-1,Stem D
TCATTACTCTCGACCT-1,Stem F
TCATTCAAGCTAGTTC-1,Stem D
TCATTCACACGCGCAT-1,Muscle 1
TCATTCACACTTTAGG-1,Protonephridia
TCATTCAGTAACTGCT-1,Muscle 2
TCATTCAGTGGAGAAA-1,Stem D
TCATTCATCATGGCCG-1,Stem F
TCATTGTAGATGCTAA-1,Stem F
TCATTGTTCACCGCTT-1,Muscle 1
TCATTTGCACGTTCGG-1,Muscle 1
TCATTTGCAGACACCC-1,Neuron 4
TCATTTGTCATAGGCT-1,Parenchyma 2
TCATTTGTCTTCCCGA-1,Stem B
TCCACCAAGACAGCTG-1,Neuron 1
TCCACCACACGACGAA-1,Stem C
TCCACCACAGGGATAC-1,Muscle 1
TCCACCACATATACCG-1,Muscle 1
TCCACCAGTAAGTTGA-1,Stem D
TCCACCAGTATAGGAT-1,Tegument
TCCACCAGTCCAAGAG-1,Neuron 1
TCCACCAGTTGCAACT-1,Muscle 2
TCCACGTAGCTTGTGT-1,Parenchyma 1
TCCACGTAGTATCTGC-1,Neuron 5
TCCACGTCATCAACCA-1,Stem F
TCCACGTCATCTAACG-1,Neuron 1
TCCACGTCATGGAACG-1,Stem F
TCCACGTTCAAGCTTG-1,Parenchyma 2
TCCACGTTCACGACTA-1,Muscle 2
TCCACGTTCATCTATC-1,Stem C
TCCACGTTCGTGCGAC-1,Stem F
TCCAGAAAGGAAACGA-1,Neuron 4
TCCAGAAAGTCCGTCG-1,Stem C
TCCAGAACATGCCGCA-1,Muscle 2
TCCAGAAGTTTGACAC-1,Muscle 1
TCCAGAATCGATACTG-1,Parenchyma 2
TCCATCGAGCTTGTTG-1,Stem F
TCCATCGGTAACGATA-1,Neuron 2
TCCATCGGTATATGGA-1,Neuron 4
TCCATCGGTGATACAA-1,Stem D
TCCATCGGTGCAGTGA-1,Muscle 1
TCCATCGTCCATAGGT-1,Tegument
TCCATGCAGAGATGCC-1,Muscle 1
TCCATGCCATCCCGTT-1,Neuron 4
TCCATGCCATGTGCTA-1,Stem D
TCCATGCGTCTGCATA-1,Parenchyma 1
TCCATGCGTTGCAACT-1,Stem D
TCCATGCTCACCCTGT-1,Muscle 1
TCCATGCTCGCTCCTA-1,Stem A
TCCCACAAGGTTGGTG-1,Muscle 1
TCCCACAAGTCTACCA-1,Muscle 1
TCCCACAAGTGCACCC-1,Protonephridia
TCCCACAGTAGGGAGG-1,Neuron 1
TCCCACAGTCGTAATC-1,Stem C
TCCCACAGTTATAGCC-1,Parenchyma 1
TCCCACATCTGCCTGT-1,Parenchyma 2
TCCCAGTAGTGCACTT-1,Parenchyma 1
TCCCAGTCAACAGAGC-1,Tegument
TCCCAGTCACTAGGTT-1,Stem C
TCCCAGTGTTGACGGA-1,Muscle 1
TCCCAGTGTTGCATTG-1,Muscle 1
TCCCAGTTCGCAGAGA-1,Stem F
TCCCAGTTCTTTGGAG-1,Stem C
TCCCATGAGCGGGTAT-1,Stem E
TCCCATGCACTGTGTA-1,Muscle 1
TCCCATGCAGCGTTGC-1,Stem A
TCCCATGTCACCATAG-1,Neuron 4
TCCCATGTCTCGGGAC-1,Stem C
TCCGAAAAGAGTATAC-1,Muscle 1
TCCGAAAAGTCCGTCG-1,Muscle 1
TCCGAAACATAATGCC-1,Muscle 2
TCCGAAACATGCCGCA-1,Parenchyma 1
TCCGAAAGTATACGGG-1,Stem A
TCCGAAAGTCGAACGA-1,Stem F
TCCGAAAGTGGAGAAA-1,Neuron 1
TCCGAAATCCTACTGC-1,Neuron 2
TCCGATCAGACAGTCG-1,Muscle 1
TCCGATCAGGGTCTTT-1,Tegument
TCCGATCGTCGGTAAG-1,Parenchyma 2
TCCGATCTCAGACTGT-1,Muscle 2
TCCGATCTCTGAGTCA-1,Stem D
TCCGGGAAGAAACTAC-1,Neuron 5
TCCGGGAAGATTACCC-1,Stem A
TCCGGGACATAGGAGC-1,Stem B
TCCGGGAGTTCTTAGG-1,Neuron 2
TCCGGGATCACCTGTC-1,Stem E
TCCGGGATCGTTGTGA-1,Muscle 1
TCCGTGTGTAACAGGC-1,Stem D
TCCGTGTGTACAACGG-1,Stem B
TCCGTGTGTCGCATCG-1,Muscle 2
TCCGTGTTCGAAGAAT-1,Stem D
TCCTAATGTCAACACT-1,Parenchyma 1
TCCTAATGTGTGACCC-1,Muscle 2
TCCTAATTCCTCTCTT-1,Neuron 4
TCCTAATTCTTGATTC-1,Neuron 1
TCCTCCCAGAGAGGGC-1,Stem B
TCCTCCCAGATGAACT-1,Parenchyma 2
TCCTCCCAGGGCCAAT-1,Muscle 2
TCCTCCCCATGAGTAA-1,Stem A
TCCTCCCGTCAGTCTA-1,Neuron 1
TCCTCCCTCACCGACG-1,Tegument
TCCTCCCTCCACAAGT-1,Neuron 1
TCCTCCCTCGAACCAT-1,Stem F
TCCTCGAAGACTACCT-1,Muscle 1
TCCTCGAAGGTTACCT-1,Stem A
TCCTCGACAACCGACC-1,Neuron 1
TCCTCGACATCTATCT-1,Stem F
TCCTCGATCTCCCAAC-1,Stem E
TCCTCGATCTTGGAAC-1,Stem D
TCCTCTTAGAGGTCAC-1,Neuron 2
TCCTCTTCAACCAATC-1,Neuron 5
TCCTCTTCATCTTAGG-1,Muscle 2
TCCTCTTGTGTGATGG-1,Muscle 2
TCCTCTTTCAGTGCGC-1,Parenchyma 2
TCCTGCACATTGCAAC-1,Stem D
TCCTGCAGTCACAGTT-1,Muscle 1
TCCTGCATCACTACTT-1,Muscle 1
TCCTGCATCCTCTAAT-1,Neuron 1
TCCTGCATCGAACCTA-1,Muscle 2
TCCTTCTAGAAGAGCA-1,Stem D
TCCTTCTGTGTGTGGA-1,Parenchyma 2
TCCTTCTTCTTGAACG-1,Stem F
TCCTTTCCACCCTATC-1,Stem F
TCCTTTCGTACTTCCC-1,Parenchyma 2
TCCTTTCGTGACAACG-1,Stem C
TCGAACACAACTCGAT-1,Stem D
TCGAACACAAGGCCTC-1,Muscle 2
TCGAACACAATCGCCG-1,Neuron 4
TCGAACATCCCATGGG-1,Ciliary plate
TCGAACATCCTTGACC-1,Parenchyma 1
TCGAAGTCATCCTGTC-1,Muscle 2
TCGAAGTCATCGGAGA-1,Muscle 1
TCGAAGTTCAACGCTA-1,Parenchyma 2
TCGAAGTTCACGACTA-1,Muscle 1
TCGAAGTTCCGAACGC-1,Muscle 2
TCGACCTAGCTAGTTC-1,Stem B
TCGACCTAGGAGTCTG-1,Stem D
TCGACCTAGGTGGTTG-1,Neuron 2
TCGACCTCAATCGAAA-1,Stem C
TCGACCTCACCCTAGG-1,Stem F
TCGACCTCACTGGCGT-1,Muscle 1
TCGACCTCAGTTTCGA-1,Muscle 1
TCGACCTTCATGCATG-1,Stem F
TCGACGGAGGGCCCTT-1,Stem F
TCGACGGCAATGGCCC-1,Muscle 2
TCGACGGCACTTCATT-1,Neuron 4
TCGACGGCAGTGCGCT-1,Neuron 4
TCGACGGCATAACCCA-1,Stem C
TCGACGGGTCACTTCC-1,Protonephridia
TCGACGGTCTGGAGAG-1,Muscle 1
TCGATTTAGGTCCCGT-1,Neuron 4
TCGATTTCAAATGAAC-1,Protonephridia
TCGCACTAGCCACTCG-1,Protonephridia
TCGCACTCAAGACGGT-1,Tegument
TCGCACTTCTGAGGTT-1,Stem A
TCGCAGGAGACCAGCA-1,Parenchyma 1
TCGCAGGAGAGGGTAA-1,Protonephridia
TCGCAGGAGCAATAGT-1,Muscle 2
TCGCAGGAGCACAAAT-1,Parenchyma 1
TCGCAGGCAACGTTAC-1,Tegument
TCGCAGGCACTTTATC-1,Muscle 2
TCGCAGGGTATTTCCT-1,Stem B
TCGCAGGGTGAGAGGG-1,Stem D
TCGCAGGTCAGTGATC-1,Stem E
TCGCAGGTCCCAAGTA-1,Stem D
TCGCAGGTCCGTACGG-1,Muscle 2
TCGCAGGTCTTACGTT-1,Muscle 2
TCGCTCAAGCTCAGAG-1,Stem C
TCGCTCACAAACTGCT-1,Muscle 2
TCGCTCACACTATGTG-1,Stem B
TCGCTCACATGGTACT-1,Muscle 2
TCGCTCAGTACCGCGT-1,Stem A
TCGCTCATCACTGGTA-1,Neuron 1
TCGCTCATCAGACCTA-1,Muscle 1
TCGCTCATCGCCTTTG-1,Stem B
TCGCTCATCTGAACGT-1,Protonephridia
TCGCTTGCACAACGCC-1,Stem A
TCGCTTGCAGCGTTTA-1,Neuron 1
TCGCTTGGTAGGAGGG-1,Stem C
TCGCTTGGTATCGCAT-1,Neuron 3
TCGCTTGTCCAGTACA-1,Parenchyma 1
TCGGATAAGGGCCTCT-1,Neuron 1
TCGGATACACCCTGTT-1,Neuron 4
TCGGATAGTGAACCGA-1,Parenchyma 2
TCGGATAGTTACTCAG-1,Tegument
TCGGATATCAAGCTTG-1,Muscle 1
TCGGATATCGAGAATA-1,Parenchyma 2
TCGGATATCGTGGGAA-1,Stem E
TCGGGACAGACTGAGC-1,Ciliary plate
TCGGGACCAACAAGTA-1,Stem B
TCGGGACGTACCGGAA-1,Muscle 2
TCGGGACGTCGCGGTT-1,Neuron 4
TCGGGACGTGGTATGG-1,Stem A
TCGGGACTCATACAGC-1,Stem F
TCGGGACTCTATCGTT-1,Stem D
TCGGGCAAGGTAAACT-1,Stem E
TCGGGCACACTCCTTG-1,Muscle 2
TCGGGCAGTGAGTGAC-1,Muscle 2
TCGGGCAGTGTGGACA-1,Stem A
TCGGGCAGTTCCACAA-1,Muscle 1
TCGGGCATCCGTTTCG-1,Stem C
TCGGGCATCGAGCTGC-1,Stem C
TCGGGCATCGCCAGAC-1,Muscle 1
TCGGGTGAGTAATCCC-1,Tegument
TCGGGTGCAAGTGCTT-1,Stem D
TCGGGTGCATAGCACT-1,Muscle 1
TCGGGTGGTCATCGCG-1,Muscle 1
TCGGGTGTCACTGGGC-1,Stem C
TCGGGTGTCGTTCTCG-1,Parenchyma 2
TCGGGTGTCTTACGTT-1,Stem C
TCGGGTGTCTTCTTCC-1,Stem D
TCGGGTGTCTTGGAAC-1,Stem C
TCGGTCTAGCAACAGC-1,Stem E
TCGGTCTAGCAAGTCG-1,Stem B
TCGGTCTAGGACTAAT-1,Stem F
TCGGTCTTCATGGCCG-1,Stem F
TCGGTCTTCTGAGAGG-1,Muscle 1
TCGTAGAAGTTTCGAC-1,Muscle 1
TCGTAGACACCAATTG-1,Neuron 4
TCGTAGACATAAGCGG-1,Stem A
TCGTAGAGTGTTAACC-1,Stem F
TCGTCCAAGAGGATGA-1,Neuron 1
TCGTCCAAGGCGCTCT-1,Tegument
TCGTCCAAGGTCATCT-1,Muscle 1
TCGTCCACAACTCCAA-1,Stem C
TCGTCCACACAAGCTT-1,Stem A
TCGTCCACACCCTCTA-1,Stem F
TCGTGCTAGCAGATAT-1,Muscle 1
TCGTGCTCACAATCTG-1,Stem F
TCGTGCTCAGCATGCC-1,Stem F
TCGTGCTCATGGCTAT-1,Muscle 2
TCGTGCTGTTAACCTG-1,Stem A
TCGTGCTTCACTTCTA-1,Neuron 4
TCGTGGGAGCGTGAGT-1,Stem B
TCGTGGGGTAGTCTTG-1,Muscle 1
TCGTGGGGTGCGGCTT-1,Muscle 1
TCGTGGGTCCCTTCCC-1,Protonephridia
TCTAACTAGTATGTAG-1,Parenchyma 2
TCTAACTCATCGATCA-1,Stem C
TCTAACTGTGAGCAGT-1,Parenchyma 1
TCTAACTGTGGCAGAT-1,Neuron 4
TCTAACTTCCACGTGG-1,Parenchyma 1
TCTAACTTCCTCTAGC-1,Muscle 1
TCTAACTTCTTTGCGC-1,Stem F
TCTACATAGCATGCGA-1,Tegument
TCTACATAGCGTGCCT-1,Muscle 2
TCTACATCAATACGAA-1,Tegument
TCTACATGTCGGTGTC-1,Stem A
TCTACATGTGACTGTT-1,Stem E
TCTACATGTTCCGGTG-1,Muscle 1
TCTACATTCCGCTGTT-1,Parenchyma 1
TCTACATTCTGGGCGT-1,Protonephridia
TCTACCGAGATGGCAC-1,Stem F
TCTACCGAGCCTGTGC-1,Tegument
TCTACCGAGGTGCCTC-1,Muscle 2
TCTACCGAGTTGAAAC-1,Parenchyma 1
TCTACCGCACTAACCA-1,Neuron 4
TCTACCGGTAGCTGAG-1,Stem F
TCTACCGGTATTCCTT-1,Stem C
TCTACCGTCGTAATGC-1,Neuron 1
TCTATACAGGACAGTC-1,Stem D
TCTATACCAGCTTTGA-1,Neuron 5
TCTATACGTGACATCT-1,Stem D
TCTATACTCCTACCGT-1,Stem F
TCTATACTCGCAGTGC-1,Stem F
TCTATCAAGGAATTAC-1,Stem D
TCTATCAAGTCGTTAC-1,Stem A
TCTATCACACCAGCGT-1,Neuron 5
TCTATCAGTCGAGTGA-1,Stem A
TCTATCAGTCGCACAC-1,Muscle 2
TCTATCATCCGTACGG-1,Neuron 1
TCTATCATCGTACCTC-1,Parenchyma 1
TCTCACGCATGGACAG-1,Stem F
TCTCACGGTCGGTGTC-1,Stem B
TCTCACGGTCGTCATA-1,Stem F
TCTCACGTCTTCTGGC-1,Stem B
TCTCAGCAGAGGCGTT-1,Muscle 1
TCTCAGCAGCTTGTGT-1,Stem F
TCTCAGCAGGTACAAT-1,Parenchyma 1
TCTCAGCCATGAGAAT-1,Muscle 2
TCTCAGCGTCCGTACG-1,Stem B
TCTCAGCTCACTACTT-1,Stem A
TCTCCGAAGGGAGTTC-1,Stem A
TCTCCGACACGGTGTC-1,Parenchyma 1
TCTCCGAGTCTGCCTT-1,Stem B
TCTCCGATCCTCACGT-1,Stem B
TCTCCGATCGAAGTGG-1,Stem C
TCTCCGATCTGCACCT-1,Neuron 4
TCTCTGGAGAGTTGTA-1,Stem C
TCTCTGGAGCACCGTC-1,Stem A
TCTCTGGCAGCGACCT-1,Muscle 1
TCTCTGGCAGTGACCC-1,Muscle 1
TCTCTGGCATAGGTTC-1,Neuron 5
TCTCTGGCATGCTGCG-1,Stem F
TCTCTGGGTCCCGGTA-1,Parenchyma 2
TCTCTGGGTTCAACGT-1,Muscle 2
TCTGCCAAGACGATAT-1,Muscle 2
TCTGCCACAACTTGGT-1,Muscle 1
TCTGCCACAGCCGGTT-1,Protonephridia
TCTGCCAGTACAGAAT-1,Stem B
TCTGCCAGTACGCTTA-1,Muscle 1
TCTGCCATCATGCTAG-1,Stem C
TCTGCCATCCACAGCG-1,Stem F
TCTGCCATCCTTATGT-1,Stem F
TCTGCCATCGGCATTA-1,Neuron 1
TCTGCCATCTGGGAGA-1,Muscle 2
TCTGGCTCAAATCGTC-1,Neuron 4
TCTGGCTGTCCTTTGC-1,Stem A
TCTGTCGAGCATGGGT-1,Stem E
TCTGTCGAGCCGTTGC-1,Stem C
TCTGTCGCAGTCGCAC-1,Stem C
TCTGTCGCATGCAGCC-1,Muscle 2
TCTGTCGGTATACAGA-1,Muscle 1
TCTGTCGTCGCAATGT-1,Parenchyma 2
TCTGTCGTCGCTTGAA-1,Muscle 1
TCTGTCGTCTCTTGCG-1,Stem A
TCTGTCGTCTTGTGCC-1,Stem B
TCTTAGTAGCGTCGAA-1,Stem F
TCTTAGTAGTAGCAAT-1,Muscle 1
TCTTAGTCAAAGGCTG-1,Neuron 5
TCTTAGTCATCGTTCC-1,Muscle 2
TCTTAGTTCCGCAACG-1,Stem C
TCTTAGTTCCTCATAT-1,Stem C
TCTTAGTTCTACTTCA-1,Stem C
TCTTCCTAGGATCACG-1,Muscle 1
TCTTCCTAGGATTTAG-1,Neuron 1
TCTTCCTAGTGAGCCA-1,Parenchyma 2
TCTTCCTAGTGCGACA-1,Neuron 1
TCTTCCTCAGAGGAAA-1,Protonephridia
TCTTCCTCAGTATACC-1,Stem E
TCTTCCTGTGTGTACT-1,Stem B
TCTTCCTGTGTTGAGG-1,Stem D
TCTTCCTTCAAAGCCT-1,Neuron 4
TCTTCCTTCGCAATGT-1,Parenchyma 1
TCTTCCTTCGCGTGAC-1,Parenchyma 2
TCTTGCGGTGCCGAAA-1,Stem F
TCTTGCGTCAAGTAAG-1,Stem B
TCTTGCGTCATAGCAC-1,Muscle 1
TCTTGCGTCGACCCAG-1,Neuron 4
TCTTTGAAGCGACTTT-1,Muscle 1
TCTTTGAAGGCTAACG-1,Muscle 1
TCTTTGACACGTCGTG-1,Muscle 1
TCTTTGACAGCAGAAC-1,Stem D
TCTTTGACAGGCACTC-1,Stem F
TCTTTGACAGTTGAAA-1,Neuron 4
TCTTTGACATCACGGC-1,Stem A
TCTTTGAGTTGGGATG-1,Stem B
TCTTTGATCGGCATTA-1,Parenchyma 1
TGAACGTAGGGTCACA-1,Stem F
TGAACGTCAAGTCATC-1,Muscle 2
TGAACGTCAGGAGACT-1,Neuron 1
TGAACGTCATCCTTGC-1,Protonephridia
TGAACGTCATCGATGT-1,Parenchyma 2
TGAACGTGTCCCGCAA-1,Muscle 1
TGAACGTTCCATCAGA-1,Stem D
TGAACGTTCCCGAGAC-1,Muscle 2
TGAATCGAGATGTTGA-1,Stem A
TGAATCGAGCAGTAAT-1,Parenchyma 2
TGAATCGCATCAGCAT-1,Neuron 1
TGAATCGGTTGAGGAC-1,Muscle 1
TGAATCGGTTGGCTAT-1,Stem D
TGAATCGTCTCAGAAC-1,Stem D
TGAATGCAGCTTACGT-1,Stem F
TGAATGCAGTATAACG-1,Stem C
TGAATGCCAGAGAGGG-1,Muscle 1
TGAATGCGTGGCTGAA-1,Muscle 1
TGAATGCTCCCGAGGT-1,Stem C
TGACAGTAGAATAGTC-1,Stem C
TGACAGTCAAGTGGCA-1,Stem C
TGACAGTCATGACTCA-1,Parenchyma 2
TGACAGTTCCAACCGG-1,Muscle 2
TGACAGTTCTCGAACA-1,Neuron 4
TGACCCTAGGTGCATG-1,Stem A
TGACCCTCAATTCTCT-1,Protonephridia
TGACCCTCAGTGGGTA-1,Stem A
TGACCCTGTACAAACA-1,Neuron 4
TGACCCTGTAGAGGAA-1,Muscle 1
TGACCCTGTCCTCCAT-1,Muscle 1
TGACCCTGTGGATGAC-1,Neuron 1
TGACCCTGTTGCATAC-1,Parenchyma 1
TGACCCTTCACTGGGC-1,Muscle 2
TGACCCTTCATCGCCT-1,Stem C
TGACCCTTCCGTAGGC-1,Muscle 2
TGACGCGCAACTTCTT-1,Stem B
TGACGCGCAAGCACCC-1,Stem D
TGACGCGCATCCGATA-1,Stem F
TGACGCGCATCGAGCC-1,Stem E
TGACGCGCATTCACCC-1,Muscle 1
TGACGCGGTCTGTGGC-1,Stem D
TGACGCGGTGCGGTAA-1,Muscle 2
TGACGCGTCCGTGGCA-1,Muscle 2
TGACGCGTCTGTGCTC-1,Protonephridia
TGACTCCAGCCAAGTG-1,Muscle 1
TGACTCCCAGCGACCT-1,Neuron 2
TGACTCCCATGGGAAC-1,Parenchyma 2
TGACTCCGTACCCAGC-1,Parenchyma 1
TGACTCCGTTGGGCCT-1,Muscle 1
TGACTCCTCACACCCT-1,Stem F
TGAGACTAGATTGATG-1,Neuron 1
TGAGACTAGTTGTCAC-1,Parenchyma 2
TGAGCATAGAGAGGTA-1,Muscle 1
TGAGCATTCTGAGGCC-1,Stem F
TGAGCGCAGACGGTTG-1,Muscle 2
TGAGCGCAGTGGCGAT-1,Neuron 5
TGAGCGCAGTGTAGAT-1,Stem A
TGAGCGCCAAATAGCA-1,Stem D
TGAGCGCGTCACCGAC-1,Muscle 1
TGAGCGCGTGCGTCGT-1,Muscle 1
TGAGCGCTCAACCGAT-1,Stem E
TGAGCGCTCTTACTGT-1,Parenchyma 2
TGAGGAGAGGGAGGAC-1,Parenchyma 2
TGAGGAGCAACCTAAC-1,Muscle 1
TGAGGAGCAGTCCGTG-1,Stem E
TGAGGAGGTATATGGA-1,Muscle 1
TGAGGAGGTCACTTAG-1,Stem C
TGAGGAGTCACGAACT-1,Stem E
TGAGGAGTCTAGAACC-1,Neuron 1
TGAGGGAAGCCAAGGT-1,Neuron 4
TGAGGGACAAGCGGAT-1,Parenchyma 1
TGAGGGACAGGCCCTA-1,Muscle 1
TGAGGGACATAGATCC-1,Stem C
TGAGGGATCATCGTAG-1,Stem C
TGAGGTTAGGTTCCAT-1,Neuron 1
TGAGGTTCAGGAATAT-1,Stem E
TGAGGTTGTATAGGGC-1,Stem F
TGAGGTTGTCGTGATT-1,Stem D
TGAGGTTGTGCGTGCT-1,Muscle 1
TGAGGTTTCCCAGGCA-1,Muscle 2
TGAGGTTTCTAGCCTC-1,Stem F
TGAGTCAAGGACTAAT-1,Neuron 5
TGAGTCAAGGAGCAAA-1,Neuron 5
TGAGTCACAATAGTAG-1,Stem B
TGAGTCACACATTCTT-1,Parenchyma 2
TGAGTCACACTGGAAG-1,Stem D
TGAGTCAGTACAAACA-1,Neuron 2
TGAGTCAGTAGAATAC-1,Neuron 4
TGATCAGAGCAGCCTC-1,Muscle 2
TGATCAGCAACATACC-1,Stem D
TGATCAGCAATTGCTG-1,Muscle 1
TGATCAGGTACCGGCT-1,Stem B
TGATCAGGTACGAAAT-1,Stem B
TGATCAGGTCGCTCGA-1,Stem A
TGATCAGGTGAGGAAA-1,Tegument
TGATCAGGTTCGCGTG-1,Stem E
TGATCAGTCTTAATCC-1,Stem F
TGATCTTCAACACACT-1,Muscle 1
TGATCTTCAACGATCT-1,Stem A
TGATCTTGTGAGATAT-1,Stem F
TGATCTTTCTCTTCAA-1,Muscle 1
TGATGCAAGGACAACC-1,Stem F
TGATGCACAATAGAGT-1,Stem C
TGATGCACAGACAATA-1,Parenchyma 1
TGATGCACATGGGCAA-1,Neuron 1
TGATGCATCAAAGCCT-1,Muscle 1
TGATGCATCATTTCGT-1,Muscle 2
TGATGCATCCAAATGC-1,Stem F
TGATGCATCCAAGAGG-1,Stem C
TGATGGTAGCTCCACG-1,Stem F
TGATGGTCAGCGCGTT-1,Stem C
TGATGGTCATCCTGTC-1,Muscle 1
TGATGGTGTTAGGAGC-1,Stem A
TGATGGTGTTGGTAGG-1,Muscle 1
TGATGGTTCAGTCTTT-1,Stem A
TGATTCTAGACGAGCT-1,Muscle 1
TGATTCTAGCCTCGTG-1,Stem B
TGATTCTCAGTTCCAA-1,Muscle 1
TGATTCTGTGGCTACC-1,Stem D
TGATTCTGTGTCATCA-1,Parenchyma 1
TGATTCTTCCATTCGC-1,Muscle 2
TGATTCTTCTATACGG-1,Muscle 2
TGATTTCAGAGGCCAT-1,Stem E
TGATTTCAGGTTGGAC-1,Stem A
TGATTTCGTGTCCTAA-1,Stem D
TGATTTCTCTAGATCG-1,Stem B
TGCACGGCAAGGTACG-1,Stem C
TGCACGGCAATCCAGT-1,Stem F
TGCACGGCATCATTGG-1,Muscle 1
TGCAGATAGTTGGGAC-1,Muscle 1
TGCAGATCAATTGCAC-1,Stem B
TGCAGATCAGCACCCA-1,Stem F
TGCAGATGTATACCCA-1,Neuron 4
TGCAGATGTCACCGAC-1,Stem B
TGCAGATGTTCAAGGG-1,Stem D
TGCAGATTCTCCCATG-1,Muscle 2
TGCAGGCCAAATTAGG-1,Parenchyma 1
TGCAGGCGTACTAGCT-1,Muscle 1
TGCAGTAAGATCCCAT-1,Muscle 2
TGCAGTAAGGATTTAG-1,Neuron 4
TGCAGTAGTCGCCACA-1,Parenchyma 2
TGCAGTAGTTATTCCT-1,Muscle 1
TGCAGTATCAGACAAA-1,Parenchyma 2
TGCAGTATCATTCGTT-1,Muscle 1
TGCAGTATCTGAGCAT-1,Muscle 1
TGCATCCAGATCCTAC-1,Muscle 1
TGCATCCAGTAACCTC-1,Stem F
TGCATCCGTCACCTTC-1,Stem F
TGCATCCGTCCTGGGT-1,Stem E
TGCATCCGTTTCGATG-1,Stem F
TGCATGAAGCGTGTTT-1,Parenchyma 1
TGCATGACACCTTCGT-1,Protonephridia
TGCATGACATGCAGCC-1,Stem C
TGCATGAGTTCCTACC-1,Parenchyma 2
TGCATGAGTTCTCGCT-1,Muscle 1
TGCATGAGTTGACTAC-1,Tegument
TGCATGATCACGATAC-1,Muscle 1
TGCATGATCATTACGG-1,Neuron 1
TGCATGATCCTCGCAT-1,Stem F
TGCATGATCGGCATCG-1,Stem F
TGCATGATCTGAGATC-1,Stem A
TGCCGAGAGATGGGCT-1,Stem A
TGCCGAGCAAACTAAG-1,Parenchyma 2
TGCCGAGTCCACTAGA-1,Neuron 1
TGCCGAGTCGGAATTC-1,Neuron 2
TGCCGAGTCGGCATCG-1,Stem A
TGCGACGAGATTGCGG-1,Parenchyma 2
TGCGACGAGCACACAG-1,Muscle 1
TGCGACGAGCGATCGA-1,Protonephridia
TGCGACGGTACTCCGG-1,Stem D
TGCGACGGTGTGTCGC-1,Ciliary plate
TGCGACGTCTGGCCAG-1,Stem C
TGCGACGTCTTTCGAT-1,Neuron 1
TGCGATAAGTAATACG-1,Neuron 4
TGCGATAGTGACTAAA-1,Stem D
TGCGATATCAACCTTT-1,Stem E
TGCGATATCAATCCAG-1,Muscle 1
TGCGATATCCTAGCGG-1,Stem D
TGCGATATCTAGCCTC-1,Muscle 1
TGCGGCAAGACGGTCA-1,Stem C
TGCGGCAAGTGACACG-1,Stem A
TGCGGCACACAACATC-1,Stem C
TGCGGCACACTTGAGT-1,Parenchyma 2
TGCGGCACAGCAATTC-1,Protonephridia
TGCGGCAGTAGTAAGT-1,Muscle 1
TGCGGCAGTTCGGCCA-1,Muscle 2
TGCGGGTCACACGGAA-1,Neuron 4
TGCGGGTGTCCTTAAG-1,Stem D
TGCGGGTGTGGCAGAT-1,Muscle 2
TGCGGGTTCCAACACA-1,Stem E
TGCGGGTTCGAGCCAC-1,Muscle 1
TGCTCCAAGCGCCTTG-1,Muscle 2
TGCTCCAAGCGCTGCT-1,Parenchyma 2
TGCTCCACACCCAAGC-1,Stem B
TGCTCCACATGATAGA-1,Stem C
TGCTCCAGTATCGCAT-1,Neuron 5
TGCTCCAGTGGCTTGC-1,Neuron 4
TGCTCCATCTTCGGTC-1,Parenchyma 2
TGCTCGTAGACTTAAG-1,Tegument
TGCTCGTCAGCTGTAT-1,Stem C
TGCTCGTGTATCTTCT-1,Muscle 1
TGCTCGTGTGGTTTAC-1,Muscle 1
TGCTCGTGTTATGTCG-1,Stem C
TGCTCGTTCCATTCAT-1,Parenchyma 1
TGCTGAAAGATGAACT-1,Muscle 1
TGCTGAAAGCGTCGAA-1,Stem A
TGCTGAACAACGACAG-1,Stem A
TGCTGAACAATACCTG-1,Parenchyma 2
TGCTGAACACCGAATT-1,Tegument
TGCTGAAGTGAGATAT-1,Muscle 1
TGCTGAATCAAAGCCT-1,Ciliary plate
TGCTGAATCAACCGAT-1,Stem B
TGCTGAATCACGACTA-1,Neuron 5
TGCTGAATCTACTCAT-1,Muscle 2
TGCTGAATCTTCCTAA-1,Parenchyma 1
TGCTTCGCATGAATCC-1,Stem D
TGCTTCGGTCTTTCAT-1,Stem A
TGCTTCGGTTGTATGC-1,Neuron 4
TGCTTGCCAGCGTACC-1,Muscle 1
TGCTTGCGTCCAAATC-1,Muscle 1
TGCTTGCGTTTACCTT-1,Muscle 1
TGCTTGCTCATGCCGG-1,Stem F
TGGAACTAGGCTCCCA-1,Stem D
TGGAACTAGTAAAGCT-1,Muscle 1
TGGAACTCAAGTATAG-1,Parenchyma 2
TGGAACTCAGATTCGT-1,Muscle 1
TGGAACTCATTCCTAT-1,Protonephridia
TGGAACTGTCCGGACT-1,Neuron 2
TGGAACTGTCGACGCT-1,Stem D
TGGAACTTCCTCTAGC-1,Stem C
TGGAACTTCTCGTCGT-1,Stem F
TGGAGAGAGAGGACTC-1,Tegument
TGGAGAGCAAGCTACT-1,Muscle 2
TGGAGAGCAATCGTCA-1,Stem F
TGGAGAGCACTTGAAC-1,Stem B
TGGAGAGCATTCATCT-1,Stem F
TGGAGAGGTCTGCATA-1,Stem G
TGGAGGACAACACGAG-1,Muscle 1
TGGAGGACACGATAGG-1,Tegument
TGGAGGACACTGCTTC-1,Stem A
TGGAGGAGTCCACGCA-1,Stem F
TGGAGGAGTGTGAGCA-1,Stem C
TGGAGGAGTTTATGCG-1,Stem F
TGGAGGATCGGTCACG-1,Stem A
TGGATCAAGTGAGGCT-1,Muscle 1
TGGATCACAATAAGGT-1,Neuron 1
TGGATGTGTAGGGTAC-1,Protonephridia
TGGATGTTCACTCCGT-1,Neuron 1
TGGATGTTCGCACGGT-1,Parenchyma 1
TGGATGTTCGTGGACC-1,Neuron 4
TGGATGTTCTCAACGA-1,Stem F
TGGCGTGAGGAAGTGA-1,Muscle 1
TGGCGTGCAAAGACGC-1,Muscle 2
TGGCGTGCACGCGGTT-1,Muscle 2
TGGCGTGCATCCGTTC-1,Protonephridia
TGGCGTGCATTAAAGG-1,Protonephridia
TGGCGTGGTACCTGTA-1,Muscle 2
TGGCGTGGTCTTTCAT-1,Protonephridia
TGGCGTGGTGGCTTAT-1,Muscle 2
TGGGAAGCAACTGGTT-1,Muscle 2
TGGGAAGCACGCCAGT-1,Parenchyma 2
TGGGAAGCAGGAATCG-1,Stem A
TGGGAAGGTCGCATTA-1,Muscle 1
TGGGAGAAGGCAGCTA-1,Parenchyma 1
TGGGAGAAGTAAGGGA-1,Stem D
TGGGAGAAGTGCAAAT-1,Stem F
TGGGAGACACTTGACA-1,Muscle 2
TGGGAGAGTGTTAGCT-1,Stem A
TGGGATTAGACTTCAC-1,Muscle 1
TGGGATTCATCGGATT-1,Neuron 4
TGGGATTGTATGTCTG-1,Stem F
TGGGATTTCCGCAAAT-1,Neuron 1
TGGGATTTCGCACGAC-1,Protonephridia
TGGGATTTCTGCGAGC-1,Stem B
TGGGCGTAGCAAGTGC-1,Stem E
TGGGCGTAGGTCTGGA-1,Stem B
TGGGCGTCAAGCACCC-1,Stem D
TGGGCGTGTACATACC-1,Protonephridia
TGGGCGTGTCCAGTTA-1,Muscle 2
TGGGCGTTCATAGCAC-1,Stem D
TGGGCGTTCGGCTTGG-1,Stem C
TGGGCGTTCTAGACAC-1,Stem E
TGGGCTGAGTAAGCAT-1,Neuron 4
TGGGCTGCAAAGGGTC-1,Stem D
TGGGCTGCAACCGTAT-1,Muscle 1
TGGGCTGGTCACGACC-1,Stem A
TGGGCTGGTGTCCCTT-1,Parenchyma 1
TGGGCTGTCACAAGGG-1,Stem C
TGGGTTACACGCAGTC-1,Stem D
TGGGTTAGTAGCGTAG-1,Neuron 4
TGGGTTAGTGCATACT-1,Stem F
TGGTACAAGGGCAACT-1,Stem E
TGGTACAAGGTCCAGA-1,Neuron 1
TGGTACAAGTACTGTC-1,Stem C
TGGTACAAGTAGGAAG-1,Parenchyma 1
TGGTACACAAGGTCAG-1,Stem E
TGGTACACACCTTCCA-1,Stem F
TGGTACAGTACGTGAG-1,Parenchyma 1
TGGTACAGTATTAAGG-1,Muscle 1
TGGTACATCATCGTAG-1,Protonephridia
TGGTAGTAGCCTGGAA-1,Parenchyma 1
TGGTAGTAGCTCCCTT-1,Stem D
TGGTAGTAGTGCACAG-1,Stem E
TGGTAGTAGTTGAAGT-1,Muscle 1
TGGTAGTCAGGAAGTC-1,Muscle 1
TGGTAGTTCCTAAACG-1,Stem A
TGGTGATAGGAATCGC-1,Stem D
TGGTGATTCAGAGCAG-1,Muscle 1
TGGTTAGAGTGCTCAT-1,Stem D
TGGTTAGCAATCCTTT-1,Neuron 1
TGGTTAGTCAGATTGC-1,Muscle 1
TGGTTAGTCCTGATAG-1,Muscle 2
TGGTTAGTCTGGACTA-1,Protonephridia
TGGTTAGTCTTAGCCC-1,Stem B
TGTAACGAGATGTAGT-1,Stem E
TGTAACGAGGGATCAC-1,Muscle 2
TGTAACGAGTGGTTAA-1,Muscle 1
TGTAACGCACCGTCGA-1,Parenchyma 1
TGTAACGGTTATCTGG-1,Muscle 1
TGTAACGTCCTAAACG-1,Muscle 1
TGTAACGTCGAGCCAC-1,Protonephridia
TGTAACGTCTAATTCC-1,Neuron 1
TGTAAGCCATAGGCGA-1,Stem C
TGTAAGCTCAACGCTA-1,Protonephridia
TGTAAGCTCGTTACCC-1,Parenchyma 2
TGTACAGAGACTTCGT-1,Neuron 2
TGTACAGAGAGTCAAT-1,Stem E
TGTACAGAGTTGGCTT-1,Stem C
TGTACAGCAACTTGGT-1,Stem C
TGTACAGCACTAGGCC-1,Stem C
TGTACAGCAGTCGGAA-1,Stem B
TGTACAGCATAATGAG-1,Stem F
TGTACAGTCTAGGCAT-1,Protonephridia
TGTACAGTCTCGACGG-1,Stem A
TGTAGACAGACAACAT-1,Stem B
TGTAGACAGCCTGACC-1,Neuron 1
TGTAGACAGCTGGAGT-1,Neuron 1
TGTAGACCAAATTAGG-1,Stem C
TGTAGACGTCTAATCG-1,Muscle 1
TGTCAGACACGTCATA-1,Stem D
TGTCAGAGTCACAGAG-1,Stem A
TGTCAGAGTCACTGAT-1,Neuron 4
TGTCAGATCAAACCTG-1,Stem D
TGTCAGATCCAGGACC-1,Muscle 1
TGTCCACGTCAGTCGC-1,Stem A
TGTCCACGTGACAACG-1,Muscle 1
TGTCCACTCATCAGTG-1,Muscle 1
TGTCCACTCTCATGCC-1,Stem C
TGTCCCAAGCCGAACA-1,Neuron 1
TGTCCCAAGGACGCAT-1,Neuron 5
TGTCCCAAGTCGAGGT-1,Protonephridia
TGTCCCACATAACAGA-1,Parenchyma 1
TGTCCCAGTCGTATGT-1,Neuron 2
TGTCCCAGTGTCTTAG-1,Neuron 1
TGTCCCAGTTATGTGC-1,Neuron 2
TGTCCCATCACTCTTA-1,Parenchyma 1
TGTCCTGAGCCTTGAT-1,Parenchyma 1
TGTCCTGCAGTGGTGA-1,Stem D
TGTCCTGCATGCCGGT-1,Muscle 1
TGTGAGTAGAGACAAG-1,Stem E
TGTGAGTCAAGCGCAA-1,Tegument
TGTGAGTCATCTCGTC-1,Neuron 2
TGTGAGTTCAAGCGTT-1,Muscle 1
TGTGAGTTCCATTTAC-1,Neuron 1
TGTGAGTTCTCTGAGA-1,Stem F
TGTGATGCAGAGTTCT-1,Stem C
TGTGATGCAGGACAGT-1,Muscle 1
TGTGATGCATATGAAG-1,Muscle 1
TGTGATGGTAGACAAT-1,Neuron 4
TGTGCGGAGATTAGCA-1,Parenchyma 2
TGTGCGGAGCGGGTAT-1,Muscle 1
TGTGCGGAGGAGTCTG-1,Neuron 4
TGTGCGGAGGGCAGTT-1,Tegument
TGTGCGGAGGGCCCTT-1,Muscle 1
TGTGCGGCAATGGCCC-1,Stem C
TGTGCGGGTGAACCGA-1,Neuron 5
TGTGCGGGTGAGCTCC-1,Stem C
TGTGCGGTCAGGAAGC-1,Muscle 2
TGTGCGGTCAGTCACA-1,Stem F
TGTGCGGTCGCGTGAC-1,Neuron 2
TGTGGCGCAGGCGTTC-1,Stem C
TGTGGCGCAGTGGGTA-1,Stem E
TGTGGCGCATTGAAAG-1,Stem F
TGTGGCGGTCGCACAC-1,Stem D
TGTGGCGGTCGTGGTC-1,Stem F
TGTGGCGTCAACGCTA-1,Neuron 1
TGTGGCGTCATGGATC-1,Muscle 1
TGTGGCGTCCGTACGG-1,Tegument
TGTGTGAAGAATTCAG-1,Stem E
TGTGTGAAGGTCACTT-1,Neuron 1
TGTGTGAAGGTGATAT-1,Muscle 1
TGTGTGAAGTGCACAG-1,Stem F
TGTGTGACAAGCGAAC-1,Muscle 1
TGTGTGACACATAACC-1,Neuron 2
TGTGTGACAGAGTGTG-1,Neuron 4
TGTGTGACAGTAGTTC-1,Stem D
TGTGTGAGTCCTCCTA-1,Muscle 1
TGTGTGAGTCGAGTGA-1,Protonephridia
TGTGTGAGTGGTCAAG-1,Muscle 1
TGTTACTAGGACTAAT-1,Muscle 1
TGTTACTCAACACACT-1,Protonephridia
TGTTACTCAAGATGTA-1,Stem F
TGTTACTCAGCATCTA-1,Muscle 2
TGTTACTGTAAGATTG-1,Stem C
TGTTACTTCTTCGGAA-1,Muscle 2
TGTTCATGTACCTATG-1,Stem B
TGTTCATTCGCGTCGA-1,Stem A
TGTTCATTCGTTTACT-1,Stem F
TGTTCCGCAGAAACCG-1,Muscle 1
TGTTCCGGTACTGACT-1,Stem B
TGTTCCGGTATCATGC-1,Neuron 1
TGTTCCGTCATGCCCT-1,Stem F
TGTTCTACAAATAAGC-1,Stem E
TGTTCTACAGAACTTC-1,Muscle 1
TGTTCTAGTAACCCTA-1,Stem D
TGTTCTAGTCATAAAG-1,Stem D
TGTTCTAGTTAACAGA-1,Muscle 1
TGTTCTATCCTAGCCT-1,Muscle 2
TGTTCTATCTCATTAC-1,Muscle 1
TGTTCTATCTGTGTGA-1,Muscle 1
TGTTCTATCTTGCAAG-1,Protonephridia
TGTTGAGAGAAGCGCT-1,Stem E
TGTTGAGAGCATACTC-1,Neuron 5
TGTTGAGCAAACTAGA-1,Stem F
TGTTGAGCAGGCTATT-1,Stem F
TGTTGAGGTGCTCCGA-1,Stem D
TGTTGAGTCCCAATAG-1,Parenchyma 1
TGTTGAGTCGTCGATA-1,Stem A
TGTTGGAAGCCTCATA-1,Muscle 2
TGTTGGAAGTAGTCTC-1,Parenchyma 2
TGTTGGACAAATTGCC-1,Muscle 1
TGTTGGACAACCCGCA-1,Stem A
TGTTGGACAAGGTTGG-1,Parenchyma 1
TGTTGGACAGAAATCA-1,Neuron 1
TGTTGGAGTACTCGTA-1,Stem C
TGTTGGAGTTATCTGG-1,Neuron 1
TGTTGGATCCACTTTA-1,Neuron 2
TGTTGGATCGCGATCG-1,Stem A
TGTTGGATCTTAGCAG-1,Neuron 4
TGTTTGTAGGCTAAAT-1,Neuron 4
TGTTTGTCACATGGTT-1,Protonephridia
TGTTTGTCATAAGATG-1,Stem F
TGTTTGTGTACGACTT-1,Parenchyma 2
TTAATCCAGATGTAGT-1,Muscle 1
TTAATCCAGATTGGGC-1,Parenchyma 2
TTAATCCAGTATAGGT-1,Muscle 1
TTAATCCCATCGGATT-1,Neuron 4
TTAATCCGTCGTTGCG-1,Stem D
TTAATCCTCAGACTGT-1,Stem F
TTAATCCTCGGACTGC-1,Neuron 4
TTAATCCTCTAGACCA-1,Stem D
TTACAGGAGTTGTAAG-1,Muscle 2
TTACAGGGTCACTCAA-1,Muscle 1
TTACAGGGTCGTCAGC-1,Stem C
TTACAGGGTCTCGACG-1,Stem A
TTACAGGGTTCCGCAG-1,Stem F
TTACAGGTCCGAACGC-1,Parenchyma 2
TTACAGGTCGAAGCCC-1,Stem A
TTACAGGTCTTAGGAC-1,Stem C
TTACCATAGTCAAGCG-1,Muscle 1
TTACCATCACACGTGC-1,Muscle 2
TTACCATGTCCCACGA-1,Stem C
TTACCATTCCACGGGT-1,Neuron 1
TTACCATTCGCGTCGA-1,Stem A
TTACCGCAGGGATCTG-1,Protonephridia
TTACCGCCACATAACC-1,Stem F
TTACCGCGTAGTTCCA-1,Stem B
TTACCGCGTCTGATAC-1,Stem D
TTACCGCTCGAACCAT-1,Stem C
TTACGCCCATGAGATA-1,Muscle 2
TTACGCCGTACGGTTT-1,Parenchyma 2
TTACGCCGTGTCGATT-1,Stem C
TTACGTTCACTAACGT-1,Neuron 4
TTACGTTGTTATAGCC-1,Muscle 2
TTACGTTTCAACGAGG-1,Neuron 4
TTACTGTAGCATGCAG-1,Stem A
TTACTGTAGGAGATAG-1,Neuron 1
TTACTGTCAGGTTCCG-1,Parenchyma 2
TTACTGTGTTATTCCT-1,Parenchyma 2
TTACTGTTCGCCACTT-1,Stem F
TTAGGCAAGTGATCGG-1,Stem E
TTAGGCACAAACTCGT-1,Tegument
TTAGGCACAATTTCTC-1,Stem D
TTAGGCAGTCGCCTAG-1,Stem C
TTAGGCAGTGTTCAGT-1,Stem F
TTAGGCATCTCAACGA-1,Stem F
TTAGGGTAGCGTTACT-1,Parenchyma 1
TTAGGGTCAAAGGCAC-1,Neuron 5
TTAGGGTCAGCGCGTT-1,Stem F
TTAGGGTGTACCGCGT-1,Protonephridia
TTAGGGTGTATCTCGA-1,Neuron 5
TTAGGGTTCAAGCCGC-1,Muscle 2
TTAGGGTTCTGTCCGT-1,Stem C
TTAGTCTCAGACCAGA-1,Muscle 2
TTAGTCTGTCGTACAT-1,Parenchyma 1
TTAGTCTTCGTAGGGA-1,Protonephridia
TTATTGCAGACGGATC-1,Stem F
TTATTGCAGATGGCAC-1,Neuron 5
TTATTGCCAACTCCCT-1,Stem D
TTATTGCCAAGAGATT-1,Parenchyma 1
TTATTGCCATGATAGA-1,Neuron 1
TTATTGCGTATGAAAC-1,Stem A
TTATTGCGTGCAATAA-1,Muscle 2
TTATTGCGTTCCGGTG-1,Stem B
TTCAATCAGGGTACAC-1,Stem A
TTCAATCAGTCTGGAG-1,Muscle 1
TTCAATCCACGTAGAG-1,Stem C
TTCAATCCAGCAGTTT-1,Muscle 1
TTCAATCGTGGGTCAA-1,Stem F
TTCAATCTCACTCTTA-1,Parenchyma 1
TTCAATCTCCGTTGGG-1,Stem A
TTCAATCTCTTACTGT-1,Stem F
TTCACCGAGGTCTGGA-1,Muscle 2
TTCACCGAGTTCAACC-1,Neuron 2
TTCACGCAGCCAAGCA-1,Stem F
TTCACGCAGTGGTTGG-1,Muscle 2
TTCACGCGTCCTCATC-1,Stem C
TTCACGCGTGAGATTA-1,Muscle 2
TTCAGGAAGGATACAT-1,Muscle 1
TTCAGGACAGGCGATA-1,Stem A
TTCAGGAGTAATTGGA-1,Muscle 1
TTCAGGAGTGATTCAC-1,Stem E
TTCATGTCAATACAGA-1,Parenchyma 1
TTCATGTCATCACCAA-1,Neuron 4
TTCATGTTCACTGTCC-1,Neuron 4
TTCATGTTCCATTTCA-1,Stem F
TTCATGTTCGACCCAG-1,Stem A
TTCATTGAGTCACACT-1,Muscle 1
TTCATTGTCCTTGGAA-1,Stem A
TTCATTGTCTAAACGC-1,Stem C
TTCCAATAGGATACAT-1,Neuron 4
TTCCAATCAGCCTACG-1,Ciliary plate
TTCCAATGTATCGATC-1,Neuron 1
TTCCAATGTTTAGAGA-1,Neuron 1
TTCCAATTCCGATAGT-1,Neuron 4
TTCCAATTCCTACCGT-1,Muscle 1
TTCCACGAGTCCCGGT-1,Neuron 1
TTCCACGGTCCGTACG-1,Muscle 1
TTCCACGTCCCAGGCA-1,Muscle 2
TTCCACGTCTTGATTC-1,Muscle 1
TTCCGGTAGAGGATCC-1,Ciliary plate
TTCCGGTAGATTCGCT-1,Stem B
TTCCGGTCAGCGACAA-1,Stem B
TTCCGGTGTAGCTTTG-1,Muscle 1
TTCCGGTGTATCTCTT-1,Muscle 1
TTCCGGTGTATGGAAT-1,Parenchyma 1
TTCCGGTGTGAGAACC-1,Parenchyma 2
TTCCGGTTCCTACAAG-1,Stem B
TTCCGGTTCCTTCTAA-1,Stem F
TTCCGTGCAAACTAGA-1,Parenchyma 2
TTCCGTGCAAATGGTA-1,Stem C
TTCCGTGGTCCGAAGA-1,Tegument
TTCCGTGTCGTCAACA-1,Muscle 1
TTCCGTGTCTACTGAG-1,Parenchyma 1
TTCCGTGTCTGTTCAT-1,Stem E
TTCCTAAAGTAGCAAT-1,Muscle 1
TTCCTAACACAGCCAC-1,Stem C
TTCCTAACACAGCTTA-1,Protonephridia
TTCCTAAGTACCTAAC-1,Muscle 2
TTCCTAAGTATCCCTC-1,Stem F
TTCCTAATCATCCTGC-1,Muscle 1
TTCCTAATCCTTCGAC-1,Stem B
TTCCTCTAGTGGATTA-1,Muscle 1
TTCCTCTCATACGCAT-1,Protonephridia
TTCCTCTTCTATTCGT-1,Stem F
TTCCTCTTCTTCACGC-1,Stem F
TTCCTTCAGAGCCGAT-1,Stem F
TTCCTTCAGTATGGCG-1,Neuron 4
TTCCTTCTCCCATACC-1,Parenchyma 1
TTCCTTCTCCTTCTAA-1,Stem F
TTCGATTAGAAGCCAC-1,Tegument
TTCGATTAGGAAGAAC-1,Neuron 4
TTCGATTGTTGCATAC-1,Neuron 1
TTCGATTTCACGATCA-1,Muscle 1
TTCGATTTCTGAACGT-1,Stem C
TTCGCTGCACCCAACG-1,Tegument
TTCGCTGCACTAACCA-1,Stem D
TTCGCTGGTGTTGACT-1,Stem A
TTCGCTGTCAGTCACA-1,Stem F
TTCGCTGTCCAAAGGG-1,Stem C
TTCGCTGTCCATCCGT-1,Parenchyma 1
TTCGCTGTCTGTCGTC-1,Stem C
TTCGGTCAGACCAAGC-1,Muscle 1
TTCGGTCCATCCGATA-1,Neuron 4
TTCGGTCGTTACGGAG-1,Stem F
TTCGGTCTCGACGAGA-1,Stem F
TTCGGTCTCGCAAGAG-1,Muscle 1
TTCTAACAGCATACTC-1,Stem A
TTCTAACAGCCTGTGC-1,Parenchyma 1
TTCTAACAGCCTTCTC-1,Muscle 2
TTCTAACCAGTAACCT-1,Stem F
TTCTAACCAGTCGTTA-1,Tegument
TTCTAACGTAATGCGG-1,Neuron 4
TTCTAACGTCTTGCTC-1,Stem C
TTCTAACGTGTCCGTG-1,Muscle 2
TTCTAACGTTGTGCAT-1,Tegument
TTCTAACTCAGGAACG-1,Stem F
TTCTAACTCGCACGGT-1,Muscle 2
TTCTAGTCAACAAGAT-1,Neuron 2
TTCTAGTCATTCATCT-1,Stem C
TTCTAGTCATTCGGGC-1,Parenchyma 1
TTCTAGTGTATGGTTC-1,Ciliary plate
TTCTAGTGTCGCTCGA-1,Stem F
TTCTAGTGTCTGATCA-1,Stem A
TTCTAGTTCACCGCTT-1,Neuron 4
TTCTAGTTCATAGAGA-1,Muscle 2
TTCTAGTTCGCTACGG-1,Muscle 2
TTCTCTCAGCTGACAG-1,Stem A
TTCTCTCAGGCTCCCA-1,Stem C
TTCTCTCCAGCTCTGG-1,Neuron 1
TTCTCTCGTTTCGTGA-1,Stem C
TTCTCTCTCTGCGGCA-1,Muscle 2
TTCTGTAAGTAGCCAG-1,Stem D
TTCTGTATCCGACATA-1,Neuron 1
TTCTTCCAGATCGGTG-1,Stem F
TTCTTCCGTTACCCAA-1,Neuron 4
TTCTTCCGTTGCTAGT-1,Stem A
TTCTTCCTCACCCTCA-1,Stem A
TTCTTCCTCCATCAGA-1,Neuron 5
TTCTTCCTCCTTATGT-1,Muscle 1
TTCTTGAAGTTACTCG-1,Neuron 1
TTCTTGACAACCGCCA-1,Neuron 1
TTCTTGATCATACGAC-1,Neuron 1
TTGAACGAGCGCGTTC-1,Parenchyma 1
TTGAACGAGGTGCTTT-1,Neuron 4
TTGAACGCAAACGAGC-1,Parenchyma 2
TTGAACGCAGAGATTA-1,Stem B
TTGACCCAGATTCGCT-1,Muscle 1
TTGACCCAGGGCAAGG-1,Stem F
TTGACCCCAGCACCCA-1,Parenchyma 2
TTGACCCCAGCGTGAA-1,Muscle 1
TTGACCCGTCCACTCT-1,Neuron 5
TTGACCCTCCCATTCG-1,Stem A
TTGACCCTCCTCTTTC-1,Parenchyma 1
TTGAGTGCAGTTTGGT-1,Muscle 1
TTGAGTGTCCAGCACG-1,Parenchyma 1
TTGAGTGTCGACCTAA-1,Parenchyma 2
TTGATGGAGACGCCAA-1,Muscle 2
TTGATGGAGAGCCATG-1,Neuron 1
TTGATGGAGCTCTATG-1,Stem F
TTGATGGAGGGATCTG-1,Stem F
TTGATGGAGTCGAATA-1,Muscle 2
TTGATGGGTTCGTTCC-1,Muscle 1
TTGCATTAGCATCTTG-1,Stem A
TTGCATTAGGCTCAAG-1,Stem F
TTGCATTAGGTGCCTC-1,Stem C
TTGCATTCATGATCTG-1,Stem C
TTGCATTTCTCTATAC-1,Parenchyma 1
TTGCCTGAGTCATCGT-1,Stem A
TTGCCTGCAAATTGGA-1,Stem F
TTGCCTGCAATGGCCC-1,Stem B
TTGCCTGTCACTTGGA-1,Stem A
TTGCCTGTCGGCATAT-1,Stem C
TTGCGTCCAGCTGGTC-1,Neuron 1
TTGCGTCTCTCCGCAT-1,Neuron 4
TTGCTGCCACTGCGAC-1,Stem B
TTGCTGCGTCGATTAC-1,Stem B
TTGCTGCTCCGAAGGA-1,Stem E
TTGCTGCTCTAGTACG-1,Stem F
TTGCTGCTCTAGTTCT-1,Stem F
TTGCTGCTCTCATTGT-1,Parenchyma 1
TTGGATGAGATCCAAA-1,Stem D
TTGGATGAGGTAACTA-1,Muscle 1
TTGGATGCAATCGCCG-1,Stem C
TTGGATGCAGGCCCTA-1,Stem D
TTGGATGGTCCTACAA-1,Stem C
TTGGATGGTCCTTTGC-1,Muscle 1
TTGGATGGTCGCTCGA-1,Stem A
TTGGATGGTGATTCAC-1,Stem B
TTGGGATCAGGGACTA-1,Stem F
TTGGGATGTCCTCAGG-1,Stem C
TTGGGCGCAAGTATAG-1,Stem C
TTGGGCGCACAGTCCG-1,Stem F
TTGGGCGGTACCCGCA-1,Stem F
TTGGGCGGTGGAGAAA-1,Stem F
TTGGGTACAAGCCCAC-1,Parenchyma 2
TTGGGTACAGTCGCAC-1,Protonephridia
TTGGGTAGTAAGCGGT-1,Stem C
TTGGGTATCAGGTAAA-1,Parenchyma 1
TTGGTTTAGTGGAATT-1,Muscle 1
TTGGTTTTCTCTATGT-1,Muscle 1
TTGGTTTTCTGCGGCA-1,Stem D
TTGTGGAAGGTAGCAC-1,Muscle 1
TTGTGGAAGTGTACAA-1,Stem A
TTGTGGACACTTGAAC-1,Stem E
TTGTGGACAGGATCTT-1,Stem F
TTGTGGACATGAATCC-1,Stem F
TTGTGGAGTCGAGCAA-1,Muscle 2
TTGTGGAGTGCACATT-1,Parenchyma 1
TTGTGGATCACGGAGA-1,Muscle 1
TTGTGGATCGATACTG-1,Parenchyma 2
TTGTGTTAGAAGCGCT-1,Stem C
TTGTGTTAGCTTTGTG-1,Stem F
TTGTGTTAGGCGAAGG-1,Neuron 2
TTGTGTTGTTCTCAGA-1,Stem B
TTGTGTTTCTGCGTCT-1,Muscle 1
TTGTTCAAGAATACAC-1,Muscle 1
TTGTTCACAATCCAGT-1,Neuron 4
TTGTTCACATTCGATG-1,Muscle 2
TTGTTCAGTGTGTCCG-1,Stem A
TTGTTCATCCATACAG-1,Neuron 1
TTGTTCATCTATTTCG-1,Parenchyma 1
TTGTTGTAGCCATGCC-1,Muscle 1
TTGTTGTAGTCCCGGT-1,Stem A
TTGTTGTCACTGGACC-1,Neuron 4
TTGTTGTCAGCATTGT-1,Muscle 1
TTGTTGTGTCACTAGT-1,Stem F
TTGTTGTTCGACCAAT-1,Stem C
TTGTTTGAGGAGAGTA-1,Muscle 2
TTGTTTGAGGAGTATT-1,Neuron 1
TTGTTTGCATACAGAA-1,Neuron 5
TTGTTTGGTAGAGACC-1,Stem B
TTTACCAAGATTGATG-1,Parenchyma 1
TTTACCAAGCACTAGG-1,Stem A
TTTACCACACGAGGAT-1,Muscle 2
TTTACCACAGCAAGAC-1,Parenchyma 1
TTTACCAGTTCAGCGC-1,Muscle 1
TTTACCATCGTGCATA-1,Stem C
TTTACGTCACACTGGC-1,Stem F
TTTACTGAGTGTTGTC-1,Stem F
TTTACTGCAGTATTCG-1,Neuron 4
TTTACTGCATCAGTCA-1,Parenchyma 1
TTTACTGGTTCTCTAT-1,Stem F
TTTACTGTCAGCACCG-1,Stem F
TTTAGTCCAGTCGTTA-1,Stem B
TTTAGTCCATCCTCAC-1,Stem F
TTTAGTCTCGGAGCAA-1,Parenchyma 1
TTTAGTCTCGGTCGAC-1,Stem B
TTTATGCAGGGCATGT-1,Muscle 2
TTTATGCAGTAACCGG-1,Stem A
TTTATGCAGTATGATG-1,Stem G
TTTATGCAGTGATCGG-1,Stem B
TTTATGCCAAACGAGC-1,Neuron 1
TTTATGCCAAGCGCAA-1,Neuron 4
TTTATGCGTACCAGAG-1,Neuron 1
TTTATGCGTGATTCAC-1,Stem F
TTTATGCGTGCATGAG-1,Stem E
TTTATGCTCAGAGTTC-1,Stem A
TTTCACAAGGCATTTC-1,Muscle 2
TTTCACAAGTGGCGAT-1,Muscle 1
TTTCACACACTACGGC-1,Muscle 2
TTTCACACACTCTGCT-1,Neuron 4
TTTCACACACTGCGTG-1,Neuron 4
TTTCACAGTCACTAGT-1,Muscle 1
TTTCACAGTTAGGGAC-1,Protonephridia
TTTCACATCGCTGACG-1,Stem D
TTTCACATCTGCTTTA-1,Neuron 4
TTTCAGTAGCACCCAC-1,Muscle 2
TTTCAGTCACCAGGTC-1,Muscle 1
TTTCAGTGTCACTTCC-1,Muscle 1
TTTCAGTGTCTGTCCT-1,Parenchyma 1
TTTCAGTGTGGTCTGC-1,Stem A
TTTCATGAGACCAAGC-1,Parenchyma 2
TTTCATGAGACTCATC-1,Muscle 2
TTTCATGAGGGACTGT-1,Protonephridia
TTTCATGAGGTCCTGC-1,Stem F
TTTCATGCAATTCTTC-1,Tegument
TTTCATGCAGCTGAGA-1,Ciliary plate
TTTCATGGTGTTGAGG-1,Muscle 2
TTTCCTCAGTACCGGA-1,Stem E
TTTCCTCCAAAGGAGA-1,Muscle 1
TTTCCTCGTCACTGAT-1,Parenchyma 2
TTTCCTCTCCCACAGG-1,Stem F
TTTCCTCTCGCAGTCG-1,Neuron 1
TTTCCTCTCTAGCCTC-1,Muscle 1
TTTCGATAGGCCTGCT-1,Stem F
TTTCGATAGTTAACGA-1,Stem F
TTTCGATCACATTGTG-1,Neuron 1
TTTCGATGTCGAATTC-1,Stem F
TTTCGATGTTAGGCTT-1,Stem C
TTTCGATTCGTCTCAC-1,Muscle 1
TTTCGATTCGTGACTA-1,Muscle 1
TTTCGATTCTCGTCGT-1,Stem D
TTTGACTAGGACAGTC-1,Parenchyma 2
TTTGACTCAACAGAGC-1,Neuron 1
TTTGACTCATGAGATA-1,Muscle 1
TTTGACTGTAGAAACT-1,Muscle 2
TTTGACTGTCATTCCC-1,Stem F
TTTGACTGTTCTCCAC-1,Protonephridia
TTTGACTGTTGGACTT-1,Parenchyma 2
TTTGACTTCACCATAG-1,Stem F
TTTGACTTCGTTCTCG-1,Stem F
TTTGATCCAATTGCAC-1,Muscle 1
TTTGATCTCCCTCTCC-1,Neuron 4
TTTGGAGAGGCTTCCG-1,Stem A
TTTGGAGAGTGCAAAT-1,Neuron 4
TTTGGAGGTACAGTCT-1,Stem F
TTTGGAGGTGCCGGTT-1,Stem F
TTTGGAGTCATTCACT-1,Muscle 2
TTTGGTTAGCACTCTA-1,Stem E
TTTGGTTCAACCACAT-1,Stem F
TTTGGTTGTACGGATG-1,Neuron 1
TTTGGTTGTCCAACGC-1,Stem F
TTTGGTTGTGTTATCG-1,Stem D
TTTGGTTTCACCATGA-1,Neuron 4
TTTGGTTTCAGTCAGT-1,Stem C
TTTGTTGAGACCTCAT-1,Muscle 1
TTTGTTGAGAGAGTTT-1,Parenchyma 2
TTTGTTGAGAGGTTAT-1,Stem F
TTTGTTGAGAGTTGTA-1,Neuron 2
TTTGTTGAGTGACACG-1,Stem E
TTTGTTGCACCAGACC-1,Stem C
TTTGTTGCATCTAGAC-1,Muscle 1
TTTGTTGGTAGATTGA-1,Parenchyma 1
TTTGTTGTCTGCCTCA-1,Neuron 4
